Title,Year,Type,Significance,Description,Supporting_Text
"Founding of Friends of the Earth (FoE)",1969,"Organization",{'primary_category': 'fostering_collective_action', 'justification': 'Founding a campaign group creates organisational capacity for environmental action.', 'supporting_text': 'In just three years between 1969 and 1972, the campaign groups Friends of the Earth (FoE)... were founded'},"Friends of the Earth was founded as part of a wave of environmental campaign groups between 1969 and 1972.","In just three years between 1969 and 1972, the campaign groups Friends of the Earth (FoE), Greenpeace and the Natural Resources Defense Council (NRDC) were founded"
"Founding of Greenpeace",1971,"Organization",{'primary_category': 'fostering_collective_action', 'justification': 'The new group enabled coordinated global activism.', 'supporting_text': 'In just three years between 1969 and 1972, the campaign groups ... Greenpeace ... were founded'},"Greenpeace was founded as part of a wave of environmental campaign groups between 1969 and 1972.","In just three years between 1969 and 1972, the campaign groups Friends of the Earth (FoE), Greenpeace and the Natural Resources Defense Council (NRDC) were founded"
"Founding of Natural Resources Defense Council (NRDC)",1970,"Organization",{'primary_category': 'fostering_collective_action', 'justification': 'Establishing NRDC added legal and scientific expertise to the movement.', 'supporting_text': 'In just three years between 1969 and 1972, the campaign groups ... Natural Resources Defense Council (NRDC) were founded'},"The Natural Resources Defense Council (NRDC) was founded as part of a wave of environmental campaign groups between 1969 and 1972.","In just three years between 1969 and 1972, the campaign groups Friends of the Earth (FoE), Greenpeace and the Natural Resources Defense Council (NRDC) were founded"
"First Earth Day",1970,"Movement",{'primary_category': 'impacting_salience_and_social_acceptance', 'justification': 'Earth Day highlighted environmental concern, raising its visibility in public debate.', 'supporting_text': 'In the USA, public concern for the environment first peaked around the first Earth Day in 1970.'},"Communities across the United States participated in the first Earth Day, marking a major public environmental mobilization. S. The inaugural Earth Day marked a peak in U. US Senator Gaylord Nelson pr...","In just three years between 1969 and 1972, the campaign groups Friends of the Earth (FoE), Greenpeace and the Natural Resources Defense Council (NRDC) were founded; communities across the USA participated in the first Earth Day"
"First United Nations Conference on the Human Environment (UNCHE)",1972,"Conference",{'primary_category': 'revealing_potential_for_system_change', 'justification': 'The conference marked the first global governance response to environmental issues.', 'supporting_text': 'the first major United Nations Conference on the Human Environment (UNCHE) was held in Stockholm, Sweden'},"The first major United Nations Conference on the Human Environment was held in Stockholm, Sweden.","the first major United Nations Conference on the Human Environment (UNCHE) was held in Stockholm, Sweden"
"Publication of Silent Spring",1962,"Publication",{'primary_category': 'revealing_potential_for_system_change', 'justification': 'Marked a turning point that made scientific evidence central to environmental arguments and policy.', 'supporting_text': 'Since the publication of Rachel Carson’s Silent Spring (1962), the use of scientific evidence has become one of the central ways in which environmental arguments have been constructed.'},"Rachel Carson's book *Silent Spring* was published, establishing scientific evidence as a central pillar of environmental arguments and shaping the move toward evidence‑based environmental policies. R...","Rachel Carson's book Silent Spring (1962) was among the first to link the dangers of the atomic bomb to the misuse of pesticides, emphasising humanity's capacity to destroy nature and itself."
"Publication of The Tragedy of the Commons",1968,"Publication",,"Garrett Hardin's essay raised wider anxieties about the future of the planet.","'The Tragedy of the Commons' (Garrett Hardin, 1968) raised wider anxieties about the future of the planet."
"Publication of The Limits to Growth",1972,"Publication",{'primary_category': 'revealing_potential_for_system_change', 'justification': 'The report demonstrated how integrated models can map feedbacks across economic and environmental subsystems, indicating pathways for systemic change.', 'supporting_text': 'highlighted the potential for economic models to trace the interconnections and feedback between various sectors and trends'},"A study by Meadows et al. The Club of Rome released its first report, *The Limits to Growth*, based on work by MIT systems scientists who had developed the first integrated global model linking the wo...","The Limits to Growth (Meadows et al., 1972) raised wider anxieties about the future of the planet."
"Publication of A Blueprint for Survival",1972,"Publication",,"The Ecologist's manifesto outlining green alternatives and urging societal transformation to protect the environment.","'A Blueprint for Survival' (The Ecologist, 1972) sketched out green alternatives."
"Publication of Small is Beautiful",1973,"Publication",,"E. F. Schumacher's book advocated for appropriate scale in economics and technology, presenting an alternative to large‑scale industrial growth.","Small is Beautiful (E. F. Schumacher, 1973) sketched out green alternatives."
"Torrey Canyon oil spill",1967,"Other",,"The super‑tanker Torrey Canyon struck a reef between the UK mainland and the Isles of Scilly in March 1967, creating an oil slick that covered 120 miles of the Cornish coast and killed tens of thousan...","The first major oil spill in Britain occurred when the super tanker Torrey Canyon struck a reef between the UK mainland and the Isles of Scilly in March 1967. The resulting oil slick covered 120 miles of Cornish coast, killing tens of thousands of birds."
"Union Oil Company platform explosion",1969,"Other",,"An explosion on the Union Oil Company offshore platform six miles off Santa Barbara, California, released hundreds of thousands of gallons of crude oil into the ocean.","Two years later, an explosion on the Union Oil Company oil platform, six miles off the coast of Santa Barbara in California, resulted in the release of hundreds of thousands of gallons of crude oil."
"Emergence of the modern environmental movement",None,"Process",,"A surge of environmental activity in the 1960s gave rise to a new social movement that mobilised public opinion and pressured governments and businesses to act on environmental issues.","The 1960s saw a surge in environmental activity driven by transformative social, cultural and political events. This resulted in the emergence of a new social movement that furthered the environmental agenda by mobilising public opinion and forcing governments and businesses to take action."
"Formation of community‑based offshoots of the environmental movement",None,"Process",,"During the 1980s and 1990s, distinct community‑based offshoots of the environmental movement formed, partly as a response to globalisation.","the 1980s and 1990s saw the formation of distinct, community-based offshoots of the environmental movement, in part as a response to globalisation."
"Founding of the Council for the Preservation of Rural England (CPRE)",1926,"Organization",{'primary_category': 'revealing_potential_for_system_change', 'justification': 'The CPRE’s early focus on planning restrictions through Acts of Parliament shows how institutional founding could shift land‑use systems toward harmony with nature.', 'supporting_text': 'focused on the planning system and secured early restrictions to town and country development through Acts of Parliament.'},"The Council for the Preservation of Rural England (CPRE) was established in 1926 and later became the Campaign to Protect Rural England, focusing on the planning system and securing early restrictions...","the Council for the Preservation of Rural England (CPRE) (est. 1926; now the Campaign to Protect Rural England) focused on the planning system and secured early restrictions to town and country development through Acts of Parliament."
"First purchase of nature reserves by the Royal Society for the Protection of Birds (RSPB)",1930,"Organization",{'primary_category': 'fostering_collective_action', 'justification': 'Purchasing reserves provided concrete resources for conservation, directly enabling collective protection efforts.', 'supporting_text': 'did not purchase its first nature reserves until 1930'},"The Royal Society for the Protection of Birds made its first acquisition of nature reserves in 1930, marking the start of its active land‑conservation programme.","The Royal Society for the Protection of Birds (RSPB) (est. 1889) did not purchase its first nature reserves until 1930, but by 1941 it was managing fifteen reserves."
"RSPB managing fifteen nature reserves",1941,"Other",{'primary_category': 'fostering_collective_action', 'justification': 'Managing multiple reserves demonstrates implementation capacity that advances nature‑friendly outcomes.', 'supporting_text': 'by 1941 it was managing fifteen reserves'},"By 1941 the Royal Society for the Protection of Birds was managing fifteen nature reserves, demonstrating rapid expansion of its conservation portfolio.","The Royal Society for the Protection of Birds (RSPB) (est. 1889) did not purchase its first nature reserves until 1930, but by 1941 it was managing fifteen reserves."
"Founding of the Wilderness Society",1935,"Organization",{'primary_category': 'fostering_collective_action', 'justification': 'The society’s creation added a new organized actor to the early conservation movement.', 'supporting_text': 'Other environmental organisations active today, but established in the first half of the twentieth century, include the Wilderness Society'},"The Wilderness Society, an American environmental organization dedicated to protecting wilderness areas, was established in 1935.","the Wilderness Society (est. 1935)"
"Founding of the National Wildlife Federation",1936,"Organization",{'primary_category': 'fostering_collective_action', 'justification': 'Founding a national federation expanded collective capacity for wildlife protection.', 'supporting_text': 'Other environmental organisations active today, but established in the first half of the twentieth century, include ... National Wildlife Federation'},"The National Wildlife Federation, a U.S. nonprofit organization focused on wildlife conservation, was founded in 1936.","National Wildlife Federation (est.1936)"
"Founding of Defenders of Wildlife",1947,"Organization",{'primary_category': 'fostering_collective_action', 'justification': 'The new organization contributed additional coordinated advocacy for wildlife.', 'supporting_text': 'Other environmental organisations active today, but established in the first half of the twentieth century, include ... Defenders of Wildlife'},"Defenders of Wildlife, an American organization dedicated to protecting all native animals and plants in their natural communities, was established in 1947.","Defenders of Wildlife (est. 1947)"
"Establishment of World Wildlife Fund (WWF)",1961,"Organization",{'primary_category': 'fostering_collective_action', 'justification': 'Founding a major NGO created organisational capacity for environmental advocacy.', 'supporting_text': 'many major environmental organisations were established. These included the World Wildlife Fund in Switzerland (WWF) (est. 1961'},"The World Wildlife Fund was founded in Switzerland as a major environmental organisation.","World Wildlife Fund in Switzerland (WWF) (est. 1961; now the World Wide Fund for Nature)"
"Establishment of Environmental Defense Fund (EDF)",1967,"Organization",{'primary_category': 'fostering_collective_action', 'justification': 'The EDF’s creation added a new actor able to launch legal and policy campaigns.', 'supporting_text': 'These included ... the Environmental Defense Fund (EDF) (est. 1967)'},"The Environmental Defense Fund was created in North America as part of the wave of new environmental organisations.","Environmental Defense Fund (EDF) (est. 1967)"
"Establishment of Friends of the Earth (FoE)",1969,"Organization",{'primary_category': 'fostering_collective_action', 'justification': 'FoE’s founding expanded the network of groups coordinating environmental action.', 'supporting_text': 'These included ... FoE (est. 1969)'},"Friends of the Earth was founded, later becoming an international network of environmental groups.","FoE (est. 1969)"
"Establishment of Natural Resources Defense Council (NRDC)",1970,"Organization",{'primary_category': 'fostering_collective_action', 'justification': 'NRDC’s emergence added legal expertise to the movement’s toolkit.', 'supporting_text': 'These included ... NRDC (est. 1970)'},"The Natural Resources Defense Council was established as a US‑based environmental advocacy organisation.","NRDC (est. 1970)"
"Establishment of Greenpeace",1971,"Organization",{'primary_category': 'fostering_collective_action', 'justification': 'Greenpeace’s creation introduced direct‑action tactics that mobilised public support.', 'supporting_text': 'These included ... Greenpeace (est. 1971)'},"Greenpeace was founded, adding to the growing roster of global environmental NGOs.","Greenpeace (est. 1971)"
"Publication of Associated Press article ""Revolt of the Bird Watchers""",1971,"Publication",{'primary_category': 'exposing_prevailing_condition', 'justification': 'The article highlighted a legal challenge to a major oil pipeline, revealing environmental conflict.', 'supporting_text': 'A 1971 Associated Press article published as ‘Revolt of the Bird Watchers’ documents a lawsuit by FoE and the EDF stalling construction of a US$2.5 billion Alaskan oil pipeline'},"An Associated Press article documented a lawsuit by Friends of the Earth and the Environmental Defense Fund that stalled construction of a US$2.5 billion Alaskan oil pipeline.","A 1971 Associated Press article published as 'Revolt of the Bird Watchers' documents a lawsuit by FoE and the EDF stalling construction of a US$2.5 billion Alaskan oil pipeline"
"Court order forcing US government to consider a national DDT ban",1971,"Court decision",{'primary_category': 'revealing_potential_for_system_change', 'justification': 'The court decision opened the path for legislative action on DDT.', 'supporting_text': 'In 1971 the EDF, with support from the Izaak Walton League and National Audubon Society, won a court order forcing the federal government to consider a national DDT ban'},"The Environmental Defense Fund, supported by the Izaak Walton League and the National Audubon Society, won a court order that required the federal government to consider banning DDT nationwide.","In 1971 the EDF, with support from the Izaak Walton League and National Audubon Society, won a court order forcing the federal government to consider a national DDT ban"
"FoE international network meeting",1971,"Meeting",{'primary_category': 'fostering_collective_action', 'justification': 'The meeting initiated a trans‑national coordination structure for FoE.', 'supporting_text': 'In 1971, FoE took its first steps towards becoming an international network with a meeting of representatives from France, Sweden, UK and the USA'},"Friends of the Earth held a meeting of representatives from France, Sweden, the United Kingdom and the United States, marking the first steps toward an international network.","In 1971, FoE took its first steps towards becoming an international network with a meeting of representatives from France, Sweden, UK and the USA"
"Launch of FoE UK campaign against non‑returnable bottles",1971,"Movement",{'primary_category': 'impacting_salience_and_social_acceptance', 'justification': 'The publicity stunt generated national headlines, raising public awareness of waste issues.', 'supporting_text': 'The stunt secured headlines across the national press and helped FoE create a national profile'},"Friends of the Earth UK began its first campaign targeting non‑returnable bottles, using a publicity stunt that dumped hundreds of glass bottles at the London headquarters of Schweppes.","In 1971, FoE UK launched its first campaign against non-returnable bottles... Hundreds of glass bottles were dumped outside the front door of the London headquarters of Schweppes"
"Brice Lalonde candidacy for Mouvement d'Ecologie Politique in French Presidential election",1981,"Other",{'primary_category': 'fostering_collective_action', 'justification': 'Running for president gave the green movement a direct political platform.', 'supporting_text': 'fielded Brice Lalonde (b. 1946) as a candidate for the Mouvement d’Ecologie Politique in the 1981 Presidential elections and won 3.9 per cent of the total vote'},"Les Amis de la Terre fielded Brice Lalonde as a candidate for the Mouvement d'Ecologie Politique in the 1981 French presidential election, where the list obtained 3.9 % of the vote.","FoE UK's sister group in France, Les Amis del la Terre, fielded Brice Lalonde (b. 1946) as a candidate for the Mouvement d'Ecologie Politique in the 1981 Presidential elections and won 3.9 per cent of the total vote"
"Establishment of major environmental organisations (1961‑1971)",None,"Process",{'primary_category': 'fostering_collective_action', 'justification': 'The wave of new NGOs created a broad base for coordinated environmental advocacy.', 'supporting_text': 'Over a ten-year period (1961–71), many major environmental organisations were established'},"Over a ten‑year period (1961‑71) a wave of major environmental organisations—including WWF, EDF, FoE, NRDC and Greenpeace—were founded, laying the groundwork for the modern environmental movement.","Over a ten-year period (1961-71), many major environmental organisations were established. These included the World Wildlife Fund in Switzerland (WWF) (est. 1961; now the World Wide Fund for Nature); and in North America, the Environmental Defense Fund (EDF) (est. 1967), FoE (est. 1969), NRDC (est. ..."
"European campaign groups’ rise as a counter‑power to mainstream parties",None,"Process",{'primary_category': 'fostering_collective_action', 'justification': 'Their emergence provided an organized alternative voice in politics.', 'supporting_text': 'During the 1970s and 1980s, European campaign groups began to establish themselves as a counter power to the main political parties'},"During the 1970s and 1980s European environmental campaign groups increasingly positioned themselves as a counter‑power to the main political parties, contributing to the emergence of green political ...","During the 1970s and 1980s, European campaign groups began to establish themselves as a counter power to the main political parties."
"Founding of Miljöpartiet de gröna",1981,"Organization",{'primary_category': 'fostering_collective_action', 'justification': 'The party’s creation provided an organisational platform for environmental advocacy.', 'supporting_text': 'Founded in 1981, it took less than a decade to establish itself on the national scene.'},"Sweden's Miljöpartiet de gröna was founded, becoming one of the first green parties to secure national electoral success in Europe.","Founded in 1981, it took less than a decade to establish itself on the national scene."
"Miljöpartiet election success in Sweden",1988,"Other",{'primary_category': 'impacting_salience_and_social_acceptance', 'justification': 'Winning parliamentary seats raised the visibility and legitimacy of green politics.', 'supporting_text': 'Miljöpartiet received 5.5 per cent of the vote and gained twenty seats in parliament, making it the first new party to enter parliament for seventy years.'},"Miljöpartiet received 5.5 % of the vote and gained twenty seats in the Swedish parliament, making it the first new party to enter parliament for seventy years.","By 1988, environmental issues were at the top of the political agenda and dominated the election campaign. Miljöpartiet received 5.5 per cent of the vote and gained twenty seats in parliament, making it the first new party to enter parliament for seventy years."
"Finnish Green League gains parliamentary recognition",1991,"Other",{'primary_category': 'impacting_salience_and_social_acceptance', 'justification': 'Parliamentary recognition signalled broader societal acceptance of green agendas.', 'supporting_text': 'the Finnish Green League (Vihreä liitto) secured parliamentary recognition in 1991'},"The Finnish Green League (Vihreä liitto) secured parliamentary recognition for the first time.","Elsewhere in Europe, the Finnish Green League (Vihreä liitto) secured parliamentary recognition in 1991"
"Finnish Green League enters national government",1995,"Other",{'primary_category': 'revealing_potential_for_system_change', 'justification': 'Entering government opened a pathway for systemic policy transformation.', 'supporting_text': 'became the first green party in Western Europe to enter a national government in 1995'},"The Finnish Green League became the first green party in Western Europe to join a national government.","and became the first green party in Western Europe to enter a national government in 1995."
"Formation of Bündnis 90/Die Grünen",1993,"Organization",{'primary_category': 'revealing_potential_for_system_change', 'justification': 'The merger of East‑West parties created a new trans‑national political force.', 'supporting_text': 'grew out of a partnership of the West German Green Party ... and an East German alliance of parties in 1993'},"The German Green party Bündnis 90/Die Grünen was created through a partnership of the West German Green Party and an East German alliance of parties.","The most successful European environment-focused political party is Bündnis 90/Die Grünen, which grew out of a partnership of the West German Green Party (est. 1979) and an East German alliance of parties in 1993."
"Founding of the West German Green Party",1979,"Organization",{'primary_category': 'fostering_collective_action', 'justification': 'Established a formal vehicle for environmental activism in West Germany.', 'supporting_text': 'West German Green Party (est. 1979)'},"The West German Green Party was established, later becoming a core component of the German green movement.","the West German Green Party (est. 1979)"
"Renaming of People Party to Ecology Party",1975,"Other",{'primary_category': 'unclear', 'justification': 'The text mentions the name change but does not explain its effect on the harmony‑with‑nature initiative.', 'supporting_text': 'The People Party, which changed its name to the Ecology Party in 1975'},"The UK People Party changed its name to the Ecology Party.","the People Party, which changed its name to the Ecology Party in 1975"
"Renaming of Ecology Party to Green Party of England and Wales",1990,"Other",{'primary_category': 'unclear', 'justification': 'No explicit link to advancing environmental outcomes is provided.', 'supporting_text': 'later to the Green Party of England and Wales in 1990'},"The Ecology Party adopted the name Green Party of England and Wales.","later to the Green Party of England and Wales in 1990"
"Development of environmental movements in Central and Eastern Europe",None,"Process",{'primary_category': 'exposing_prevailing_condition', 'justification': 'Highlights how post‑communist contexts shaped environmental activism.', 'supporting_text': 'In Central and Eastern Europe ... saw the development of environmental movements.'},"During the 1990s, environmental movements emerged in the Czech Republic, Hungary, and Poland, reflecting each country's political and environmental challenges.","In Central and Eastern Europe during the 1990s, communist-ruled countries such as the Czech Republic, Hungary and Poland also saw the development of environmental movements."
"Environmental activism under Gorbachev leadership",None,"Process",{'primary_category': 'exposing_prevailing_condition', 'justification': 'Shows activism used to critique the Soviet regime, revealing political constraints.', 'supporting_text': 'During the Soviet leadership of Mikhail Gorbachev ... environmental activism ... was seen as a safe way of criticising the Soviet regime'},"From 1988 to 1991, environmental activism in Soviet‑ruled communist countries was used as a safe way to criticize the regime, mobilising substantial public support.","During the Soviet leadership of Mikhail Gorbachev (b. 1931) (1988-91), environmental activism in communist countries was seen as a safe way of criticising the Soviet regime, and environmental groups mobilised a great deal of public support."
"Anti‑nuclear movement in West Germany",None,"Process",{'primary_category': 'fostering_collective_action', 'justification': 'The movement mobilised public support and was linked to parliamentary action.', 'supporting_text': 'In 1980s West Germany, the anti-nuclear movement was almost identical to the environmental movement, and the Green Party acted as its parliamentary arm.'},"In the 1980s, the anti‑nuclear movement in West Germany was closely linked with the environmental movement, with the Green Party acting as its parliamentary arm.","In 1980s West Germany, the anti-nuclear movement was almost identical to the environmental movement, and the Green Party acted as its parliamentary arm."
"Student protests of the late 1960s",None,"Process",{'primary_category': 'revealing_potential_for_system_change', 'justification': 'These protests seeded the ideological basis for later green parties.', 'supporting_text': 'the West German Green Party had its roots in the student protests of the late 1960s'},"Late‑1960s student protests in West Germany provided a social base for the later rise of the German Greens and involved future green leaders such as Petra Kelly and Daniel Cohn‑Bendit.","Like many green parties in Europe, the West German Green Party had its roots in the student protests of the late 1960s. Petra Kelly (1947-92), one of its founders, was involved in political campaigning in the USA. Daniel Cohn-Bendit (b. 1945), now a leading green campaigner in France and Germany, wa..."
"First anniversary protest against Chernobyl disaster",1987,"Other",,"Friends of the Earth (FoE) and the Campaign for Nuclear Disarmament (CND) organised a protest in the United Kingdom attended by 100,000 people to mark the first anniversary of the 1986 Chernobyl nucle...","To mark the first anniversary of the disaster, FoE and the Campaign for Nuclear Disarmament (CND) organised a protest in the UK attended by 100,000 people."
"1989 European Parliamentary Elections",1989,"Other",,"European Parliamentary elections in which the UK Green Party received 2.2 million votes (15 % of the total), demonstrating growing electoral support for green politics.","In the 1989 European Parliamentary Elections, the UK Green Party won the support of 2.2 million people - equivalent to 15 per cent of the vote."
"Election of Caroline Lucas as MP for Brighton Pavilion",2010,"Other",,"Caroline Lucas became Britain’s first Green Party Member of Parliament, winning the seat for Brighton Pavilion.","it took until 2010 for Caroline Lucas (b. 1960) to be elected as Britain's first Green Party Member of Parliament, for Brighton Pavilion."
"Julian Huxley's wildlife conservation trip to East Africa",1960,"Other",,"Sir Julian Huxley, then Director‑General of UNESCO, travelled to East Africa on a wildlife‑conservation mission.","In 1960, British biologist Sir Julian Huxley (1887-1975), first Director General of the UN Educational, Scientific and Cultural Organization (UNESCO), undertook a wildlife conservation trip to East Africa."
"Publication of three Observer articles warning about habitat destruction",1960,"Publication",,"After returning from East Africa, Huxley authored three articles in the UK’s Observer newspaper warning that habitat destruction and hunting could lead to extinction within two decades.","On his return he wrote three articles for the UK's Observer newspaper warning the British public that the rate of habitat destruction and hunting of Africa's wildlife could mean extinction over the next two decades."
"Establishment of the Don't Make a Wave Committee",1970,"Organization",,"A group of peace activists formed the Don't Make a Wave Committee to oppose U.S. nuclear bomb testing at Amchitka Island, Alaska.","The group called themselves the Don't Make a Wave Committee (est. 1970), and decided the best way they could stop the nuclear tests was to charter a ship to sail from Vancouver into the test zone."
"Chartering of the ship Greenpeace and first voyage to Amchitka",1971,"Other",,"Activists chartered a vessel named Greenpeace and sailed from Vancouver into the Amchitka test zone; the voyage failed to stop the test but attracted national media attention.","The activists called the ship Greenpeace, to capture what they considered 'the two great issues of the time - survival of our environment and peace of the world'. Greenpeace's first voyage failed to stop the Amchitka test, but gained national media coverage."
"End of nuclear testing on Amchitka Island",1971,"Other",,"U.S. nuclear testing on Amchitka Island ceased in the same year as Greenpeace’s inaugural voyage.","Nuclear testing on Amchitka ended that same year, and the island was later declared a bird sanctuary."
"Establishment of the World Wide Fund for Nature (WWF)",1961,"Organization",,"Max Nicholson gathered scientists and PR experts to create an international conservation organisation that became known as the World Wide Fund for Nature.","Max Nicholson (1904-2003), Director General of Britain's Nature Conservancy, gathered together a group of scientists and advertising and public relations experts, all committed to establishing an international organisation that became known as WWF."
"WWF first British fundraising appeal launch",1961,"Campaign",,"WWF launched its first British fundraising appeal via a special issue of the Daily Mirror featuring black rhinos and the WWF panda logo, raising US$1.9 million in its first three years.","In 1961, WWF launched its first British fundraising appeal with a special issue of the Daily Mirror newspaper."
"Internal reforms within the UK Green Party (1990‑2010)",None,"Process",,"Over the two decades following the 1989 European Parliamentary elections, the UK Green Party gradually implemented internal reforms aimed at improving electability, culminating in the election of Caro...","Over the next two decades internal reforms were slowly put into place, but it took until 2010 for Caroline Lucas (b. 1960) to be elected as Britain's first Green Party Member of Parliament, for Brighton Pavilion."
"Emergence of a new breed of environmental organisations (1970s)",None,"Process",,"During the 1970s, a wave of new environmental NGOs such as Greenpeace, Friends of the Earth and WWF arose, launching high‑profile global campaigns addressing transboundary pollution, habitat destructi...","By the 1970s, a new breed of environmental organisation had emerged that led high-profile environmental campaigns aimed at a global impact."
"International Whaling Commission decision to ban commercial whaling",1982,"Policy",{'primary_category': 'revealing_potential_for_system_change', 'justification': 'The decision marked a regulatory shift that opened the path for systemic change in whaling practices.', 'supporting_text': 'the International Whaling Commission finally took the decision to ban commercial whaling in 1982'},"The International Whaling Commission (IWC) adopted a decision to prohibit commercial whaling after lobbying by the US government and other parties.","Following lobbying by the US government among others, the International Whaling Commission finally took the decision to ban commercial whaling in 1982, with the ban coming into force in 1986."
"Implementation of the commercial whaling ban",1986,"Policy",{'primary_category': 'fostering_collective_action', 'justification': 'Putting the ban into force operationalised the policy change, enabling coordinated enforcement.', 'supporting_text': 'with the ban coming into force in 1986'},"The ban on commercial whaling adopted by the IWC in 1982 entered into force, legally prohibiting commercial whaling activities worldwide.","Following lobbying by the US government among others, the International Whaling Commission finally took the decision to ban commercial whaling in 1982, with the ban coming into force in 1986."
"Rainbow Warrior bombing",1985,"Incident",{'primary_category': 'undermining_changes_and_progress', 'justification': 'The state‑sponsored sabotage aimed to suppress Greenpeace activism, hindering environmental advocacy.', 'supporting_text': 'the mine had been planted by the French Intelligence Agency to prevent Greenpeace from protesting'},"A diver attached a limpet mine to the Greenpeace vessel Rainbow Warrior while it was docked in Auckland; the mine detonated, damaging the ship and killing a crew member. The operation was later traced...","In 1985, a diver attached a limpet mine to the Greenpeace boat Rainbow Warrior while it was docked in Auckland, New Zealand. The mine exploded, causing a hole in the side of the boat, and killed one of the ship's crew."
"Love Canal toxic waste discovery",1978,"Event",{'primary_category': 'exposing_prevailing_condition', 'justification': 'The discovery highlighted severe pollution, revealing harmful environmental conditions.', 'supporting_text': 'the 1978 discovery of toxic waste in the Love Canal neighbourhood in New York State'},"Toxic waste was discovered in the Love Canal neighbourhood of New York State, sparking public concern over hazardous waste exposure.","These included the 1978 discovery of toxic waste in the Love Canal neighbourhood in New York State"
"Valley of the Drums emergency cleanup",1979,"Event",{'primary_category': 'exposing_prevailing_condition', 'justification': 'Media coverage of the emergency cleanup exposed the scale of toxic waste dumping.', 'supporting_text': 'media coverage of the 1979 emergency clean up of the Valley of the Drums'},"Media coverage highlighted the emergency cleanup of the Valley of the Drums, a 23‑acre toxic waste dump in Kentucky.","Vivid images of the problem were provided by media coverage of the 1979 emergency clean up of the Valley of the Drums - a twenty-three-acre toxic waste dump in Kentucky."
"Times Beach evacuation",1983,"Event",{'primary_category': 'exposing_prevailing_condition', 'justification': 'The evacuation underscored the health risks of environmental contamination.', 'supporting_text': 'the 1983 permanent evacuation of Times Beach in Missouri due to a toxin scare'},"The town of Times Beach, Missouri, was permanently evacuated due to a toxin scare linked to dioxin contamination.","and the 1983 permanent evacuation of Times Beach in Missouri due to a toxin scare."
"Warren County hazardous waste landfill protest",1982,"Protest",{'primary_category': 'fostering_collective_action', 'justification': 'Mass protests and civil disobedience demonstrated grassroots capacity to challenge hazardous projects.', 'supporting_text': 'Six weeks of marches and protests followed and more than 500 people were arrested'},"Residents of Afton, a predominantly Black community in Warren County, North Carolina, protested the construction of a hazardous waste landfill, engaging in sit‑ins, six weeks of marches, and resulting...","The beginning of the movement is widely associated with a 1982 protest against a newly constructed hazardous waste landfill site by residents of Afton, a predominantly black community in Warren County in North Carolina. After failing to halt the construction of the site, a number of local residents ..."
"Emergence of a new wave of grassroots and community‑based movements",None,"Process",{'primary_category': 'revealing_potential_for_system_change', 'justification': 'The wave signalled a broader shift toward decentralized, community‑driven environmental action.', 'supporting_text': 'The 1980s and 1990s saw the emergence of a new wave of high-profile grassroots and community‑based movements'},"During the 1980s and 1990s, a new wave of high‑profile grassroots and community‑based movements arose, including the US environmental justice movement and the UK anti‑roads movement.","The 1980s and 1990s saw the emergence of a new wave of high-profile grassroots and community-based movements."
"Emergence of the US environmental justice movement",None,"Process",{'primary_category': 'fostering_collective_action', 'justification': 'The movement mobilised marginalized communities to contest environmental inequities.', 'supporting_text': 'The environmental justice movement emerged against a backdrop of wider public concern over environmental pollution in the USA'},"From the late 1970s onward, the US environmental justice movement developed in response to pollution incidents and racial discrimination, linking to civil‑rights, church‑based activism, and workplace ...","The environmental justice movement emerged against a backdrop of wider public concern over environmental pollution in the USA, but was framed by the issue of racial discrimination. From the late 1970s onwards..."
"Emergence of the UK Anti‑Roads Movement",None,"Process",{'primary_category': 'fostering_collective_action', 'justification': 'Formation of a cross‑group movement created a coordinated platform against road expansion.', 'supporting_text': 'emerged in the early 1990s with renewed public interest in the environment'},"A multi‑year development in the early 1990s in which a single‑issue campaign against new road construction gathered support from a wide range of environmental and community groups. In the 1980s, the U...","The UK anti‑roads movement is an example of a single‑issue campaign that was supported by a wide range of groups from inside and outside the environmental movement. It emerged in the early 1990s with renewed public interest in the environment."
"Establishment of the US Superfund",1980,"Policy",{'primary_category': 'revealing_potential_for_system_change', 'justification': 'Creates a dedicated fund to clean hazardous sites, indicating a systemic shift toward remediation.', 'supporting_text': 'measures such as the 1980 Superfund set up to fund site clean ups'},"The US authorities created the Superfund program to fund the cleanup of abandoned hazardous waste sites.","The US authorities had attempted to respond to the issue of abandoned hazardous waste sites through measures such as the 1980 Superfund set up to fund site clean ups."
"Publication of *Toxic Wastes and Race*",1987,"Publication",{'primary_category': 'exposing_prevailing_condition', 'justification': 'The study revealed racial bias in waste‑facility siting, highlighting environmental racism.', 'supporting_text': 'The study found that race was the strongest variable in predicting the siting of waste facilities'},"The United Church of Christ's Commission for Racial Justice released a study showing race as the strongest predictor of waste facility siting, galvanising a national movement against environmental rac...","In 1987, the United Church of Christ's Commission for Racial Justice published Toxic Wastes and Race.27 The study found that race was the strongest variable in predicting the siting of waste facilities. This galvanised the movement nationally to oppose environmental racism."
"Signing of Executive Order on Environmental Justice",1994,"Policy",{'primary_category': 'fostering_collective_action', 'justification': 'Mandates federal agencies to consider environmental justice, enabling coordinated action.', 'supporting_text': 'requiring federal regulatory agencies to consider environmental justice in all their work'},"President Bill Clinton signed an Executive Order that reinforced civil rights and environmental laws and required federal agencies to consider environmental justice in all their work.","In 1994, President Bill Clinton recognised the importance of this issue when he signed an Executive Order reinforcing civil rights and environmental laws and requiring federal regulatory agencies to consider environmental justice in all their work."
"Founding of Global Witness",1993,"Organization",{'primary_category': 'revealing_potential_for_system_change', 'justification': 'Establishes an organization that tackles systemic links between resource trade, human‑rights abuses and conflict.', 'supporting_text': 'tackles the links between trade in natural resources, human rights abuses, corruption and conflict'},"Global Witness was established as a specialist NGO that tackles links between trade in natural resources, human rights abuses, corruption and conflict.","So too are specialist groups such as Global Witness (est. 1993), which tackles the links between trade in natural resources, human rights abuses, corruption and conflict."
"Margaret Thatcher’s Climate Change Speech at the UN",1989,"Speech",{'primary_category': 'impacting_salience_and_social_acceptance', 'justification': 'Elevates climate change onto the UN agenda, raising global awareness.', 'supporting_text': 'Margaret Thatcher gave a speech on climate change at the UN'},"Conservative Prime Minister Margaret Thatcher delivered a speech on climate change at the United Nations, marking a high‑level political acknowledgment of the issue.","In the same year that the UK Green Party had achieved success in the 1989 European elections, the Conservative Prime Minister Margaret Thatcher gave a speech on climate change at the UN."
"Publication of *This Common Inheritance* White Paper",1990,"Publication",{'primary_category': 'revealing_potential_for_system_change', 'justification': 'First comprehensive UK environmental policy document, signalling a possible shift in governance.', 'supporting_text': 'the first ever White Paper on the environment'},"The British Government released its first ever White Paper on the environment, outlining policy directions for environmental protection.","A year later, the British Government published This Common Inheritance (1990), the first ever White Paper on the environment."
"Publication of *Roads for Prosperity* White Paper",1989,"Publication",{'primary_category': 'exposing_prevailing_condition', 'justification': 'Outlines a large road‑building programme, exposing a policy that conflicts with environmental harmony.', 'supporting_text': 'plans for the ‘largest road-building programme in the UK since the Romans’, set out in the 1989 transport White Paper Roads for Prosperity'},"The Conservative government set out its ambitious road‑building programme in the transport White Paper *Roads for Prosperity*.","A less welcome development for environmentalists was the Conservative government's plans for the 'largest road-building programme in the UK since the Romans', set out in the 1989 transport White Paper Roads for Prosperity (1989)."
"Publication of *Getting Nowhere Fast*",1976,"Publication",{'primary_category': 'exposing_prevailing_condition', 'justification': 'Questions the desirability of increased car use, highlighting a problematic mobility trend.', 'supporting_text': 'questioning the desirability of increased car use'},"Friends of the Earth released a report questioning the desirability of increased car use and road expansion.","FoE had campaigned against road schemes since 1972, and in 1976 published Getting Nowhere Fast, questioning the desirability of increased car use."
"Twyford Down Road Protest Camp",1991,"Protest",{'primary_category': 'fostering_collective_action', 'justification': 'Direct‑action protest mobilised communities to impede road construction and raise costs.', 'supporting_text': 'By occupying and locking themselves to trees, digging tunnels… they could use direct action to damage the reputation and increase the financial costs of large‑scale infrastructure programmes'},"The first major UK road protest camp that attracted national news coverage; the protest lasted about one year and was followed by mass trespass events.","Twyford Down was the first road protest camp to hit the national news in 1991. The protest lasted one year and was followed by mass trespass events along the motorway."
"M17 Glasgow Road Protests",None,"Protest",{'primary_category': 'fostering_collective_action', 'justification': 'Local community protests formed a collective response against a road scheme.', 'supporting_text': 'M17 through Glasgow from 1993 to 1995 (‘the Pollock Free State’)'},"A series of road‑building protests on the M17 corridor through Glasgow that took place between 1993 and 1995.","Other road protests included those on the M17 through Glasgow from 1993 to 1995 ('the Pollock Free State')"
"M11 Link Road and Newbury Bypass Protests",1995,"Protest",{'primary_category': 'fostering_collective_action', 'justification': 'Community‑based actions opposed specific road projects, demonstrating coordinated resistance.', 'supporting_text': 'M11 link road in London and the Newbury bypass in 1995'},"High‑profile protests against the M11 link road in London and the Newbury bypass, part of a broader UK anti‑roads movement.","Other road protests included ... the M11 link road in London and the Newbury bypass in 1995."
"Cancellation of the UK Road‑Building Programme",1997,"Policy",{'primary_category': 'revealing_potential_for_system_change', 'justification': 'Policy reversal shows that sustained activism can shift national infrastructure priorities.', 'supporting_text': 'eventually cancelled in 1997 by the incoming Labour Government'},"The incoming Labour Government cancelled the large‑scale road‑building programme that had been planned by the previous Conservative administration.","The Conservative government's road-building programme was scaled down over time and eventually cancelled in 1997 by the incoming Labour Government."
"Friends of the Earth Road‑Scheme Campaign (1972–)",None,"Process",{'primary_category': 'fostering_collective_action', 'justification': 'Long‑standing campaign by FoE targeted road schemes, contributing to collective resistance.', 'supporting_text': 'FoE had campaigned against road schemes since 1972'},"A long‑running campaign by Friends of the Earth opposing road‑building schemes, beginning in 1972 and continuing for decades.","FoE had campaigned against road schemes since 1972, and in 1976 published Getting Nowhere Fast, questioning the desirability of increased car use."
"Launch of Buy Nothing Day",1992,"Other",{'primary_category': 'fostering_collective_action', 'justification': 'The launch introduced an anti‑consumerist action that mobilised participants around environmental ideals.', 'supporting_text': 'The anti‑consumerist Buy Nothing Day, first launched in the USA in 1992, encapsulated the ideals of this countercultural movement.'},"The anti‑consumerist Buy Nothing Day was first launched in the United States, encapsulating the ideals of a counter‑cultural anti‑establishment movement.","The anti-consumerist Buy Nothing Day, first launched in the USA in 1992, encapsulated the ideals of this countercultural movement."
"Greenpeace protest at World Bank anniversary celebrations",1994,"Protest",{'primary_category': 'exposing_prevailing_condition', 'justification': 'The protest publicly challenged World Bank policies, highlighting problematic financial practices.', 'supporting_text': 'During the 1994 World Bank anniversary celebrations in Madrid, Spain, Greenpeace activists interrupted proceedings, showering attendees with fake dollar bills while protesters chanted outside.'},"During the World Bank’s anniversary celebrations in Madrid, Greenpeace activists interrupted the proceedings by showering attendees with fake dollar bills while protesters chanted outside.","During the 1994 World Bank anniversary celebrations in Madrid, Spain, Greenpeace activists interrupted proceedings, showering attendees with fake dollar bills while protesters chanted outside."
"Global Street Party during the 24th G8 summit",1998,"Protest",{'primary_category': 'fostering_collective_action', 'justification': 'The party gathered activists to demonstrate collective opposition at a high‑level summit.', 'supporting_text': 'In 1998, veterans of the anti‑roads movement and Reclaim the Streets participated in the Global Street Party that coincided with the twenty‑fourth G8 summit in Birmingham in the UK.'},"Veterans of the anti‑roads movement and the group Reclaim the Streets took part in a Global Street Party that coincided with the twenty‑fourth G8 summit in Birmingham, UK.","In 1998, veterans of the anti-roads movement and Reclaim the Streets participated in the Global Street Party that coincided with the twentyfourth G8 summit in Birmingham in the UK."
"Establishment of independent media centre for 1989 WTO Seattle protests",1989,"Organization",{'primary_category': 'fostering_collective_action', 'justification': 'The media centre enabled rapid information sharing, amplifying protest coordination.', 'supporting_text': 'When activists established an independent media centre for anyone to upload news and reports from the 1989 WTO Seattle protests, the website received over a million hits over a couple of days.'},"Activists set up an independent media centre that allowed anyone to upload news and reports from the 1989 WTO protests in Seattle; the site received over a million hits within a few days.","When activists established an independent media centre for anyone to upload news and reports from the 1989 WTO Seattle protests, the website received over a million hits over a couple of days."
"Protests outside the Seattle WTO negotiations",1999,"Protest",{'primary_category': 'impacting_salience_and_social_acceptance', 'justification': 'These protests brought environmental concerns to the forefront of global trade debates.', 'supporting_text': 'Environmental issues were a key concern of activists protesting outside the Seattle WTO negotiations in 1999.'},"Environmental activists protested outside the WTO negotiations in Seattle, highlighting concerns that environmental standards could be used as a form of trade protectionism.","Environmental issues were a key concern of activists protesting outside the Seattle WTO negotiations in 1999."
"G8 summit protests in Genoa",2001,"Protest",{'primary_category': 'undermining_changes_and_progress', 'justification': 'The violent police response hindered protest effectiveness and signalled repression of dissent.', 'supporting_text': 'It came to a head at the 2001 G8 summit in Genoa, Italy... a man was shot dead and organisers of the local independent media centre were badly beaten by Italian police.'},"At the 2001 G8 summit in Genoa, Italy, around 200,000 protestors clashed with security forces over two days; a protester was shot dead and organizers of the local independent media centre were beaten ...","This came to a head at the 2001 G8 summit in Genoa, Italy attended by an estimated 200,000 protestors. Over two days of running battles between protestors and security forces, a man was shot dead and organisers of the local independent media centre were badly beaten by Italian police."
"World Social Forum regular meetings",2001,"Process",{'primary_category': 'fostering_collective_action', 'justification': 'Regular meetings sustain a global civil‑society network for environmental collaboration.', 'supporting_text': 'These networks continue to develop through a number of avenues such as the World Social Forum, which has met on a regular basis since 2001.'},"The World Social Forum has convened on a regular basis since 2001, providing a recurring venue for global civil‑society networks to develop and coordinate.","These networks continue to develop through a number of avenues such as the World Social Forum, which has met on a regular basis since 2001."
"Anti‑globalisation protests of the late 1990s",None,"Process",{'primary_category': 'revealing_potential_for_system_change', 'justification': 'The protests linked social, economic and environmental issues, showing cross‑scale interdependencies.', 'supporting_text': 'The anti‑globalisation protests of the late 1990s ... linked together a wide range of social, economic and environmental issues.'},"Throughout the late 1990s, anti‑globalisation protests displayed distinctive organisational features, linking a broad range of social, economic and environmental issues.","The anti-globalisation protests of the late 1990s had distinctive organisational features."
"Launch of Green My Apple campaign",2006,"Other",{'primary_category': 'fostering_collective_action', 'justification': 'Mobilised internet activists to pressure Apple, leading to corporate policy change.', 'supporting_text': 'In 2006, Greenpeace launched the Green My Apple campaign... the response from Apple users was rapid, and within months the company had responded, committing... to phasing out...'},"Greenpeace launched the Green My Apple campaign targeting Apple to remove hazardous substances from its products, using an online platform to mobilise Apple fans, which led Apple to commit to phasing ...","In 2006, Greenpeace launched the Green My Apple campaign when it found Apple less responsive than other computer companies to removing hazardous substances from products."
"Establishment of Conservation International",1987,"Organization",{'primary_category': 'revealing_potential_for_system_change', 'justification': 'Founded an organisation that embeds conservation in corporate business models.', 'supporting_text': 'Conservation International (est. 1987) partnered with other organisations... It has worked with Starbucks and Walmart... to ‘make conservation part of their business model’.'},"Conservation International was founded as a US‑based environmental organization and from its inception partnered with corporations such as Starbucks and Walmart to embed conservation into business mod...","The US‑based group Conservation International (est. 1987) partnered with other organisations from the beginning, reasoning that no organisation can get the job done alone."
"Establishment of Forum for the Future",1996,"Organization",{'primary_category': 'revealing_potential_for_system_change', 'justification': 'Created a body that advances sustainable development through corporate partnerships.', 'supporting_text': 'Forum for the Future (est. 1996) promotes its work on sustainable development through partnerships with organisations such as BT, Tesco and Unilever.'},"Forum for the Future was founded to promote sustainable development, working through partnerships with companies such as BT, Tesco and Unilever.","Forum for the Future (est. 1996) promotes its work on sustainable development through partnerships with organisations such as BT, Tesco and Unilever."
"Greenpeace corporate policy influence campaigns (multi‑year process)",None,"Process",{'primary_category': 'fostering_collective_action', 'justification': 'Long‑term campaigns that have secured corporate policy concessions.', 'supporting_text': 'Greenpeace ... launched campaigns that have brought about concessions or changes in corporate policy by Apple, Bayer, Coca Cola, ...'},"Over the past twenty years Greenpeace has run a series of campaigns that secured concessions or policy changes from major corporations including Apple, Bayer, Coca‑Cola, Dell, McDonald’s, Monsanto and...","Over the past twenty years, it has launched campaigns that have brought about concessions or changes in corporate policy by Apple, Bayer, Coca Cola, Dell, McDonalds, Monsanto and Nestlé, among many others."
"Shift of environmental groups toward partnership models (multi‑year process)",None,"Process",{'primary_category': 'revealing_potential_for_system_change', 'justification': 'Describes a sector‑wide move to partnership‑based approaches, indicating systemic shift potential.', 'supporting_text': 'Over the past thirty years, some environmental groups have shifted their focus ... to establishing partnerships with governments and corporations.'},"During the past thirty years a number of environmental organisations moved their strategic focus from mass public recruitment to establishing partnerships with governments and corporations.","Over the past thirty years, some environmental groups have shifted their focus from recruiting members of the public to establishing partnerships with governments and corporations."
"Formation of WWF‑HSBC conservation partnership",2002,"Agreement",{'primary_category': 'fostering_collective_action', 'justification': 'The partnership provides substantial financial resources that enable WWF to meet conservation objectives.', 'supporting_text': 'WWF ... joined the HSBC bank in a five-year, £35\u202fmillion partnership ... secured the charity £12.7\u202fmillion for conservation projects.'},"WWF International, together with Earthwatch and Botanic Gardens Conservation International, entered into a five‑year, £35 million partnership with HSBC to fund conservation projects along the Yangtze,...","In 2002, WWF International, together with Earthwatch and Botanic Gardens Conservation International, joined the HSBC bank in a five-year, £35 million partnership."
"Friends of the Earth accuses HSBC of financing forest destruction",2004,"Other",{'primary_category': 'exposing_prevailing_condition', 'justification': 'The accusation highlights ongoing financial support for environmentally destructive activities.', 'supporting_text': 'FoE accused HSBC of financing forest destruction and social conflict, and stated it had helped arrange over US$1.6\u202fbillion in loans to the palm oil sector.'},"Two years after the WWF‑HSBC partnership, Friends of the Earth (FoE) publicly accused HSBC of financing forest destruction and social conflict, citing the bank’s role in providing over US$1.6 billion ...","Two years after the WWF deal, FoE accused HSBC of financing forest destruction and social conflict, and stated that over the previous ten years it had helped arrange over US$1.6 billion in loans and credit guarantees to the palm oil sector in Indonesia."
"Launch of The Big Ask campaign by Thom Yorke",2005,"Movement",{'primary_category': 'fostering_collective_action', 'justification': 'The launch initiates a high‑profile campaign that mobilises public and political support for climate legislation.', 'supporting_text': 'Thom Yorke ... launched The Big Ask campaign on 25\u202fMay\u202f2005.'},"Thom Yorke, lead singer of Radiohead, launched the climate‑change advocacy campaign "The Big Ask" on 25 May 2005, aiming to build public momentum for stronger climate legislation in the UK.","Thom Yorke (b. 1968), lead singer of the music group Radiohead, launched The Big Ask campaign on 25 May 2005."
"Opening of Early Day Motion 178 calling for new climate legislation",2005,"Legislative petition",{'primary_category': 'impacting_salience_and_social_acceptance', 'justification': 'The motion brings climate legislation onto the parliamentary agenda, raising its political salience.', 'supporting_text': 'A Parliamentary petition (Early Day Motion\u202f178) opened calling for new legislation requiring annual cuts in carbon dioxide emissions of 3\u202f%.'},"On the same day as the launch of The Big Ask, a Parliamentary Early Day Motion (EDM 178) was opened, urging the UK government to introduce legislation requiring annual 3 % cuts in carbon‑dioxide emiss...","On the same day, a Parliamentary petition (Early Day Motion 178) opened calling for new legislation requiring annual cuts in carbon dioxide emissions of 3 per cent."
"Friends of the Earth campaign to encourage MPs to sign Early Day Motion",2006,"Campaign",{'primary_category': 'fostering_collective_action', 'justification': 'FoE’s lobbying effort directly engages legislators and the public to support climate policy.', 'supporting_text': 'FoE mobilised the public to personally lobby 620 out of a total of 646 MPs to back its campaign.'},"In September 2006, FoE intensified its effort to persuade Members of Parliament to sign the Early Day Motion and to write to the Prime Minister demanding a new climate law.","In September 2006, the campaign group made an extra effort to encourage MPs to sign the Early Day Motion and to write to the Prime Minister calling for a new climate law."
"Adoption of the UK Climate Change Act",2008,"Policy",{'primary_category': 'revealing_potential_for_system_change', 'justification': 'The Act establishes legally binding emissions targets, creating a structural pathway toward a low‑carbon economy.', 'supporting_text': 'On 26\u202fOctober\u202f2008, the climate law became a reality, and the first law of its kind in the world.'},"On 26 October 2008, the UK Parliament passed the Climate Change Act, the world’s first legally binding climate‑change law setting targets to cut six greenhouse gases by 80 % by 2050 compared with 1990...","On 26 October 2008, the climate law became a reality, and the first law of its kind in the world."
"Greenpeace publication of investigation into Noel Kempff Climate Action Project",2009,"Publication",{'primary_category': 'exposing_prevailing_condition', 'justification': 'The investigation reveals alleged misrepresentation and lack of measurable climate benefits in a carbon‑offset project.', 'supporting_text': 'Greenpeace ... described the project as a ‘carbon scam’, contradicted claims that it produced scientifically quantifiable carbon emissions reductions.'},"Greenpeace released a report in 2009 exposing the Noel Kempff Climate Action Project as a "carbon scam", questioning its claimed emissions reductions and benefits for local communities.","In 2009, Greenpeace published the findings of its investigation of the Noel Kampff Climate Action Project, a protected forest area set up in 1997 by the Nature Conservancy, BP, Pacificorp, American Electric Power and the Bolivian Government."
"Launch of European The Big Ask campaign",2009,"Movement",{'primary_category': 'fostering_collective_action', 'justification': 'The European rollout expands coordinated advocacy across multiple nations, amplifying pressure for binding climate laws.', 'supporting_text': 'Inspired by the UK success, a European campaign was launched in 2009 ... eighteen European countries became part of The Big Ask campaign.'},"Inspired by the UK success, a European version of The Big Ask campaign was launched in 2009, with eighteen European countries demanding strong, binding climate‑law reforms.","Inspired by the UK success, a European campaign was launched in 2009 with similar laws being submitted to parliament in Austria, Belgium, Finland, Malta, Ireland and Scotland."
"High Court ruling requiring re‑examination of Heathrow expansion policy",2010,"Court decision",{'primary_category': 'revealing_potential_for_system_change', 'justification': 'The court decision forced a policy review, opening a pathway for systemic change.', 'supporting_text': 'On 26 March 2010, a High Court judge ruled that the government’s policy for the expansion of Heathrow airport ... would need to be re‑examined.'},"A High Court judge ruled on 26 March 2010 that the UK government’s policy for the expansion of Heathrow airport, originally set out in 2003, must be re‑examined.","On 26 March 2010, a High Court judge ruled that the government's policy for the expansion of Heathrow airport, first set out in 2003, would need to be re-examined."
"Cancellation of third runway at Heathrow and ruling out new runways at Stansted and Gatwick",2010,"Policy",{'primary_category': 'revealing_potential_for_system_change', 'justification': 'Government cancellation directly altered infrastructure plans toward greater environmental alignment.', 'supporting_text': 'In May 2010, the newly elected Conservative and Liberal Democrat coalition government cancelled plans for the third runway at Heathrow and ruled out new runways at Stansted and Gatwick airports.'},"In May 2010 the newly elected Conservative‑Liberal Democrat coalition government cancelled plans for a third runway at Heathrow and ruled out any new runways at Stansted and Gatwick airports.","In May 2010, the newly elected Conservative and Liberal Democrat coalition government cancelled plans for the third runway at Heathrow and ruled out new runways at Stansted and Gatwick airports."
"CAR2 campaign against Manchester second runway",1997,"Movement",{'primary_category': 'exposing_prevailing_condition', 'justification': 'The campaign’s failure highlights entrenched pro‑airport interests that sustain disharmony.', 'supporting_text': 'This compares with the unsuccessful campaign Coalition Against Runway 2 (CAR2) to stop the construction of a second runway at Manchester’s International Airport in 1997.'},"The Coalition Against Runway 2 (CAR2) mounted an unsuccessful campaign to stop the construction of a second runway at Manchester’s International Airport.","This compares with the unsuccessful campaign Coalition Against Runway 2 (CAR2) to stop the construction of a second runway at Manchester's International Airport in 1997."
"Introduction of the American Power Act (Climate Change Bill)",2010,"Policy",{'primary_category': 'revealing_potential_for_system_change', 'justification': 'The bill introduced a legislative mechanism that could shift national emissions trajectories.', 'supporting_text': 'In May 2010, the Obama Administration introduced a long‑awaited Climate Change Bill, the American Power Act...'},"In May 2010 the Obama Administration introduced the American Power Act, a climate‑change bill targeting a 17 % reduction in carbon emissions by 2020 relative to 2005 levels.","In May 2010, the Obama Administration introduced a long-awaited Climate Change Bill, the American Power Act, which sought to reduce carbon emissions by 17 per cent by 2020 compared with 2005 levels."
"US Senate postponement of the American Power Act",2010,"Policy",{'primary_category': 'undermining_changes_and_progress', 'justification': 'Postponement halted legislative momentum, delaying emissions reductions.', 'supporting_text': 'In July 2010, the US Senate announced that it was postponing the advancement of the Climate Change Bill due to wide opposition...'},"In July 2010 the US Senate announced that it was postponing further advancement of the American Power Act because of broad opposition among Republican and some Democratic lawmakers.","In July 2010, the US Senate announced that it was postponing the advancement of the Climate Change Bill due to wide opposition among Republican lawmakers and some Democrats."
"350 campaign global day of action",2009,"Movement",{'primary_category': 'fostering_collective_action', 'justification': 'Coordinated demonstrations across 181 countries mobilised massive public participation.', 'supporting_text': 'In 2009, the campaign group 350 organised the single largest international campaign on climate change... organised a global day of action.'},"The campaign group 350 organised the largest international climate‑change campaign to date, staging a global day of action with 5,200 demonstrations in 181 countries.","In 2009, the campaign group 350 organised the single largest international campaign on climate change. ... Through the internet and other media channels, the 350 campaign organised a global day of action. A total of 5200 demonstrations took place in 181 countries, involving groups from across the en..."
"Coalition campaign against Heathrow third runway",None,"Process",{'primary_category': 'fostering_collective_action', 'justification': 'A broad coalition of NGOs jointly opposed airport expansion, demonstrating coordinated activism.', 'supporting_text': 'a wide coalition of campaign groups ... worked together to make the proposal for a third runway at London Heathrow airport politically unpalatable.'},"Over a number of years a broad coalition of groups—including Campaign for Better Transport, Climate Camp, FoE, National Trust, Greenpeace, Society for the Protection of Ancient Buildings and Plane Stu...","Over a number of years, a wide coalition of campaign groups, including Campaign for Better Transport, Climate Camp, FoE, National Trust, Greenpeace, Society for the Protection of Ancient Buildings, and Plane Stupid, worked together to make the proposal for a third runway at London Heathrow airport p..."
"US green campaigns for climate‑change legislation",None,"Process",{'primary_category': 'exposing_prevailing_condition', 'justification': 'Repeated failures reveal systemic obstacles to climate legislation in the US.', 'supporting_text': 'Over the past twenty years, green campaigns have been launched in support of a series of legislative climate change bills, and at the time of writing each one has failed.'},"During the past twenty years, various green campaigns in the United States have been launched to support a series of legislative climate‑change bills, each of which has failed to pass.","Over the past twenty years, green campaigns have been launched in support of a series of legislative climate change bills, and at the time of writing each one has failed."
"UN Conference on the Human Environment (UNCHE)",1972,"Conference",{'primary_category': 'revealing_potential_for_system_change', 'justification': 'The conference acted as a catalyst for new systemic mechanisms (MEAs, global governance).', 'supporting_text': 'This provided a catalyst for the introduction of multilateral environmental agreements (MEAs) and initiated the modern era of global environmental governance.'},"The international community first recognised the deterioration of the environment as an issue that required attention in its own right at this conference, which was held in Stockholm, Sweden. It serve...","The international community first recognised the deterioration of the environment as an issue that required attention in its own right at the 1972 UN Conference on the Human Environment (UNCHE), held in Stockholm (Sweden)."
"UN facilitation of global environmental conferences and agreements",1972,"Process",{'primary_category': 'fostering_collective_action', 'justification': 'The UN coordinates and enables collective international action on environmental issues.', 'supporting_text': 'Since the UNCHE, the UN has acted as the facilitator of global conferences and agreements on the environment.'},"Since the 1972 UN Conference on the Human Environment, the United Nations has acted as the primary facilitator for a series of global conferences and agreements addressing environmental issues, a role...","Since the UNCHE, the UN has acted as the facilitator of global conferences and agreements on the environment."
"Founding of the United Nations",1945,"Organization",{'primary_category': 'revealing_potential_for_system_change', 'justification': 'The creation of the UN introduced multilateral governance that made later environmental coordination possible.', 'supporting_text': 'when they created the UN in 1945'},"World powers created the United Nations, establishing a multilateral forum for global governance after World War II.","The post-war era of global environmental governance would not have been possible without the initial commitment to multilateralism shown by world powers when they created the UN in 1945."
"UN Scientific Conference on the Conservation and Utilization of Resources (UNSCCUR)",1949,"Conference",{'primary_category': 'revealing_potential_for_system_change', 'justification': 'Described as the first UN step to mobilise global science for higher living standards, signalling a systemic shift.', 'supporting_text': 'the first step by the United Nations towards mobilising the science of the whole world to promote higher standards of living'},"A UN‑sponsored scientific conference that brought together 640 scientists and experts from fifty countries to discuss land, water, forests, wildlife, fuels, energy and minerals. The Soviet Union boyco...","in 1949 the UN Scientific Conference on the Conservation and Utilization of Resources (UNSCCUR) was held at Lake Success in New York."
"Adoption of UN Declaration on Permanent Sovereignty over Natural Resources",1962,"Policy",{'primary_category': 'revealing_potential_for_system_change', 'justification': 'Secured recognition of developing nations’ rights, opening a pathway for more equitable resource governance.', 'supporting_text': 'In 1962 developing nations, led by Chile, secured a UN Declaration on Permanent Sovereignty over Natural Resources'},"Developing nations, led by Chile, secured a UN declaration affirming permanent sovereignty over their domestic natural resources.","In 1962 developing nations, led by Chile, secured a UN Declaration on Permanent Sovereignty over Natural Resources."
"UN General Assembly Resolution on Exploitation and Marketing of Natural Wealth",1966,"Policy",{'primary_category': 'revealing_potential_for_system_change', 'justification': 'The resolution formally recognised developing nations’ right to exploit and market natural wealth, altering global resource dynamics.', 'supporting_text': '1966 UN General Assembly Resolution, which recognised that developing nations must be able to exploit and market their natural wealth'},"A UN General Assembly resolution recognizing that developing nations must be able to exploit and market their natural wealth.","This was followed by a 1966 UN General Assembly Resolution, which recognised that developing nations must be able to exploit and market their natural wealth."
"UNESCO Biosphere Conference",1968,"Conference",{'primary_category': 'impacting_salience_and_social_acceptance', 'justification': 'Marked the first major public display of a new environmental focus, raising awareness of biosphere issues.', 'supporting_text': 'first major signs of this new environmental focus were displayed at the 1968 Biosphere Conference held in Paris'},"An international conference organized by UNESCO in Paris that examined the scientific basis for rational use and conservation of the biosphere and highlighted causes of environmental deterioration.","The first major signs of this new environmental focus were displayed at the 1968 Biosphere Conference held in Paris."
"Publication of Problems of the Human Environment",1969,"Publication",{'primary_category': 'impacting_salience_and_social_acceptance', 'justification': 'The report’s headline‑making warnings amplified global public concern about environmental degradation.', 'supporting_text': 'it made newspaper headlines across the world'},"A report by UN Secretary‑General U Thant warning that the world had a decade to address air and water pollution, soil erosion and waste of natural resources.","The report, entitled Problems of the Human Environment (1969), suggested the world had a decade to seriously address air and water pollution, soil erosion and the waste of natural resources."
"UN General Assembly Adoption of Resolution 2398 (XXIII) Convening the UN Conference on the Human Environment",1968,"Policy",{'primary_category': 'fostering_collective_action', 'justification': 'The resolution formally convened an international conference, creating a coordinated platform for action.', 'supporting_text': 'UN General Assembly adopted Resolution 2398 (XXIII) convening the UNCHE'},"The UN General Assembly, acting on a Swedish proposal, adopted resolution 2398 (XXIII) to convene a global conference on the human environment in Stockholm, highlighting the accelerating impairment of...","At its twenty-third session in December 1968, the UN General Assembly supported the Swedish proposal and agreed it would take place in Stockholm. The General Assembly adopted resolution 2398 (XXIII) convening the UNCHE..."
"Establishment and Ongoing Activities of the G77/China Grouping",None,"Process",{'primary_category': 'fostering_collective_action', 'justification': 'The grouping organised developing‑country priorities, enabling collective influence on global environmental governance.', 'supporting_text': 'grouping became instrumental in emphasising the links between the global environment and development agendas'},"In the late 1960s a G77/China grouping was formally established to harmonise the negotiating priorities of developing countries and, over the following decades, it played a key role in linking global ...","By the late 1960s, a G77/China grouping was formally established to harmonise the negotiating priorities of developing countries. This grouping became instrumental in emphasising the links between the global environment and development agendas over the following decades."
"Publication of The Founex Report on Development and Environment",1971,"Publication",{'primary_category': 'revealing_potential_for_system_change', 'justification': 'The report explicitly linked environment and development, showing a systemic interdependency that could shift policy trajectories.', 'supporting_text': 'The outcome of these discussions was The Founex Report on Development and Environment (1971), which clearly set out the link between environment and development priorities...'},"The report set out the link between environment and development priorities and helped convince developing countries that environmental issues were relevant to their situation.","The outcome of these discussions was The Founex Report on Development and Environment (1971), which clearly set out the link between environment and development priorities and helped to convince developing countries that environmental issues were relevant to their situation."
"Proposal to establish an international commission on global development",1977,"Other",{'primary_category': 'fostering_collective_action', 'justification': 'The commission was intended to mobilise public opinion, change government attitudes and revive international engagement.', 'supporting_text': 'suggested setting up an international commission... with the aim to influence public opinion, help change government attitudes, and revitalise international engagement...'},"In January 1977, the President of the World Bank, Robert McNamara, suggested setting up an international commission to formulate basic proposals to break through an impasse in negotiations on global d...","In January 1977 the president of the World Bank, Robert McNamara (1916-2009), suggested setting up an international commission to formulate basic proposals to break through an international impasse in negotiations on global development."
"United Nations Conference on the Human Environment (UNCHE)",None,"Conference",{'primary_category': 'revealing_potential_for_system_change', 'justification': 'UNCHE produced unprecedented international agreement and a lasting boost to global environmental governance.', 'supporting_text': 'This represented unprecedented international agreement... The conference generated a degree of enthusiasm for environmental action that has had a lasting influence on global environmental governance.'},"A nine‑day conference that produced an action plan of 106 recommendations and a Declaration of twenty‑six principles on the human environment, representing unprecedented international agreement among ...","After nine days of discussion and negotiation, the conference produced an action plan consisting of 106 recommendations, and a Declaration of twenty-six principles on the human environment."
"UNCHE preparatory process",None,"Process",{'primary_category': 'fostering_collective_action', 'justification': 'The process invited developing‑nation intellectuals, enabling the creation of the Founex Report.', 'supporting_text': 'As part of the UNCHE preparatory process, intellectuals from developing nations were invited... The outcome of these discussions was The Founex Report...'},"Preparatory process for the UN Conference on the Human Environment that invited intellectuals from developing nations to discuss issues related to the conference agenda.","As part of the UNCHE preparatory process, intellectuals from developing nations were invited to discuss issues related to the conference agenda."
"Alignment of UNCHE and UNEP on environment‑development integration",None,"Process",{'primary_category': 'revealing_potential_for_system_change', 'justification': 'The alignment signalled a systemic move toward integrating environmental and development agendas at the international level.', 'supporting_text': 'The UNCHE and UNEP started to address the links between the environment and development agendas.'},"Over a subsequent twenty‑year period, the UN Conference on the Human Environment and the United Nations Environment Programme moved from addressing links between environment and development to being c...","The UNCHE and UNEP started to address the links between the environment and development agendas. However, it took another twenty years for them to be closely aligned on the international stage."
"Publication of North‑South: A Program for Survival",1980,"Publication",{'primary_category': 'revealing_potential_for_system_change', 'justification': 'The report outlined a comprehensive strategy to restructure the global economic order, indicating a pathway for systemic change.', 'supporting_text': 'The 1980 North‑South report outlined a comprehensive strategy for restructuring the global economic order'},"The Brandt Commission released the report ""North‑South: A Program for Survival"", outlining a comprehensive strategy for restructuring the global economic order and linking developmental and environm...","It published two reports, North‑South: A Program for Survival (1980) and Common Crisis North‑South: Cooperation for World Recovery (1983)."
"Publication of Common Crisis North‑South: Cooperation for World Recovery",1983,"Publication",{'primary_category': 'revealing_potential_for_system_change', 'justification': 'It called for a substantial increase in resource flows to the developing world, proposing a new systemic response.', 'supporting_text': 'Brandt and his colleagues published Common Crisis, an emergency programme for action that called for a substantial increase in the flow of resources to the developing world'},"The Brandt Commission issued an emergency programme calling for a substantial increase in resource flows to the developing world amid a global debt crisis.","It published two reports, North‑South: A Program for Survival (1980) and Common Crisis North‑South: Cooperation for World Recovery (1983)."
"Publication of World Conservation Strategy",1980,"Publication",{'primary_category': 'revealing_potential_for_system_change', 'justification': 'The strategy introduced the interdependence of conservation and development, a foundation for sustainable system change.', 'supporting_text': 'The World Conservation Strategy stressed the interdependence of conservation and development and emphasised that for development to be sustainable it must ‘take account of social and ecological factors, as well as economic ones’'},"A coalition of UN agencies and environmental groups released the World Conservation Strategy, stressing the interdependence of conservation and development and introducing the notion of sustainable de...","It defined sustainable development, a concept that had been introduced seven years earlier in the World Conservation Strategy (1980) published by a coalition of UN agencies and environmental groups."
"Adoption of UN General Assembly Resolution 38/161 establishing the World Commission on Environment and Development (WCED)",1983,"Policy",{'primary_category': 'fostering_collective_action', 'justification': 'The resolution created a new international body to coordinate environmental and development efforts.', 'supporting_text': 'the UN General Assembly passed Resolution 38/161, establishing the World Commission on Environment and Development (WCED)'},"The UN General Assembly passed Resolution 38/161, creating the WCED (the Brundtland Commission) to address global environmental and development challenges.","In 1983, the same year that Common Crisis was published, the UN General Assembly passed Resolution 38/161, establishing the World Commission on Environment and Development (WCED)."
"Publication of Our Common Future (Brundtland Report)",1987,"Publication",{'primary_category': 'revealing_potential_for_system_change', 'justification': 'The report reframed the environment‑development link and defined sustainable development, shaping future system trajectories.', 'supporting_text': 'Our Common Future ... went further than any publication before it in reframing the link between environment and development. To do this it defined the requirements for ‘sustainable development’'},"The WCED, chaired by Gro Harlem Brundtland, released ""Our Common Future"", popularising the definition of sustainable development and linking environmental protection, economic growth, and social equ...","Its report, Our Common Future, also known as the Brundtland Report, was published in 1987."
"Union Carbide Bhopal chemical disaster",1984,"Other",{'primary_category': 'impacting_salience_and_social_acceptance', 'justification': 'The disaster spotlighted industrial environmental harm and revived global environmental consciousness.', 'supporting_text': 'These placed the spotlight on the environmental behaviour of industry and contributed to a revived global consciousness of environmental issues'},"A catastrophic gas leak at the Union Carbide pesticide plant in Bhopal, India, caused thousands of deaths and highlighted industrial environmental hazards.","During the lifetime of the Commission a number of international environmental disasters occurred, including the 1984 Union Carbide chemical explosion at Bhopal in India;"
"Chernobyl nuclear disaster",1986,"Other",{'primary_category': 'impacting_salience_and_social_acceptance', 'justification': 'The catastrophe heightened awareness of environmental risks associated with industrial activity.', 'supporting_text': 'These placed the spotlight on the environmental behaviour of industry and contributed to a revived global consciousness of environmental issues'},"A reactor explosion at the Chernobyl nuclear power plant in the Soviet Union released massive radioactive contamination, intensifying global environmental awareness.","the 1986 Chernobyl nuclear power plant disaster in the Soviet Union;"
"UN Conference on Environment and Development (UNCED) – Earth Summit",1992,"Conference",{'primary_category': 'fostering_collective_action', 'justification': 'The summit convened global actors to negotiate environmental and development commitments.', 'supporting_text': 'This led to the 1992 UN Conference on Environment and Development (UNCED), also known as the ‘Earth Summit’'},"The United Nations convened the global Earth Summit in Rio de Janeiro, Brazil, to negotiate a new agenda for sustainable development following the Brundtland Commission’s recommendations.","This led to the 1992 UN Conference on Environment and Development (UNCED), also known as the 'Earth Summit', which was held on the 3-12 June in Rio de Janeiro, Brazil, twenty years after the Stockholm Conference."
"United Nations Conference on Environment and Development (UNCED) – Rio Summit",1992,"Conference",{'primary_category': 'revealing_potential_for_system_change', 'justification': 'The summit produced major conventions and a global action plan, indicating a shift toward systemic change in environmental governance.', 'supporting_text': 'UNCED negotiators eventually secured the adoption of the UN Framework Convention on Climate Change (UNFCCC); ... Agenda 21; ...'},"A large‑scale political conference attended by 172 countries, over 100 heads of state and thousands of participants, marking a major post‑Cold‑War gathering on global environmental policy.","UNCED was one of the most publicised large-scale political events since the end of the Cold War.25 A total of 172 countries and over 100 heads of state were represented at the conference."
"Parallel NGO Global Forum at UNCED",1992,"Forum",{'primary_category': 'fostering_collective_action', 'justification': 'The forum acted as a catalyst for civil‑society networking and transnational advocacy, building collective capacity.', 'supporting_text': 'The parallel Global Forum had been a catalyst for civil society networking and concerted transnational advocacy...'},"A side event of UNCED that brought together approximately 17,000 participants, including about 2,400 NGO representatives, to network and advocate transnationally.","In addition 17,000 people including approximately 2400 representatives of non-governmental organisations (NGOs) attended the parallel NGO Global Forum."
"Adoption of the UN Framework Convention on Climate Change (UNFCCC)",1992,"Policy",{'primary_category': 'revealing_potential_for_system_change', 'justification': 'Adopting the UNFCCC created an international legal framework for climate mitigation, opening pathways for systemic transformation.', 'supporting_text': 'UNCED negotiators eventually secured the adoption of the UN Framework Convention on Climate Change (UNFCCC)...'},"Negotiators at UNCED secured the adoption of the UNFCCC, establishing an international treaty to address climate change.","UNCED negotiators eventually secured the adoption of the UN Framework Convention on Climate Change (UNFCCC);"
"Adoption of the Convention on Biological Diversity (CBD)",1992,"Policy",{'primary_category': 'fostering_collective_action', 'justification': 'Created an international legal framework that mobilises states to act on biodiversity.', 'supporting_text': 'by 1992 international momentum led to the adoption of the CBD.'},"International momentum at the Rio Earth Summit resulted in the adoption of the Convention on Biological Diversity, a global treaty to conserve biological diversity. UNCED resulted in the adoption of t...","UNCED negotiators eventually secured the adoption of ... the Convention on Biological Diversity (CBD);"
"Adoption of Agenda 21",1992,"Policy",{'primary_category': 'revealing_potential_for_system_change', 'justification': 'Agenda 21 offered a comprehensive plan for sustainable development, signaling a possible shift in global policy trajectories.', 'supporting_text': 'Adoption of Agenda 21 ... the most comprehensive and, if implemented, effective programme of action ever sanctioned...'},"A comprehensive global plan of action for sustainable development adopted at UNCED.","UNCED negotiators eventually secured the adoption of ... a global plan of action to promote sustainable development called Agenda 21;"
"Adoption of the Rio Declaration on Environment and Development",1992,"Policy",{'primary_category': 'revealing_potential_for_system_change', 'justification': 'The declaration set principles for state rights and responsibilities, providing a normative basis for systemic change.', 'supporting_text': 'Adoption of the Rio Declaration on Environment and Development, which set out a series of principles defining the rights and responsibilities of states...'},"A set of principles defining the rights and responsibilities of states regarding environment and development, adopted at UNCED.","UNCED negotiators eventually secured the adoption of ... the Rio Declaration on Environment and Development, which set out a series of principles defining the rights and responsibilities of states;"
"Adoption of the Statement of Forest Principles",1992,"Policy",{'primary_category': 'revealing_potential_for_system_change', 'justification': 'The statement promoted sustainable forest management, indicating a move toward systemic ecological governance.', 'supporting_text': 'Adoption of the Statement of Forest Principles to support the sustainable management of the world’s forests.'},"A declaration supporting the sustainable management of the world’s forests, adopted at UNCED.","UNCED negotiators eventually secured the adoption of ... a Statement of Forest Principles to support the sustainable management of the world's forests."
"Establishment of the Commission on Sustainable Development (CSD)",1992,"Organization",{'primary_category': 'fostering_collective_action', 'justification': 'CSD created an institutional mechanism to monitor and coordinate implementation of Agenda 21.', 'supporting_text': 'Summit also established the Commission on Sustainable Development (CSD) to monitor progress on the implementation of Agenda 21...'},"Creation of a UN commission to monitor progress on implementing Agenda 21.","The Summit also established the Commission on Sustainable Development (CSD) to monitor progress on the implementation of Agenda 21,"
"Creation of the Global Environment Facility (GEF)",1992,"Organization",{'primary_category': 'fostering_collective_action', 'justification': 'GEF provided a financial mechanism to support environmental projects, enabling collective resource mobilization.', 'supporting_text': 'a funding mechanism called the Global Environment Facility (GEF), which would be managed by the World Bank.'},"Establishment of a funding mechanism, managed by the World Bank, to support environmental projects worldwide.","and a funding mechanism called the Global Environment Facility (GEF), which would be managed by the World Bank."
"UN Conference on Population",1994,"Conference",{'primary_category': 'revealing_potential_for_system_change', 'justification': 'The follow‑up conference linked population issues to sustainable development, highlighting systemic interdependencies.', 'supporting_text': 'UNCED influenced a series of subsequent UN conferences, which examined population (1994)...'},"A UN conference that examined population issues, following the momentum of UNCED.","UNCED influenced a series of subsequent UN conferences, which examined population (1994),"
"UN Conference on Social Development",1995,"Conference",{'primary_category': 'revealing_potential_for_system_change', 'justification': 'Addressing social development underscored the cross‑scale dynamics needed for sustainable change.', 'supporting_text': 'UNCED influenced a series of subsequent UN conferences, which examined ... social development (1995)...'},"A UN conference focusing on social development, part of the post‑Rio series of meetings.","... social development (1995),"
"UN Conference on Rights and Roles of Women",1995,"Conference",{'primary_category': 'revealing_potential_for_system_change', 'justification': 'Focusing on gender rights highlighted systemic equity dimensions essential for harmony with nature.', 'supporting_text': 'UNCED influenced a series of subsequent UN conferences, which examined ... rights and roles of women (1995)...'},"A UN conference addressing women's rights and roles, following UNCED.","... rights and roles of women (1995)"
"UN Conference on Human Settlements",1996,"Conference",{'primary_category': 'revealing_potential_for_system_change', 'justification': 'Linking human settlements to sustainability revealed pathways for systemic urban transformation.', 'supporting_text': 'UNCED influenced a series of subsequent UN conferences, which examined ... human settlements (1996)...'},"A UN conference dealing with issues of human settlements, part of the series inspired by UNCED.","... and human settlements (1996)."
"UN General Assembly Special Session on the Environment (Rio+5)",1997,"Session",{'primary_category': 'exposing_prevailing_condition', 'justification': 'The session highlighted poverty’s threat to environment and development, exposing a critical barrier to harmony with nature.', 'supporting_text': 'The enormity and complexity of the poverty issue could very well endanger the social fabric, undermine economic development and the environment...'},"A special UNGA session to review and appraise the implementation of Agenda 21, ten years after UNCED.","In 1997, the UN General Assembly held a special session on the environment (also known as Rio+5) to review and appraise the implementation of Agenda 21."
"Adoption of UN General Assembly Resolution 55/199",2000,"Resolution",{'primary_category': 'exposing_prevailing_condition', 'justification': 'Resolution 55/199 acknowledged ongoing environmental deterioration, exposing the prevailing adverse condition.', 'supporting_text': 'adopted Resolution 55/199, acknowledging that ... the environment and the natural resource base continued to deteriorate at an alarming rate.'},"Resolution acknowledging continued environmental deterioration despite prior efforts, adopted in December 2000.","The need for action was further highlighted in December 2000, when the UN General Assembly adopted Resolution 55/199, acknowledging that, despite many successful and continuing efforts of the international community since UNCHE, the environment and the natural resource base continued to deteriorate ..."
"World Summit on Sustainable Development (WSSD)",2002,"Conference",{'primary_category': 'impacting_salience_and_social_acceptance', 'justification': 'The summit raised the global profile of sustainable development, increasing its political relevance.', 'supporting_text': 'WSSD temporarily raised the profile of sustainable development.'},"The WSSD, also known as Rio+10, was held in Johannesburg, South Africa from 26 August to 4 September 2002, attended by about 100 world leaders and over 22,000 participants. The summit produced the Pla...","The WSSD (also known as Rio+10) was held in Johannesburg (South Africa) from 26 August to 4 September 2002, and was attended by approximately 100 world leaders and over 22,000 participants."
"Rejection of the Kyoto Protocol by the United States",2001,"Policy",{'primary_category': 'exposing_prevailing_condition', 'justification': 'The rejection highlights a US political stance that runs counter to international climate action.', 'supporting_text': 'Bush had rejected the Kyoto Protocol ... claiming that it would cripple the US economy.'},"U.S. President George W. Bush rejected the Kyoto Protocol, arguing it would cripple the U.S. economy and give unfair exemptions to developing nations, a stance viewed as increasingly isolationist.","A year earlier, Bush had rejected the Kyoto Protocol to tackle climate change, claiming that it would cripple the US economy and that it gave unfair exemptions to developing nations."
"Adoption of the Ramsar Convention",1971,"Policy",{'primary_category': 'revealing_potential_for_system_change', 'justification': 'Early multilateral agreement created a legal framework for wetland conservation, showing how institutions can shift environmental governance.', 'supporting_text': 'Early MEAs covered ... protection of wetlands (Ramsar Convention, 1971).'},"International treaty for the protection of wetlands, establishing a framework for wetland conservation.","Early MEAs covered specific traditional conservation issues such as the protection of wetlands (Ramsar Convention, 1971)"
"Adoption of the Convention on International Trade in Endangered Species of Wild Fauna and Flora (CITES)",1973,"Policy",{'primary_category': 'revealing_potential_for_system_change', 'justification': 'CITES introduced a binding regime for species protection, illustrating systemic change potential.', 'supporting_text': 'Early MEAs ... endangered species (Convention on International Trade in Endangered Species of Wild Fauna and Flora, CITES, 1973).'},"Treaty regulating international trade in endangered wildlife to ensure their survival.","Early MEAs covered specific traditional conservation issues ... of endangered species (Convention on International Trade in Endangered Species of Wild Fauna and Flora, CITES, 1973)"
"Adoption of the Vienna Convention for the Protection of the Ozone Layer",1985,"Policy",{'primary_category': 'revealing_potential_for_system_change', 'justification': 'The convention expanded MEA scope to ozone‑depleting substances, indicating broader systemic reach.', 'supporting_text': 'including ozone‑depleting substances (Vienna Convention, 1985; Montreal Protocol, 1987);'},"International agreement to protect the ozone layer by phasing out ozone‑depleting substances.","From the late 1980s onwards, MEAs were established to address a wide range of second‑generation environmental issues, including ozone‑depleting substances (Vienna Convention, 1985"
"Adoption of the Montreal Protocol",1987,"Policy",{'primary_category': 'revealing_potential_for_system_change', 'justification': 'The protocol shows how MEAs can drive global technical phase‑outs, a systemic shift.', 'supporting_text': 'including ozone‑depleting substances (Vienna Convention, 1985; Montreal Protocol, 1987);'},"Global treaty to phase out production and consumption of substances that deplete the ozone layer.","From the late 1980s onwards, MEAs were established to address a wide range of second‑generation environmental issues, including ozone‑depleting substances (Vienna Convention, 1985; Montreal Protocol, 1987)"
"Adoption of the Basel Convention",1989,"Policy",{'primary_category': 'revealing_potential_for_system_change', 'justification': 'It created a global regime for hazardous waste, expanding the environmental governance system.', 'supporting_text': 'hazardous wastes (Basel Convention, 1989);'},"Treaty governing the transboundary movements of hazardous wastes and their disposal.","From the late 1980s onwards, MEAs were established to address a wide range of second‑generation environmental issues, including ... hazardous wastes (Basel Convention, 1989)"
"Adoption of the United Nations Framework Convention on Climate Change (UNFCCC)",1992,"Policy",{'primary_category': 'fostering_collective_action', 'justification': 'Established a global treaty platform for coordinated climate mitigation and adaptation efforts.', 'supporting_text': 'the UNFCCC (see Chapter 3).'},"At the Rio Earth Summit, the UNFCCC was adopted, establishing a framework for international climate‑change mitigation and adaptation efforts. International treaty establishing a framework for global a...","From the late 1980s onwards, MEAs were established to address a wide range of second‑generation environmental issues, including ... climate change (UNFCCC, 1992)"
"Adoption of the Rotterdam Convention",1998,"Policy",{'primary_category': 'revealing_potential_for_system_change', 'justification': 'The convention introduced a mechanism for hazardous chemicals, extending MEA coverage.', 'supporting_text': 'hazardous chemicals and pesticides (Rotterdam Convention, 1998);'},"International agreement to promote shared responsibility and cooperative efforts in the international trade of hazardous chemicals and pesticides.","From the late 1980s onwards, MEAs were established to address a wide range of second‑generation environmental issues, including ... hazardous chemicals and pesticides (Rotterdam Convention, 1998)"
"Adoption of the Cartagena Protocol on Biosafety",2000,"Policy",{'primary_category': 'revealing_potential_for_system_change', 'justification': 'It added biosafety to the MEA portfolio, showing evolving system scope.', 'supporting_text': 'bio‑safety (Cartagena Protocol, 2000);'},"Supplementary agreement to the Convention on Biological Diversity that addresses the safe handling, transport and use of living modified organisms resulting from modern biotechnology.","From the late 1980s onwards, MEAs were established to address a wide range of second‑generation environmental issues, including ... bio‑safety (Cartagena Protocol, 2000)"
"Adoption of the Stockholm Convention on Persistent Organic Pollutants",2001,"Policy",{'primary_category': 'revealing_potential_for_system_change', 'justification': 'The convention addressed persistent pollutants, further broadening MEA impact.', 'supporting_text': 'persistent organic pollutants (Stockholm Convention, 2001).'},"Global treaty aiming to eliminate or restrict the production and use of persistent organic pollutants (POPs).","From the late 1980s onwards, MEAs were established to address a wide range of second‑generation environmental issues, including ... persistent organic pollutants (Stockholm Convention, 2001)"
"Signing of the Vienna Convention for the Protection of the Ozone Layer",1985,"Policy",{'primary_category': 'fostering_collective_action', 'justification': 'The signing mobilised many nations into coordinated action, creating a platform for later agreements.', 'supporting_text': 'public concern ... first translated into coordinated international action in 1985, when twenty nations signed the Vienna Convention for the Protection of the Ozone Layer'},"Public concern over ozone depletion led to coordinated international action when twenty nations signed the Vienna Convention, establishing a framework for negotiating regulations on ozone‑depleting su...","Public concern over the health and environmental impacts of depletion of the ozone layer first translated into coordinated international action in 1985, when twenty nations signed the Vienna Convention for the Protection of the Ozone Layer."
"Signing of the Montreal Protocol on Substances that Deplete the Ozone Layer",1987,"Policy",{'primary_category': 'fostering_collective_action', 'justification': 'The protocol gathered broad international participation to freeze and reduce CFC production.', 'supporting_text': 'By 1987, representatives from forty-three nations had agreed to sign the Montreal Protocol, freeze production of CFCs at 1986 levels, and reduce production by 50 per cent by 1999'},"Representatives from forty‑three nations agreed to sign the Montreal Protocol, freezing CFC production at 1986 levels and committing to a 50 % reduction by 1999.","By 1987, representatives from forty‑three nations had agreed to sign the Montreal Protocol, freeze production of CFCs at 1986 levels, and reduce production by 50 per cent by 1999."
"First Strengthening of the Montreal Protocol",1990,"Policy",{'primary_category': 'revealing_potential_for_system_change', 'justification': 'The 1990 strengthening incorporated new scientific evidence, expanding the protocol’s scope.', 'supporting_text': 'As further scientific evidence about the ozone layer was published, the Protocol was strengthened in 1990'},"The Montreal Protocol was amended to introduce stronger control measures on ozone‑depleting substances.","As further scientific evidence about the ozone layer was published, the Protocol was strengthened in 1990 ..."
"Second Strengthening of the Montreal Protocol",1992,"Policy",{'primary_category': 'revealing_potential_for_system_change', 'justification': 'The 1992 amendment further tightened controls, moving toward full phase‑out of CFCs.', 'supporting_text': 'and again in 1992 to phase out CFCs entirely by 1996'},"Further amendments to the Montreal Protocol accelerated the phase‑out schedule for CFCs, targeting complete elimination by 1996.","... and again in 1992 to phase out CFCs entirely by 1996."
"Establishment of the Intergovernmental Panel on Climate Change (IPCC)",1988,"Organization",{'primary_category': 'fostering_collective_action', 'justification': 'Created a joint scientific body to assess climate information for policy makers.', 'supporting_text': 'The scientific support is provided by the Intergovernmental Panel on Climate Change (IPCC), created in 1988 by the WMO and UNEP'},"The IPCC was created by the World Meteorological Organization and the United Nations Environment Programme to assess scientific information on climate change.","The scientific support is provided by the Intergovernmental Panel on Climate Change (IPCC), created in 1988 by the WMO and UNEP."
"Publication of the IPCC First Assessment Report",1990,"Publication",{'primary_category': 'fostering_collective_action', 'justification': 'Provided the first consolidated scientific basis for climate negotiations.', 'supporting_text': 'It produced its first assessment report on the science of climate change in 1990'},"The IPCC released its first comprehensive assessment of the science of climate change, providing a basis for international negotiations.","It produced its first assessment report on the science of climate change in 1990..."
"Publication of the IPCC Second Assessment Report",1995,"Publication",{'primary_category': 'impacting_salience_and_social_acceptance', 'justification': 'Strengthened the public and political perception of human influence on climate.', 'supporting_text': 'The IPCC’s second assessment report, published in 1995, concluded that ‘the balance of evidence suggests a discernible human influence on global climate’'},"The second IPCC assessment concluded that a discernible human influence on global climate was evident.","The IPCC's second assessment report, published in 1995, concluded that 'the balance of evidence suggests a discernible human influence on global climate'."
"Publication of the IPCC Fourth Assessment Report",2007,"Publication",{'primary_category': 'impacting_salience_and_social_acceptance', 'justification': 'Delivered the most forceful scientific statement linking anthropogenic emissions to warming.', 'supporting_text': 'By the fourth assessment report (2007), the IPCC’s conclusions were more strongly worded: Most of the observed increase ... is very likely due to ... anthropogenic greenhouse gas concentrations'},"The fourth assessment report presented strong evidence that most of the observed warming since the mid‑20th century is very likely due to anthropogenic greenhouse‑gas emissions.","By the fourth assessment report (2007), the IPCC's conclusions were more strongly worded: 'Most of the observed increase in globally averaged temperatures since the mid‑20th century is very likely due to the observed increase in anthropogenic (human) greenhouse gas concentrations.'"
"IPCC Awarded the Nobel Peace Prize",2007,"Other",{'primary_category': 'impacting_salience_and_social_acceptance', 'justification': 'Elevated the IPCC’s credibility and visibility worldwide.', 'supporting_text': 'In 2007, the IPCC was awarded the Nobel Peace Prize for its ‘efforts to lay the foundations for measures that are needed to counteract climate change’'},"The IPCC received the Nobel Peace Prize for its efforts in laying the scientific foundations for measures needed to counteract climate change.","In 2007, the IPCC was awarded the Nobel Peace Prize for its 'efforts to lay the foundations for measures that are needed to counteract climate change'."
"British Antarctic Survey Reports Antarctic Ozone Depletion",1985,"Research",{'primary_category': 'exposing_prevailing_condition', 'justification': 'Provided concrete evidence of severe ozone loss, highlighting the problem’s magnitude.', 'supporting_text': 'the British Antarctic Survey found that the springtime atmospheric concentration of ozone in the Antarctic had decreased by 40 per cent from 1964 levels'},"The British Antarctic Survey measured a 40 % decrease in springtime atmospheric ozone over Antarctica compared with 1964 levels.","That same year the British Antarctic Survey found that the springtime atmospheric concentration of ozone in the Antarctic had decreased by 40 per cent from 1964 levels."
"Ongoing Production of IPCC Assessment Reports",None,"Process",{'primary_category': 'fostering_collective_action', 'justification': 'Continual assessments sustain scientific input for policy cycles.', 'supporting_text': 'Since 1990 four IPCC assessment reports have been produced, each providing new and stronger evidence'},"Since 1990 the IPCC has produced four assessment reports, providing periodic scientific updates that inform climate policy and negotiations.","Since 1990 four IPCC assessment reports have been produced, each providing new and stronger evidence that global warming can be attributed to human activities."
"Adoption of the UNFCCC",1992,"Policy",{'primary_category': 'fostering_collective_action', 'justification': 'The adoption created a shared governance framework for climate action.', 'supporting_text': 'countries acted quickly to adopt the UNFCCC in 1992'},"Countries acted quickly after the first IPCC assessment report to adopt the United Nations Framework Convention on Climate Change, providing a framework for negotiating greenhouse‑gas protocols.","After the first IPCC assessment report, countries acted quickly to adopt the UNFCCC in 1992."
"Entry into force of the UNFCCC",1994,"Policy",{'primary_category': 'revealing_potential_for_system_change', 'justification': 'Its entry made the framework operational, enabling later protocols.', 'supporting_text': 'entered into force in 1994'},"The UNFCCC, after being ratified by a large number of countries, entered into legal force, establishing an international climate‑change treaty.","Its non-binding status meant it was ratified by a large number of countries including the USA, and entered into force in 1994."
"Annual Conferences of the Parties (COP) of the UNFCCC",1995,"Process",{'primary_category': 'fostering_collective_action', 'justification': 'COPs provide a regular venue for parties to negotiate and refine commitments.', 'supporting_text': 'all signatories ... have met at annual Conferences of the Parties (COP) to further refine the treaty'},"Starting in 1995, all signatories of the UNFCCC have met each year at the Conferences of the Parties to refine the treaty and negotiate subsequent protocols.","From 1995 onwards, all signatories of the UNFCCC have met at annual Conferences of the Parties (COP) to further refine the treaty."
"Establishment of the Kyoto Protocol (COP 3)",1997,"Conference",{'primary_category': 'revealing_potential_for_system_change', 'justification': 'Kyoto introduced mandatory emissions‑reduction targets for the first time.', 'supporting_text': 'COP 3 in 1997 established the Kyoto Protocol to create mandatory emissions‑reduction targets'},"At the third Conference of the Parties, parties adopted the Kyoto Protocol, setting mandatory emissions‑reduction targets for developed (Annex 1) countries to be achieved by 2008‑2012.","COP 3 in 1997 established the Kyoto Protocol to create mandatory emissions‑reduction targets for specific developed countries to be achieved by 2008-12."
"COP 15 – Copenhagen Climate Conference",2009,"Conference",{'primary_category': 'impacting_salience_and_social_acceptance', 'justification': 'The conference was framed as a high‑profile ‘mega conference’, raising public and political attention.', 'supporting_text': 'it had all the characteristics of an environmental ‘mega conference’'},"The fifteenth Conference of the Parties convened in Copenhagen in December 2009, attracting 10,500 delegates, 13,500 observers and 3,000 media representatives, with 120 world leaders scheduled to atte...","When COP 15 took place in December 2009, it had all the characteristics of an environmental 'mega conference'. A total of 10,500 delegates, 13,500 observers and 3000 media representatives attended COP 15, while 120 of the world's leaders were scheduled to arrive in time for a final agreement."
"Adoption of the Copenhagen Accord",2009,"Policy",{'primary_category': 'undermining_changes_and_progress', 'justification': 'The Accord consisted only of non‑binding commitments, limiting its effectiveness.', 'supporting_text': 'final outcome was a statement of commitment to action called the Copenhagen Accord'},"The final outcome of COP 15 was the Copenhagen Accord, a statement of commitment to action supplemented by an annex of non‑binding commitments from all major polluting countries, along with funding pl...","The final outcome was a statement of commitment to action called the Copenhagen Accord, supplemented by an annex of non-binding commitments from all the major polluting countries."
"First International Summit on the Human Environment (Stockholm Conference)",1972,"Conference",{'primary_category': 'revealing_potential_for_system_change', 'justification': 'Shows the historical origin of global environmental governance, indicating the system’s capacity to evolve.', 'supporting_text': 'examined the emergence of global environmental governance from the first international summit to address human environment issues in 1972'},"The inaugural global summit that addressed human environment issues, marking the beginning of modern international environmental governance.","This chapter has examined the emergence of global environmental governance from the first international summit to address human environment issues in 1972..."
"COP 16 (UNFCCC Conference of the Parties) in Cancun",2010,"Conference",{'primary_category': 'fostering_collective_action', 'justification': 'Negotiations produced concrete outcomes – a fund and MRV principles – that enable coordinated climate action.', 'supporting_text': 'Negotiations were constructive ... established a Green Climate Fund ... agreed principles for monitoring, reporting and verification of emissions'},"In early December 2010, parties to the UNFCCC gathered in Cancun, Mexico, where they negotiated principles for monitoring, reporting and verification of emissions and established the Green Climate Fun...","In early December 2010, the international community convened at COP 16 in Cancun, Mexico. Negotiations were constructive and dealt with some of the issues COP 15 had not resolved. Countries agreed principles for monitoring, reporting and verification of emissions, and established a Green Climate Fun..."
"COP 17 (UNFCCC Conference of the Parties) in Durban",2011,"Conference",{'primary_category': 'revealing_potential_for_system_change', 'justification': 'The aim of a more comprehensive agreement signals a possible shift toward a stronger climate regime.', 'supporting_text': 'aim of a more comprehensive agreement at COP 17 in Durban'},"The next scheduled UNFCCC conference aimed at reaching a more comprehensive climate agreement, held in Durban, South Africa.","the negotiation process was able to move forward with the aim of a more comprehensive agreement at COP 17 in Durban, South Africa in 2011."
"2012 Earth Summit (Rio+20 / Stockholm +40)",2012,"Conference",{'primary_category': 'impacting_salience_and_social_acceptance', 'justification': 'The summit is a high‑profile global forum that raises visibility of environmental governance.', 'supporting_text': 'preparation for the 2012 Earth Summit (Stockholm +40, Rio +20)'},"A major global summit convened to review progress since the 1972 Stockholm Conference and to set a new agenda for sustainable development and environmental governance.","Global environmental governance has now reached a critical juncture, with climate change negotiations and preparation for the 2012 Earth Summit (Stockholm +40, Rio +20) being undertaken..."
"Inaugural meeting of the British Ecological Society",1913,"Meeting",{'primary_category': 'fostering_collective_action', 'justification': 'The meeting created an organized community of ecologists, enabling coordinated scientific activity.', 'supporting_text': 'In 1913 the British Ecological Society held its inaugural meeting'},"The British Ecological Society convened its first official gathering, marking the formal establishment of a professional community for ecologists in the United Kingdom.","In 1913 the British Ecological Society held its inaugural meeting"
"Foundation of the Ecological Society of America",1915,"Organization",{'primary_category': 'fostering_collective_action', 'justification': 'Founding the society institutionalised ecological research in the United States, supporting collective action.', 'supporting_text': 'followed two years later by the foundation of the Ecological Society of America'},"Two years after the British society’s first meeting, the Ecological Society of America was founded, creating a national professional organization for ecologists in the United States.","followed two years later by the foundation of the Ecological Society of America"
"Publication of ""Inimical Effects on Wildlife of Periodic DDD Applications to Clear Lake""",1960,"Publication",{'primary_category': 'revealing_potential_for_system_change', 'justification': 'The study revealed how low‑dose pesticides bioaccumulate, showing a pathway for systemic ecological impact.', 'supporting_text': 'The Clear Lake study showed that chemicals applied directly to a body of water ... progressed up the natural food chain'},"Researchers Hunt and Bischoff released a scientific paper documenting how the pesticide DDD bio‑accumulated through the food chain in Clear Lake, California, leading to dramatic declines in grebe popu...","In 1960, Hunt and Bischoff published a paper entitled 'Inimical Effects on Wildlife of Periodic DDD Applications to Clear Lake'"
"Publication of Silent Spring (book)",1962,"Publication",{'primary_category': 'impacting_salience_and_social_acceptance', 'justification': 'The book reached a massive audience and moved pesticide use onto the political agenda, shifting public discourse.', 'supporting_text': 'Silent Spring was a popular science phenomenon – almost a million copies were sold in its first two years.'},"Rachel Carson's book Silent Spring was published in book form after being first serialized in The New Yorker, bringing widespread public attention to the risks of pesticides.","The completed work was first serialised in the New Yorker and then published in book form as Silent Spring in 1962."
"Billboard advertising campaign ""Ecology? Look it up! You're involved"" in Vancouver",1969,"Other",{'primary_category': 'fostering_collective_action', 'justification': 'The campaign directly invited citizens to see themselves as part of ecology, mobilising public engagement.', 'supporting_text': 'In 1969, billboard adverts appeared across Vancouver with the message ‘Ecology? Look it up! You’re involved’.'},"A series of billboard adverts promoting ecology as a revolutionary idea appeared across Vancouver, funded by journalist Ben Metcalfe.","In 1969, billboard adverts appeared across Vancouver with the message 'Ecology? Look it up! You're involved'. Ben Metcalfe (1919-2003), a journalist who later became the first chairman of Greenpeace, paid for the posters as he wanted to promote ecology as a revolutionary idea."
"First edition publication of The Ecologist magazine",1970,"Publication",{'primary_category': 'fostering_collective_action', 'justification': 'Created a dedicated platform for environmental thinking, enabling coordination of ideas and actors.', 'supporting_text': 'Edward Goldsmith published the first edition of a new magazine called The Ecologist as a platform for environmental thinking in the UK.'},"Edward Goldsmith launched the new environmental magazine The Ecologist in the United Kingdom, providing a platform for ecological and environmental thinking.","The following year, Edward Goldsmith (1928-2009) published the first edition of a new magazine called The Ecologist as a platform for environmental thinking in the UK."
"Publication of ""A Blueprint for Survival"" in The Ecologist",1972,"Publication",{'primary_category': 'revealing_potential_for_system_change', 'justification': 'The manifesto articulated a vision for societal transformation, highlighting systemic interdependencies.', 'supporting_text': 'It published Goldsmith’s ‘A Blueprint for Survival’, a manifesto for societal change … sold 750,000 copies as a paperback book.'},"The Ecologist magazine published Edward Goldsmith's manifesto "A Blueprint for Survival", which advocated societal change and sold 750,000 paperback copies.","The magazine reached a wide audience in 1972 when it published Goldsmith's 'A Blueprint for Survival', a manifesto for societal change that was endorsed by scientists and academics and went on to sell 750,000 copies as a paperback book."
"Publication of *Post‑Scarcity Anarchism*",1970,"Publication",{'primary_category': 'revealing_potential_for_system_change', 'justification': 'Introduces a radical ecological perspective linking social conditions to environmental health.', 'supporting_text': 'Murray Bookchin ... developed ... in books such as Post‑Scarcity Anarchism (1970).'},"Murray Bookchin combined anarchist political philosophy with ecology in the book *Post‑Scarcity Anarchism*, published in 1970.","Murray Bookchin (1921-2006) developed a more politically revolutionary approach, in which he combined anarchist political philosophy with ecology in books such as Post‑Scarcity Anarchism (1970)."
"Establishment of the Royal Commission for Environmental Pollution (UK)",1970,"Organization",{'primary_category': 'fostering_collective_action', 'justification': 'Creates a governmental body dedicated to environmental concerns, enabling coordinated action.', 'supporting_text': 'It was not until 1970 that the UK government set up the Royal Commission for Environmental Pollution'},"The UK government set up the Royal Commission for Environmental Pollution in 1970 to address growing public concern about environmental pollution.","It was not until 1970 that the UK government set up the Royal Commission for Environmental Pollution..."
"Establishment of the Department for the Environment (UK)",1970,"Organization",{'primary_category': 'fostering_collective_action', 'justification': 'Institutionalises environmental governance within the state apparatus.', 'supporting_text': 'the UK government set up ... a Department for the Environment'},"In 1970 the UK government created the Department for the Environment to focus on environmental, rather than purely economic, concerns.","...and a Department for the Environment..."
"Establishment of the United States Environmental Protection Agency (EPA)",1970,"Organization",{'primary_category': 'fostering_collective_action', 'justification': 'Establishes a national agency to regulate and protect the environment.', 'supporting_text': 'the US administration established the US Environmental Protection Agency.'},"The US administration established the Environmental Protection Agency in 1970 to address environmental pollution and integrate scientific data into policy making.","...the US administration established the US Environmental Protection Agency."
"Creation of environmental protection agencies (1970s onward)",None,"Process",{'primary_category': 'fostering_collective_action', 'justification': 'Reflects a managerial, institutional response to environmental concerns.', 'supporting_text': 'creation of environmental protection agencies from the 1970s onward reflected this managerial approach to environmentalism.'},"From the 1970s onward, many nation‑states created dedicated environmental protection agencies, marking a shift toward managerial environmentalism.","The creation of environmental protection agencies from the 1970s onwards reflected this managerial approach to environmentalism."
"Development of the Gaia hypothesis",None,"Process",{'primary_category': 'revealing_potential_for_system_change', 'justification': 'Proposes a holistic, planetary‑scale view of life‑environment interaction.', 'supporting_text': 'James Lovelock ... developed his Gaia hypothesis during the 1970s.'},"NASA scientist James Lovelock formulated the Gaia hypothesis during the 1970s, proposing that Earth functions as a single living system regulated by life.","The US National Aeronautics and Space Administration (NASA) scientist James Lovelock (b. 1919) introduced a scientific twist to the biocentric approach to environmentalism when he developed his Gaia hypothesis during the 1970s."
"Nimbus Earth observation satellite program",1964,"Process",{'primary_category': 'revealing_potential_for_system_change', 'justification': 'Provided new remote‑sensing data that enabled scientific models and policy‑relevant knowledge, opening pathways for systemic environmental change.', 'supporting_text': 'From 1964 onwards, a series of Nimbus Earth observation satellites enabled remote sensing of the atmosphere, land surface, oceans and ecosystems.'},"A series of Nimbus Earth observation satellites were launched starting in 1964, enabling remote sensing of the atmosphere, land surface, oceans and ecosystems.","From 1964 onwards, a series of Nimbus Earth observation satellites enabled remote sensing of the atmosphere, land surface, oceans and ecosystems."
"UN endorsement of global research programmes (GARP and GEMS)",None,"Process",{'primary_category': 'fostering_collective_action', 'justification': 'UN support coordinated worldwide scientific collaboration, building the collective capacity needed for large‑scale environmental research.', 'supporting_text': 'the UN system endorsed and supported global collaboration and research programmes such as the Global Atmospheric Research Programme (GARP) and the Global Environment Monitoring System (GEMS).'},"In the late 1960s the United Nations system endorsed and supported global collaboration and research programmes such as the Global Atmospheric Research Programme (GARP) and the Global Environment Moni...","Starting in the late 1960s, the UN system endorsed and supported global collaboration and research programmes such as the Global Atmospheric Research Programme (GARP) and the Global Environment Monitoring System (GEMS)."
"IUCN Red Data Books publication",1966,"Process",{'primary_category': 'impacting_salience_and_social_acceptance', 'justification': 'The Red Data Books highlighted threatened species, raising public and political awareness of biodiversity loss.', 'supporting_text': 'From 1966 onwards, the International Union for Conservation of Nature (IUCN) published Red Data Books of threatened species in need of conservation attention.'},"From 1966 onward the International Union for Conservation of Nature (IUCN) published Red Data Books documenting threatened species in need of conservation attention.","From 1966 onwards, the International Union for Conservation of Nature (IUCN) published Red Data Books of threatened species in need of conservation attention."
"Establishment of the World Climate Research Programme",1980,"Organization",{'primary_category': 'fostering_collective_action', 'justification': 'Created an institutional platform for coordinated climate research across nations.', 'supporting_text': 'The first World Climate Research Programme was established in 1980.'},"The first World Climate Research Programme was established, creating a coordinated international effort to study climate systems.","the first World Climate Research Programme was established in 1980."
"Publication of the first high‑profile global climate study",1986,"Publication",{'primary_category': 'impacting_salience_and_social_acceptance', 'justification': 'Brought climate projections to the political arena, increasing issue visibility.', 'supporting_text': 'The first high‑profile study of what might happen to the global climate over time was published in 1986.'},"A landmark study projecting future global climate change was published, raising awareness of potential climate impacts.","The first high‑profile study of what might happen to the global climate over time was published in 198615"
"Formation of the Intergovernmental Panel on Climate Change (IPCC)",None,"Organization",{'primary_category': 'fostering_collective_action', 'justification': 'Established a global scientific body that coordinates climate expertise for policy relevance.', 'supporting_text': 'the IPCC was formed a year later.'},"Following the 1986 climate study, the IPCC was created a year later to assess scientific information on climate change.","and the IPCC was formed a year later."
"Rapid growth of climate‑change scientific literature",None,"Process",{'primary_category': 'impacting_salience_and_social_acceptance', 'justification': 'The five‑fold increase in publications amplified climate change’s prominence among governments and the public.', 'supporting_text': 'Between the years 1990 and 2000, the number of articles on climate change published in science journals increased fivefold and governments and the public started to take notice of climate change.'},"Between 1990 and 2000 the number of peer‑reviewed articles on climate change increased fivefold, reflecting expanding scientific attention.","Between the years 1990 and 2000, the number of articles on climate change published in science journals increased fivefold"
"1992 Rio Earth Summit (United Nations Conference on Environment and Development)",1992,"Conference",{'primary_category': 'impacting_salience_and_social_acceptance', 'justification': 'Brought biodiversity and climate change onto the global political agenda, enhancing issue salience.', 'supporting_text': 'Biodiversity together with climate change secured global attention at the 1992 Rio Earth Summit.'},"The Rio Earth Summit brought biodiversity and climate change to the top of the global agenda, leading to major treaty negotiations.","Biodiversity together with climate change secured global attention at the 1992 Rio Earth Summit through the CBD and the UNFCCC."
"Establishment of the 2002 biodiversity‑loss reduction target",2002,"Policy",{'primary_category': 'revealing_potential_for_system_change', 'justification': 'Set a quantitative ambition that signalled a possible shift in biodiversity trajectories.', 'supporting_text': 'the target established in 2002 to achieve a significant reduction in the rate of biodiversity loss by 2010.'},"A target was set in 2002 to achieve a significant reduction in the rate of biodiversity loss by 2010.","the target established in 2002 to achieve a significant reduction in the rate of biodiversity loss by 2010"
"Publication of the 2010 Global Biodiversity Outlook",2010,"Publication",{'primary_category': 'exposing_prevailing_condition', 'justification': 'Documented that the 2002 target had not been met, highlighting ongoing failure.', 'supporting_text': 'The 2010 Global Biodiversity Outlook found that the target established in 2002 ... had not been met.'},"The 2010 Global Biodiversity Outlook reported that the 2002 biodiversity‑loss reduction target had not been met.","The 2010 Global Biodiversity Outlook found that the target established in 2002 to achieve a significant reduction in the rate of biodiversity loss by 2010 had not been met."
"International debates over acid rain",None,"Process",{'primary_category': 'impacting_salience_and_social_acceptance', 'justification': 'The term denotes a key communication tool that draws attention to threatened species.', 'supporting_text': 'Red Data Books of threatened species in need of conservation attention.'},"Debates in the 1970s and 1980s over the scientific evidence and policy responses to acid rain illustrated the burden‑of‑proof issue.","International debates over acid rain in the 1970s and 1980s"
"International debates over genetically modified (GM) food",None,"Process",,"Debates in the 1990s and 2000s over genetically modified food highlighted conflicts over scientific evidence and regulatory decisions.","and genetically modified (GM) food in the 1990s and 2000s"
"Great London Smog",1952,"Event",{'primary_category': 'exposing_prevailing_condition', 'justification': 'The smog highlighted severe air‑pollution, prompting public demand for action.', 'supporting_text': 'the 1952 great London smog brought about public demand for action on smoke pollution'},"A highly visible pollution event in London that triggered public demand for action on smoke pollution and led to a government‑backed enquiry.","the UK highly visible pollution events such as the 1952 great London smog brought about public demand for action on smoke pollution and a government‑backed enquiry."
"Publication of the Beaver Committee Report",1954,"Publication",{'primary_category': 'revealing_potential_for_system_change', 'justification': 'The report identified sulphur dioxide as a highly harmful pollutant, indicating need for systemic change.', 'supporting_text': 'Beaver Committee Report (1954) concluded that levels of air pollution could no longer be tolerated… ‘sulphur dioxide is one of the most harmful of all polluting agents’'},"Report of the UK‑appointed Beaver Committee concluding that air‑pollution levels could no longer be tolerated and highlighting sulphur dioxide as a particularly harmful pollutant.","The resulting Beaver Committee Report (1954) concluded that levels of air pollution could no longer be tolerated but also observed that 'sulphur dioxide is one of the most harmful of all polluting agents'."
"Passage of the Clean Air Act",1956,"Policy",{'primary_category': 'fostering_collective_action', 'justification': 'Legislation created smokeless zones and promoted cleaner fuels, enabling concrete mitigation.', 'supporting_text': 'passing the 1956 Clean Air Act, which established smokeless zones and encouraged the burning of smokeless fuels'},"UK legislation establishing smokeless zones and encouraging the use of smokeless fuels to curb air‑pollution.","The UK government responded by passing the 1956 Clean Air Act, which established smokeless zones and encouraged the burning of smokeless fuels."
"Sweden Accuses European Neighbours of Exporting Air Pollution",1971,"Political statement",{'primary_category': 'exposing_prevailing_condition', 'justification': 'Sweden publicly named other countries as polluters, exposing transboundary pollution.', 'supporting_text': 'Sweden ... accused its European neighbours of exporting air pollution to Scandinavia'},"Swedish authorities publicly charged neighboring European countries with exporting sulphur‑rich air pollution that contributed to acid rain in Scandinavia.","Sweden funded scientists to investigate the problem, and in 1971 accused its European neighbours of exporting air pollution to Scandinavia."
"Stockholm United Nations Conference on the Human Environment (UNCHE)",1972,"Conference",{'primary_category': 'impacting_salience_and_social_acceptance', 'justification': 'The UN conference raised global awareness and criticism of the UK’s emissions.', 'supporting_text': 'host of the 1972 Stockholm UNCHE ... the UK in particular was singled out for criticism'},"International conference hosted by Sweden where the United Kingdom was singled out for criticism over its contribution to acid rain.","It repeated the accusation as host of the 1972 Stockholm UNCHE (see Chapter 3) at which the UK in particular was singled out for criticism."
"OECD Five‑Year Study on Acid Rain",None,"Process",{'primary_category': 'revealing_potential_for_system_change', 'justification': 'The study provided cross‑national evidence of the UK as a net sulphur exporter causing acid rain.', 'supporting_text': 'study found the UK was a net exporter of sulphur dioxide and concluded that there was strong evidence that this caused acid rain'},"A multi‑year scientific study (1972‑1977) coordinated by the Organisation for Economic Co‑operation and Development involving eleven European countries to assess the sources and impacts of acid rain.","This prompted a five‑year study into acid rain by the Organisation for Economic Co‑operation and Development (OECD), in which eleven European countries, including the UK and Sweden, participated (1972‑77)."
"US‑Canada Scientific Exercise on Acid Rain",1979,"Research",{'primary_category': 'revealing_potential_for_system_change', 'justification': 'Scientific exercise identified the USA as a major sulphur emitter, informing policy dialogue.', 'supporting_text': 'concluding that ... the USA was responsible for five times more sulphur emissions than Canada'},"A joint scientific assessment by the United States and Canadian governments concluding that acid‑rain effects on fish, forestry and farming were serious and that the USA emitted five times more sulphu...","Two years later, the US and Canadian governments undertook a similar scientific exercise, concluding that effects on fish, forestry and farming were serious and that the USA was responsible for five times more sulphur emissions than Canada."
"British Government Acceptance of Acid‑Rain Link",1986,"Policy decision",{'primary_category': 'fostering_collective_action', 'justification': 'Official acceptance opened the way for subsequent mitigation measures.', 'supporting_text': 'British government finally accepted the link between British air pollution and Scandinavian acid rain'},"The United Kingdom formally acknowledged the causal relationship between its own sulphur‑dioxide emissions and acid rain affecting Scandinavia.","It was not until 1986 that the British government finally accepted the link between British air pollution and Scandinavian acid rain."
"Canada‑USA Air Quality Accord",1991,"Agreement",{'primary_category': 'fostering_collective_action', 'justification': 'Bilateral accord formalised joint action to curb transboundary emissions.', 'supporting_text': 'air quality accord between Canada and the USA was signed in 1991'},"Bilateral agreement signed between Canada and the United States to cooperate on reducing transboundary air pollutants, including sulphur emissions that cause acid rain.","An air quality accord between Canada and the USA was signed in 1991 after a change in administration from President Ronald Reagan (1981‑89) to President George H. Bush (b. 1924)."
"End of European moratorium on commercial growing of GM crops",2010,"Policy",{'primary_category': 'revealing_potential_for_system_change', 'justification': 'Marks a policy shift that could enable broader adoption of GM crops in Europe.', 'supporting_text': 'The European moratorium on approving the commercial growing of GM crops came to an end in 2010.'},"The European Union lifted its moratorium that had prohibited the commercial cultivation of genetically modified (GM) crops, allowing member states to decide individually on approvals.","The European moratorium on approving the commercial growing of GM crops came to an end in 2010"
"Destruction of GM crop trials in the United Kingdom",2000,"Process",{'primary_category': 'undermining_changes_and_progress', 'justification': 'Active sabotage prevents scientific validation and deployment of GM crops.', 'supporting_text': 'protesters have found and destroyed every crop trial attempted since 2000.'},"Protesters in the UK have repeatedly located and destroyed every field trial of genetically modified crops attempted since the year 2000, reflecting ongoing public opposition to GM agriculture.","UK scientists are no nearer to proving that GM crops are safe as protesters have found and destroyed every crop trial attempted since 2000."
"Greenpeace occupation of Brent Spar buoy",1995,"Movement",{'primary_category': 'fostering_collective_action', 'justification': 'The occupation mobilised a Europe‑wide boycott, demonstrating coordinated collective action against the disposal plan.', 'supporting_text': 'The imagery provided the spark for a Europe‑wide boycott of Shell'},"Greenpeace occupied the Brent Spar oil‑storage buoy in the North Sea to stop its deep‑sea disposal, generating dramatic media coverage, a Europe‑wide boycott of Shell, and public debate over the platf...","One of the most high-profile uses of science in an environmental campaign was deployed by Greenpeace to stop the deep-sea disposal of the Brent Spar oil-storage buoy in the North Sea in 1995. ... Greenpeace had a long-standing opposition to deep-sea dumping and quickly acted to occupy the buoy befor..."
"Shell shelves deep‑sea disposal plan for Brent Spar",1995,"Policy",{'primary_category': 'revealing_potential_for_system_change', 'justification': 'Shell’s reversal shows that corporate disposal decisions can be altered under pressure, indicating systemic shift potential.', 'supporting_text': 'Shell was forced to shelve its preferred disposal option'},"In response to Greenpeace’s occupation and ensuing public pressure, Shell abandoned its preferred deep‑sea disposal option for the Brent Spar buoy and reassessed its disposal strategy.","Shell was forced to shelve its preferred disposal option and take stock of the situation."
"Greenpeace admits measurement mistake on Brent Spar oil sample",1995,"Other",{'primary_category': 'undermining_changes_and_progress', 'justification': 'The admitted error led to criticism and a decline in public trust for Greenpeace and the broader movement.', 'supporting_text': 'When Greenpeace admitted its mistake it was criticised ... trust ... diminishing among the media and the British public'},"A couple of months after the occupation, Greenpeace disclosed that it had sampled oil from the wrong part of the buoy, leading to criticism from the British government and the media and a temporary lo...","However, a couple of months later it emerged that Greenpeace had made a mistake: it had sampled oil from the wrong part of the buoy and produced a false measurement. When Greenpeace admitted its mistake it was criticised by the British government and the media."
"Use of scientific evidence by professional campaign groups",None,"Process",{'primary_category': 'fostering_collective_action', 'justification': 'Campaign groups employed scientists to support lawsuits, petitions and public campaigns, enabling coordinated action.', 'supporting_text': 'professional campaign groups employed scientists ... utilising the evidence in lawsuits, petitions to government and public campaigns'},"From the late 1960s onward, professional environmental campaign groups employed scientists to study and diagnose environmental problems, using the evidence in lawsuits, petitions to government, and pu...","From the late 1960s onwards, professional campaign groups employed scientists to study and diagnose environmental problems, utilising the evidence in lawsuits, petitions to government and public campaigns."
"Wall Street Journal publication of claims about IPCC Second Assessment Report",1995,"Publication",{'primary_category': 'impacting_salience_and_social_acceptance', 'justification': 'The WSJ story made the challenge to the IPCC more newsworthy and widely noticed.', 'supporting_text': 'Challenges ... were more controversial and newsworthy than statements supporting their work and so garnered wide attention.'},"The Wall Street Journal published allegations that editorial changes to the IPCC’s second report on the science of climate change violated IPCC procedural rules and would deceive policymakers and the ...","In 1995 the Wall Street Journal picked up and published claims that editorial changes to the second report on the science of climate change were in violation of IPCC rules of procedure and would 'deceive policy makers and the public into believing that the scientific evidence shows human activities ..."
"Exchange of letters between Exxon Mobil and the Royal Society",2006,"Other",{'primary_category': 'undermining_changes_and_progress', 'justification': 'The public exchange highlighted a direct conflict that questioned the IPCC’s credibility.', 'supporting_text': 'Direct conflict broke out in 2006 when Exxon Mobil ... was challenged in an exchange of letters that became public with the Royal Society.'},"Direct conflict erupted when Exxon Mobil, a member of the Global Climate Coalition, was publicly challenged through an exchange of letters with the Royal Society, the world’s oldest scientific academy...","Direct conflict broke out in 2006 when Exxon Mobil, the world's richest company and a member of the Global Climate Coalition, was challenged in an exchange of letters that became public with the Royal Society, the world's oldest scientific academy."
"Release of hacked Climatic Research Unit emails",2009,"Other",{'primary_category': 'undermining_changes_and_progress', 'justification': 'The hack shook public and political confidence in climate science, creating a PR disaster.', 'supporting_text': 'shook public and political confidence in climate science and the IPCC. This was a public relations disaster.'},"Approximately 1,000 emails from the Climatic Research Unit at the University of East Anglia were hacked and posted online in November 2009, leading to intense media scrutiny and accusations of data ma...","The challenge to climate science reached a new peak after approximately 1000 emails from the Climatic Research Unit (CRU) at the University of East Anglia (UEA) were hacked and posted on the internet in November 2009."
"Global Climate Coalition's challenge to IPCC scientific certainty",None,"Process",{'primary_category': 'exposing_prevailing_condition', 'justification': 'Shows an industrial group actively disputing scientific certainty, revealing opposing economic interests.', 'supporting_text': 'Global Climate Coalition ... challenged the levels of scientific certainty set out in IPCC publications.'},"Throughout much of the 1990s, the Global Climate Coalition, an American industrial grouping, repeatedly challenged the levels of scientific certainty presented in IPCC publications, framing the debate...","For much of the 1990s, the Global Climate Coalition, an American industrial grouping formed shortly after the IPCC, challenged the levels of scientific certainty set out in IPCC publications."
"Publication of An Essay on the Principle of Population",1798,"Publication",{'primary_category': 'exposing_prevailing_condition', 'justification': 'The work highlights the constraint that limited productive land places on population and wealth, exposing a fundamental threat to societal wellbeing.', 'supporting_text': 'Malthus explained that population growth… would eventually be constrained by limits to productive land and a resultant shortage of food.'},"Thomas Malthus published his seminal work arguing that population growth, initially driven by surplus food production, would eventually be constrained by limits to productive land, leading to food sho...","as it Affects the Future Improvement of Society (1798), Malthus explained that population growth, driven initially by surplus food production, would eventually be constrained by limits to productive land and a resultant shortage of food."
"Publication of The Coal Question",1865,"Publication",{'primary_category': 'exposing_prevailing_condition', 'justification': 'Jevons shows that greater fuel efficiency can paradoxically increase total fuel consumption, revealing a hidden driver of resource depletion.', 'supporting_text': 'Improvements in fuel efficiency tended to increase, rather than decrease, fuel use.'},"William Stanley Jevons published a study warning that improvements in fuel efficiency tend to increase overall fuel consumption, highlighting the impending exhaustion of coal resources.","In 1865, William Stanley Jevons (1835-82) published The Coal Question: An Inquiry Concerning the Progress of the Nation, and the Probable Exhaustion of our Coal-mines, in which he argued that improvements in fuel efficiency tended to increase, rather than decrease, fuel use: 'It is a confusion of id..."
"Publication of Principles of Political Economy",1862,"Publication",{'primary_category': 'revealing_potential_for_system_change', 'justification': 'Mill’s text proposes a stationary‑state economy as an alternative to endless growth, indicating a possible systemic shift.', 'supporting_text': 'He championed the ‘stationary state economy’ and warned against the drive for unlimited economic growth.'},"John Stuart Mill released a work that championed a stationary‑state economy and warned against the pursuit of unlimited economic growth, emphasizing the need to preserve natural environments.","In 1862, he published the Principles of Political Economy with some of their Applications to Social Philosophy, in which he championed the 'stationary state economy' and warned against the drive for unlimited economic growth."
"Bretton Woods Conference",1944,"Conference",{'primary_category': 'exposing_prevailing_condition', 'justification': 'Shows post‑war focus on economic cooperation and growth, a condition that later drives resource use.', 'supporting_text': 'In 1944... forty‑four countries gathered together at Bretton Woods... to ensure post‑war peace and prosperity through economic cooperation.'},"Forty‑four countries gathered at Bretton Woods, New Hampshire, to ensure post‑war peace and prosperity through economic cooperation. The meeting led to the creation of the International Monetary Fund ...","In 1944, against the backdrop of the Second World War, forty-four countries gathered together at Bretton Woods in the US state of New Hampshire. The aim of the conference was to ensure post-war peace and prosperity through economic cooperation. The meeting led to the establishment of the IMF and the..."
"Establishment of the International Monetary Fund (IMF)",1944,"Organization",{'primary_category': 'exposing_prevailing_condition', 'justification': 'Institution created to manage global economic growth, reinforcing the prevailing growth‑centric paradigm.', 'supporting_text': 'The meeting led to the establishment of the IMF...'},"The IMF was created as a result of the Bretton Woods Conference to provide financial stability and monetary cooperation among member nations.","The meeting led to the establishment of the IMF ..."
"Establishment of the International Bank for Reconstruction and Development (World Bank)",1944,"Organization",{'primary_category': 'exposing_prevailing_condition', 'justification': 'World Bank’s mandate to finance reconstruction and development perpetuates growth‑focused economic policies.', 'supporting_text': 'and the International Bank for Reconstruction and Development (now the World Bank).'},"The World Bank was founded at the Bretton Woods Conference to finance post‑war reconstruction and development projects worldwide.","The meeting led to the establishment of ... the International Bank for Reconstruction and Development (now the World Bank)."
"Marshall Plan (U.S. European Recovery Program)",None,"Process",{'primary_category': 'exposing_prevailing_condition', 'justification': 'Aid program aimed at rebuilding economies, reinforcing the link between prosperity and economic expansion.', 'supporting_text': 'The US European Recovery Program, also known as the Marshall Plan, ran from 1947 to 1951 and provided aid to repair the devastation...'},"The United States provided extensive economic aid to war‑torn European nations from 1947 to 1951 to rebuild infrastructure, revive economies, and curb the spread of communism.","The US European Recovery Program, also known as the Marshall Plan, ran from 1947 to 1951 and provided aid to repair the devastation of major war areas and begin economic reconstruction."
"Establishment of Presidential Commission on Future Supply of Minerals, Energy and Agricultural Resources",1951,"Other",{'primary_category': 'revealing_potential_for_system_change', 'justification': 'Commission explicitly examined future resource supplies, highlighting limits and opening space for alternative planning.', 'supporting_text': 'In 1951... established a presidential commission to examine the future supply of minerals, energy and agricultural resources.'},"President Harry S. Truman created a commission to assess the United States' long‑term availability of minerals, energy, and agricultural resources.","As early as 1951, President Harry S. Truman (1884-1972) established a presidential commission to examine the future supply of minerals, energy and agricultural resources."
"Publication of Resources for Freedom: Foundations for Growth and Security (Paley Report)",1952,"Publication",{'primary_category': 'revealing_potential_for_system_change', 'justification': 'Report revealed unprecedented resource use and argued for measured planning, indicating pathways for systemic change.', 'supporting_text': 'The study revealed that there had been an unprecedented increase in natural resource usage... highlighted the importance of natural resources to the development of the US economy.'},"The Paley Commission, chaired by William Paley, released a five‑volume report documenting the unprecedented rise in natural‑resource use since World War I and emphasizing the importance of resources f...","The following year the Paley Commission, chaired by William Paley (1901-90), produced a five-volume report: Resources for Freedom: Foundations for Growth and Security."
"President Nixon's Special Message to Congress on Population Growth",1969,"Other",{'primary_category': 'impacting_salience_and_social_acceptance', 'justification': 'Presidential address raised population‑growth concerns at the highest political level, shifting public discourse.', 'supporting_text': 'in 1969, US President Richard Nixon... gave a special message to Congress on ‘the problems of population growth’.'},"President Richard Nixon delivered a special address to the U.S. Congress highlighting concerns about rapid population growth and its implications for the nation.","in 1969, US President Richard Nixon (1913-94) gave a special message to Congress on 'the problems of population growth'."
"Robert F. Kennedy campaign speech at the University of Kansas",1968,"Other",{'primary_category': 'exposing_prevailing_condition', 'justification': 'The speech foregrounds the flaw of using GNP as a progress metric, exposing a dominant but misguided economic indicator.', 'supporting_text': 'explained the shortcomings of using gross national product (GNP) to measure progress'},"Robert F. Kennedy delivered a campaign speech criticizing the use of gross national product (GNP) as a measure of national progress, arguing that it ignores health, education, and environmental wellbe...","In March 1968, Robert F. Kennedy (1925-68) delivered a campaign speech at the University of Kansas where he explained the shortcomings of using gross national product (GNP) to measure progress:"
"Founding of the Club of Rome",1968,"Organization",{'primary_category': 'fostering_collective_action', 'justification': 'The founding created an organized platform for interdisciplinary actors to coordinate concerns about resource consumption.', 'supporting_text': 'established the Club of Rome as a focal point for their shared concerns'},"Industrialist Aurelio Peccei and Scottish scientist Alexander King invited an international group of professionals to a villa in Rome; following the meeting the participants established the Club of Ro...","In 1968, the industrialist Aurelio Peccei (1908-84) and Scottish scientist Alexander King (1909-2007) invited an international group of professionals from industry, academia and civil society to a villa in Rome. ... Following the meeting, the participants established the Club of Rome as a focal poin..."
"Publication of The Ultimate Resource",1981,"Publication",{'primary_category': 'undermining_changes_and_progress', 'justification': 'Simon’s book directly challenged the Limits‑to‑Growth thesis, contesting the notion of physical limits to growth.', 'supporting_text': 'challenge the idea that there are physical limits to resources that must ultimately constrain economic growth'},"Julian Simon published *The Ultimate Resource*, summarising arguments that physical limits to resources do not inevitably constrain economic growth.","Julian Simon (1932-98) was among the most prominent academics to challenge the idea that there are physical limits to resources that must ultimately constrain economic growth. His arguments were summarised in The Ultimate Resource (1981)."
"Ehrlich–Simon metal price wager",1980,"Other",{'primary_category': 'exposing_prevailing_condition', 'justification': 'The wager exposed reliance on metal price trends as a proxy for resource scarcity, a contested metric in the growth debate.', 'supporting_text': 'Simon also entered a wager with Ehrlich regarding the prices of five metals'},"Paul Ehrlich and Julian Simon entered a public wager on the price trends of five metals between 1980 and 1990; Ehrlich predicted price rises, Simon predicted declines, and Simon ultimately won the bet...","Simon also entered a wager with Ehrlich regarding the prices of five metals. Ehrlich predicted prices of each metal would rise between 1980 and 1990, demonstrating their growing scarcity. Simon predicted they would fall as technology and substitution would keep prices low. Simon won the bet..."
"Publication of *The Entropy Law and the Economic Process*",1971,"Publication",{'primary_category': 'revealing_potential_for_system_change', 'justification': 'Introduced thermodynamic limits to economics, opening a new way to view resource constraints.', 'supporting_text': 'In The Entropy Law and the Economic Process (1971), Georgescu‑Roegen explained that whenever energy is used, the amount of usable energy available to society declines.'},"Nicholas Georgescu‑Roegen published his seminal work linking the second law of thermodynamics to economic activity, arguing that usable energy declines as it is transformed into waste.","In The Entropy Law and the Economic Process (1971), Georgescu‑Roegen explained that whenever energy is used, the amount of usable energy available to society declines."
"Publication of *Small is Beautiful: A Study of Economics as if People Mattered*",1973,"Publication",{'primary_category': 'revealing_potential_for_system_change', 'justification': 'Presented the case for appropriate technology and treating resources as capital, challenging growth‑centric economics.', 'supporting_text': 'Ernst F. Schumacher … championed the use of appropriate technology in Small is Beautiful: A Study of Economics as if People Mattered (1973).'},"Ernst F. Schumacher released a book championing appropriate technology and arguing that natural resources should be treated as capital rather than limitless income.","Ernst F. Schumacher (1911‑77), who championed the use of appropriate technology in Small is Beautiful: A Study of Economics as if People Mattered (1973)."
"Launch of World Bank Natural Wealth Accounting Plan",2010,"Policy",{'primary_category': 'fostering_collective_action', 'justification': 'Creates an institutional mechanism for accounting natural wealth alongside GDP, enabling coordinated policy action.', 'supporting_text': 'In 2010 the World Bank launched a plan, backed by India, Mexico … to create an accounting measure that puts the natural wealth of nations alongside financial measurements such as GDP.'},"The World Bank, with backing from India, Mexico and several other countries, launched a plan to develop an accounting framework that places the natural wealth of nations alongside traditional financia...","In 2010 the World Bank launched a plan, backed by India, Mexico and a number of other countries, to create an accounting measure that puts the natural wealth of nations alongside financial measurements such as GDP."
"Beaver Committee cost estimation of air‑pollution damage",1955,"Other",{'primary_category': 'exposing_prevailing_condition', 'justification': 'Shows early quantification of pollution damage, exposing the economic scale of environmental harm.', 'supporting_text': 'An early attempt at costing the damage caused by air pollution was made by the Beaver Committee in the mid‑1950s… ran to hundreds of millions of pounds.'},"An early attempt to assign a monetary value to damage caused by air pollution was carried out by the Beaver Committee, estimating economic losses in the mid‑1950s.","An early attempt at costing the damage caused by air pollution was made by the Beaver Committee in the mid‑1950s (see Chapter 4)."
"Roskill Commission proposal for a third runway in London",1970,"Policy",{'primary_category': 'exposing_prevailing_condition', 'justification': 'Illustrates a development proposal that foregrounds the clash between infrastructure expansion and environmental values.', 'supporting_text': 'When the Roskill Commission proposed a location for a third runway in London in the early 1970s, it used social cost‑benefit analysis…'},"The Roskill Commission proposed a location for a third runway at London Heathrow in the early 1970s, using social cost‑benefit analysis that was later challenged, especially regarding noise pollution.","When the Roskill Commission proposed a location for a third runway in London in the early 1970s, it used social cost‑benefit analysis to support its case."
"Publication of MIT report “Man’s Impact on the Global Environment”",1970,"Publication",{'primary_category': 'revealing_potential_for_system_change', 'justification': 'Introduced the structured notion of environmental services, opening a pathway for ecosystem‑service thinking.', 'supporting_text': 'An 1970 MIT report… described nine ‘environmental services’ that would decline if the functioning of ecosystems were damaged.'},"A 1970 MIT report of the Study of Critical Environmental Problems presented nine ‘environmental services’, laying groundwork for later ecosystem‑services thinking.","An 1970 MIT report of the Study of Critical Environmental Problems, entitled Man's Impact on the Global Environment: Assessment and Recommendations for Action, described nine 'environmental services' that would decline if the functioning of ecosystems were damaged."
"Robert Costanza’s estimation of global ecosystem‑services value",1988,"Research",{'primary_category': 'revealing_potential_for_system_change', 'justification': 'Provided a large monetary valuation of ecosystem services, highlighting their global economic significance.', 'supporting_text': 'In the late 1980s Robert Costanza and colleagues attempted to estimate the value of ecosystem services provided by the Earth’s biosphere…'},"In the late 1980s, Robert Costanza and colleagues produced one of the first large‑scale monetary valuations of ecosystem services, estimating a global value of US$16‑54 trillion per year.","However, in the late 1980s Robert Costanza and colleagues attempted to estimate the value of ecosystem services provided by the Earth's biosphere."
"Development of the ecosystem‑services concept (1980s‑1990s)",1980,"Process",{'primary_category': 'revealing_potential_for_system_change', 'justification': 'Refined and expanded the ecosystem‑services framework, enabling its later policy use.', 'supporting_text': 'Throughout the 1980s and 1990s, the idea was developed further… used as a central organising concept for the Millennium Ecosystem Assessment.'},"Throughout the 1980s and 1990s the idea of ecosystem services was further refined, applied to biodiversity assessments and prepared for use as a central organising concept in later global assessments.","Throughout the 1980s and 1990s, the idea was developed further, applied to biodiversity assessments, and then used as a central organising concept for the Millennium Ecosystem Assessment."
"Millennium Ecosystem Assessment",2001,"Process",{'primary_category': 'revealing_potential_for_system_change', 'justification': 'Delivered a global synthesis linking ecosystem change to human wellbeing, shaping future governance.', 'supporting_text': 'The Millennium Ecosystem Assessment examined the consequences of ecosystem change on human wellbeing…'},"A major international assessment undertaken between 2001 and 2005 that examined ecosystem change and its consequences for human wellbeing, defining four categories of ecosystem services.","the Millennium Ecosystem Assessment, undertaken between 2001 and 2005."
"Publication of the Stern Review",2006,"Publication",{'primary_category': 'impacting_salience_and_social_acceptance', 'justification': 'The Stern Review raised the profile of climate economics and sparked international debate, increasing the salience of environmental action.', 'supporting_text': 'The 2006 Stern Review is the most highprofile example of economic theory presenting the case for environmental action.'},"The Stern Review on the Economics of Climate Change presented a high‑profile economic case for environmental action, emphasizing a near‑zero discount rate and the long‑term impacts of climate change o...","The 2006 Stern Review is the most highprofile example of economic theory presenting the case for environmental action."
"Publication of UNEP report on corporate environmental damage",2010,"Publication",{'primary_category': 'exposing_prevailing_condition', 'justification': 'The report quantifies massive corporate environmental liabilities, exposing the scale of current damage.', 'supporting_text': 'In 2010, a UNEP report estimated that 3000 listed companies were responsible for US$2.15 trillion worth of environmental damage...'},"A UNEP report estimated that 3,000 listed companies were responsible for US$2.15 trillion of environmental damage in 2008, with greenhouse‑gas emissions accounting for roughly 70 % of the externalitie...","In 2010, a UNEP report estimated that 3000 listed companies were responsible for US$2.15 trillion worth of environmental damage in 2008, equivalent to 7 per cent off their combined revenues. Greenhouse gas emissions accounted for approximately 70 per cent of the total of those externalities valued."
"Cleanup of the Deepwater Horizon oil spill",2010,"Other",{'primary_category': 'exposing_prevailing_condition', 'justification': 'The cleanup illustrates the real‑world economic impact of ecological liabilities.', 'supporting_text': 'The costs incurred by the global oil and gas company BP in cleaning up the 2010 Deepwater Horizon oil spill...'},"BP incurred substantial costs cleaning up the Deepwater Horizon oil spill in the Gulf of Mexico, illustrating the real‑world economic impact of ecological liabilities.","The costs incurred by the global oil and gas company BP in cleaning up the 2010 Deepwater Horizon oil spill in the Gulf of Mexico illustrate the real-world economic impact of ecological liabilities."
"Publication of Garrett Hardin's ""The Tragedy of the Commons""",1967,"Publication",{'primary_category': 'revealing_potential_for_system_change', 'justification': 'Hardin’s work introduced a conceptual framework that informs governance of common resources.', 'supporting_text': 'In 1967, Garrett Hardin (1915–2003) developed the notion of the ‘tragedy of the commons’...'},"Garrett Hardin introduced the notion of the ""tragedy of the commons,"" using a grazing‑land analogy to explain how shared common resources can be over‑used, linking the concept to pollution and the n...","In 1967, Garrett Hardin (1915-2003) developed the notion of the 'tragedy of the commons' where he used the analogy of common grazing land to illustrate that sharing common resources leads to over-use."
"Adoption of green fiscal policies by G20 governments",2009,"Policy",{'primary_category': 'revealing_potential_for_system_change', 'justification': 'Shows a coordinated policy shift that could re‑orient economies toward low‑carbon pathways.', 'supporting_text': 'In 2009, some G20 governments adopted policies to boost aggregate demand and growth, which included a sizeable green fiscal component.'},"In 2009, some G20 governments adopted policies to boost aggregate demand and growth, which included a sizeable green fiscal component.","In 2009, some G20 governments adopted policies to boost aggregate demand and growth, which included a sizeable green fiscal component."
"Launch of the UK's Green economy budget",2009,"Policy",{'primary_category': 'fostering_collective_action', 'justification': 'Government‑led budget creates jobs and directs substantial public funds to green investments.', 'supporting_text': 'The UK devoted approximately 11 per cent of its US$3.9\u202fbillion fiscal stimulus to green investments as well as launching a ‘Green economy’ budget in April 2009...'},"The UK devoted approximately 11 % of its US$3.9 billion fiscal stimulus to green investments and launched a ‘Green economy’ budget in April 2009, targeting low‑carbon investments to create 400,000 new...","The UK devoted approximately 11 per cent of its US$3.9 billion fiscal stimulus to green investments as well as launching a 'Green economy' budget in April 2009, which included a range of low-carbon investments aimed at creating 400,000 new jobs over an eight-year period."
"Adoption of the American Recovery and Reinvestment Act (ARRA)",2009,"Policy",{'primary_category': 'fostering_collective_action', 'justification': 'Large stimulus package funds retrofits, transit and renewable energy, mobilising resources for a low‑carbon transition.', 'supporting_text': 'In February 2009, the USA adopted a US$78.5\u202fbillion American Recovery and Reinvestment Act, which included measures to retrofit buildings and expand mass transit, freight rail and renewable energy...'},"In February 2009, the United States adopted a US$78.5 billion American Recovery and Reinvestment Act, which included measures to retrofit buildings, expand mass transit, freight rail and renewable ene...","In February 2009, the USA adopted a US$78.5 billion American Recovery and Reinvestment Act, which included measures to retrofit buildings and expand mass transit, freight rail and renewable energy as well as construct a 'smart' electrical grid transmission system."
"Publication of UNEP report “Towards a Green Economy: Pathways to Sustainable Development and Poverty Eradication”",2011,"Publication",{'primary_category': 'impacting_salience_and_social_acceptance', 'justification': 'The report frames green investment as a development priority, raising global discourse and legitimacy.', 'supporting_text': 'In February 2011, UNEP published Towards a Green Economy: Pathways to Sustainable Development and Poverty Eradication...'},"In February 2011, the United Nations Environment Programme (UNEP) published a report advocating green investment on a global scale and linking it to sustainable development and poverty eradication.","In February 2011, UNEP published Towards a Green Economy: Pathways to Sustainable Development and Poverty Eradication, which further advocated green investment on a global scale."
"G20 green stimulus spending during the global recession",None,"Process",{'primary_category': 'fostering_collective_action', 'justification': 'Over US$520\u202fbillion was mobilised, demonstrating large‑scale collective financial commitment to green measures.', 'supporting_text': 'During the recession, members of the G20 spent over US$520\u202fbillion on a green stimulus.'},"During the recession, members of the G20 collectively spent over US$520 billion on a green stimulus, representing 16 % of all fiscal spending and 0.7 % of G20 GDP, but falling short of the 1 % GGND re...","During the recession, members of the G20 spent over US$520 billion on a green stimulus. The stimulus comprised 16 per cent of all fiscal spending and 0.7 per cent of the G20 GDP, falling short of the 1 per cent GGND recommendation."
"UNEP initiative to accelerate sustainable development for Rio+20 preparations",None,"Process",{'primary_category': 'impacting_salience_and_social_acceptance', 'justification': 'Links the report to the Rio+20 agenda, amplifying its political relevance.', 'supporting_text': 'The report was part of UNEP’s initiative to accelerate sustainable development as a contribution to preparations for the 2012 Rio+20 conference in Brazil.'},"UNEP’s broader initiative to accelerate sustainable development, to which the 2011 report contributed, was aimed at preparing for the 2012 Rio+20 conference in Brazil.","The report was part of UNEP's initiative to accelerate sustainable development as a contribution to preparations for the 2012 Rio+20 conference in Brazil."
"Publication of ""Prosperity Without Growth""",2009,"Publication",{'primary_category': 'revealing_potential_for_system_change', 'justification': 'Introduces an alternative economic vision that challenges growth‑centric models.', 'supporting_text': 'In Prosperity Without Growth (2009), Tim Jackson argues that a different kind of economy is essential...'},"Tim Jackson published the book *Prosperity Without Growth*, arguing for a different kind of economy that allows human flourishing within ecological limits and critiquing growth‑driven consumerism.","In Prosperity Without Growth (2009), Tim Jackson argues that a different kind of economy is essential for a different kind of prosperity - one where human beings can flourish within the ecological limits of a finite planet."
"End of food rationing in the United Kingdom",1954,"Policy",{'primary_category': 'unclear', 'justification': 'The text states the fact but does not link it to a clear effect on harmony with nature.', 'supporting_text': 'it was not until July 1954 that all food rationing in the UK came to an end.'},"All food rationing in the UK was lifted, marking the conclusion of wartime and post‑war rationing policies.","it was not until July 1954 that all food rationing in the UK came to an end."
"Post‑war consumer boom",None,"Process",{'primary_category': 'revealing_potential_for_system_change', 'justification': 'Shows a large‑scale shift toward consumption that reshapes socio‑ecological dynamics.', 'supporting_text': 'The phenomenal expansion in production and consumption contributed to a post‑war baby boom and the rise of consumerism...'},"A multi‑decadal expansion in production and consumption after World War II that spurred a baby boom and the rise of consumerism across Europe and the United States.","The phenomenal expansion in production and consumption contributed to a post‑war baby boom and the rise of consumerism on both sides of the Atlantic."
"Opening of the Preston by‑pass",1958,"Other",{'primary_category': 'exposing_prevailing_condition', 'justification': 'Shows the scale of traffic problems that prompted motorway construction.', 'supporting_text': 'Motorways were introduced to reduce urban traffic, and the ‘motorway age’ was born when the Preston by‑pass was opened in December 1958'},"The Preston by‑pass, the first motorway in the UK, was opened, marking the start of the British "motorway age".","the 'motorway age' was born when the Preston by‑pass was opened in December 1958"
"Opening of the M1 motorway",1959,"Other",{'primary_category': 'exposing_prevailing_condition', 'justification': 'Illustrates the infrastructural response to growing car‑induced traffic.', 'supporting_text': 'followed in November 1959 by the M1, the first long stretch of inter‑urban motorway'},"The M1, the first long stretch of inter‑urban motorway in the UK, was opened, further expanding the national motorway network.","followed in November 1959 by the M1, the first long stretch of inter‑urban motorway."
"Publication of *Unsafe at Any Speed*",1965,"Publication",{'primary_category': 'fostering_collective_action', 'justification': 'The book sparked consumer advocacy against unsafe, polluting cars.', 'supporting_text': 'In 1965, Ralph Nader (b. 1934) published Unsafe at Any Speed, which examined the reluctance of the car industry to improve both vehicle pollution and safety'},"Ralph Nader published a book exposing the car industry's reluctance to improve vehicle pollution and safety, sparking a new wave of consumer advocacy.","In 1965, Ralph Nader (b. 1934) published Unsafe at Any Speed, which examined the reluctance of the car industry to improve both vehicle pollution and safety."
"Launch of ITV, the first independent television station in the UK",1955,"Other",{'primary_category': 'exposing_prevailing_condition', 'justification': 'Marks the rise of television advertising that fed post‑war consumer culture.', 'supporting_text': 'when the first independent television station, ITV, went on air'},"Two years after the 1953 coronation television sales boom, ITV began broadcasting, ending the BBC's monopoly and introducing commercial television advertising to British audiences.","Two years later, the BBC's monopoly of television came to an end when the first independent television station, ITV, went on air."
"Publication of *The Affluent Society*",1956,"Publication",{'primary_category': 'revealing_potential_for_system_change', 'justification': 'Identifies the imbalance between wealth and environmental impact, suggesting a need for systemic shift.', 'supporting_text': 'The economist J. K. Galbraith ... identified the imbalance ... in his book The Affluent Society (1956)'},"Economist J. K. Galbraith released a seminal work highlighting the mismatch between post‑war private wealth and its environmental consequences.","The economist J. K. Galbraith (1908-2006) eloquently identified the imbalance between the new‑found private wealth and its environmental effects in his book The Affluent Society (1956)."
"Television coverage of the 1969 Cuyahoga River oil slick fire",1969,"Other",{'primary_category': 'impacting_salience_and_social_acceptance', 'justification': 'Media coverage raised public awareness of pollution.', 'supporting_text': 'Television was starting to raise public awareness of pollution. Coverage of the 1969 oil slick fire on the Cuyahoga River ... were key moments'},"Television news reported the Cuyahoga River fire, raising public awareness of water pollution and environmental degradation.","Coverage of the 1969 oil slick fire on the Cuyahoga River ... were key moments in the growing media coverage of the human impact on the environment."
"Television coverage of the 1969 Santa Barbara Channel oil spill",1969,"Other",{'primary_category': 'impacting_salience_and_social_acceptance', 'justification': 'Media coverage highlighted human impact on the environment.', 'supporting_text': 'and the Santa Barbara Channel oil spill were key moments in the growing media coverage of the human impact on the environment'},"Media reporting of the Santa Barbara oil spill further highlighted the ecological consequences of industrial accidents.","Coverage of the ... Santa Barbara Channel oil spill were key moments in the growing media coverage of the human impact on the environment."
"Apollo 11 Moon Landing",1969,"Other",{'primary_category': 'revealing_potential_for_system_change', 'justification': 'The landing’s televised coverage introduced Earth‑view images that reshaped public perception of the planet.', 'supporting_text': 'extensive television coverage... helped to bring modern environmental concepts into the mainstream'},"The US lunar module Eagle successfully landed on the Moon's surface, marking the first human landing on the Moon and bringing modern environmental concepts into the mainstream through extensive televi...","became a reality on 20 July 1969 when the US lunar module Eagle successfully landed on the moon's surface."
"Apollo 8 Earthrise Photograph",1968,"Other",{'primary_category': 'revealing_potential_for_system_change', 'justification': 'The iconic Earthrise image sparked a new environmental belief about planetary limits.', 'supporting_text': 'The first image of Earth rising... became an iconic picture... fed a growing environmental belief'},"The crew of Apollo 8 captured the first pictures of Earth from space on Christmas Eve, producing the iconic black‑and‑white (later colour) image known as “Earthrise,” which helped transform public und...","The first pictures of Earth from space were actually taken by the crew of Apollo 8 eight months earlier, on Christmas Eve in December 1968."
"Launch of the ""Crying Indian"" Campaign",1971,"Other",{'primary_category': 'fostering_collective_action', 'justification': 'Created a widely‑recognised symbol encouraging personal responsibility for the environment.', 'supporting_text': 'launched the ‘Crying Indian’ public announcement campaign, which was to become an iconic symbol of personal environmental responsibility'},"Keep America Beautiful (KAB) launched the “Crying Indian” public announcement campaign, featuring a Native American chief confronting litter and pollution, which became an iconic symbol of personal en...","In 1971, Keep America Beautiful (KAB) launched the 'Crying Indian' public announcement campaign, which was to become an iconic symbol of personal environmental responsibility."
"Founding of Keep America Beautiful",1953,"Organization",{'primary_category': 'fostering_collective_action', 'justification': 'Established an organization dedicated to a national cleanliness ethic and litter reduction.', 'supporting_text': 'KAB was founded in 1953 by a group of US corporate and civic leaders to promote and develop a national cleanliness ethic'},"A group of US corporate and civic leaders founded Keep America Beautiful to promote a national cleanliness ethic and address the growing problem of litter.","KAB was founded in 1953 by a group of US corporate and civic leaders to promote and develop a national cleanliness ethic in response to the growing problem of litter."
"First Keep America Beautiful Public Service Announcement on Litter Prevention",1956,"Publication",{'primary_category': 'fostering_collective_action', 'justification': 'First PSA that raised public awareness of litter prevention.', 'supporting_text': 'in 1956 it produced its first public service announcement on litter prevention'},"Keep America Beautiful produced its first public service announcement aimed at preventing litter, helping to bring the issue of littering to national attention in the United States.","in 1956 it produced its first public service announcement on litter prevention."
"Adoption of Oregon Bottle Bill",1971,"Policy",{'primary_category': 'fostering_collective_action', 'justification': 'Creates a deposit system that mobilises consumers to recycle, directly enabling collective action for resource conservation.', 'supporting_text': 'State of Oregon’s landmark Bottle Bill became law ... requiring a five cent deposit on beer and soft drink containers.'},"The State of Oregon passed the landmark Bottle Bill, establishing a five‑cent deposit on beer and soft‑drink containers to reduce litter and conserve resources.","in 1971 the State of Oregon's landmark Bottle Bill became law in spite of intense lobbying by container and beverage industries."
"Proposal of California Bottle Bill",1974,"Policy",{'primary_category': 'revealing_potential_for_system_change', 'justification': 'The proposal signals a possible policy shift toward statewide recycling, showing system‑change potential despite later opposition.', 'supporting_text': 'In 1974, the State of California proposed a similar bill but KAB publicly opposed it'},"The State of California introduced a bill similar to Oregon’s deposit legislation, but it faced public opposition from the Kitchen Appliance Buyers (KAB).","In 1974, the State of California proposed a similar bill but KAB publicly opposed it"
"Launch of Clean Community System",1975,"Organization",{'primary_category': 'undermining_changes_and_progress', 'justification': 'Presented as an alternative to state bottle bills and was perceived as serving industrial interests, constituting early greenwash.', 'supporting_text': 'launched the Clean Community System as an alternative ... Many perceived the opposition ... as serving the industrial members of KAB'},"KAB introduced the Clean Community System as an alternative approach emphasizing street cleaning and other litter‑control activities.","and a year later launched the Clean Community System as an alternative that placed an emphasis on street cleaning and other litter-control activities."
"Start of Materials Recovery Program in Woodbury, New Jersey",1970,"Program launch",{'primary_category': 'fostering_collective_action', 'justification': 'Community‑led program introduced municipal materials recovery, enabling local participation in waste diversion.', 'supporting_text': 'Woodbury, New Jersey was the first US city to begin materials recovery, spearheaded by an environmentally concerned community organisation.'},"Woodbury became the first U.S. city to begin a materials‑recovery program, led by a local community organization.","In November 1970, Woodbury, New Jersey was the first US city to begin materials recovery, spearheaded by an environmentally concerned community organisation."
"Ecology Center Recycling Demonstration Project in Berkeley",1973,"Project launch",{'primary_category': 'revealing_potential_for_system_change', 'justification': 'Demonstration became a model for other municipal recycling programmes, illustrating scalable system change.', 'supporting_text': 'launched a recycling demonstration project in Berkeley, California ... became a model for other municipal recycling programmes.'},"The Ecology Center launched a newspaper‑collection recycling demonstration in Berkeley, which served as a model for municipal recycling programmes.","In 1973, the Ecology Center, a US action‑orientated organisation, launched a recycling demonstration project in Berkeley, California collecting newspapers, which became a model for other municipal recycling programmes."
"OPEC Oil Export Embargo",1973,"Other",{'primary_category': 'exposing_prevailing_condition', 'justification': 'Highlighted global energy dependence and price volatility, exposing a condition that spurred energy‑conservation responses.', 'supporting_text': 'oil export embargo of the Organization of the Petroleum Exporting Countries (OPEC) ... caused a hike in the price of oil, leading to an oil crisis.'},"An oil export embargo imposed by major Arab OPEC members caused a sharp rise in oil prices and triggered an international oil crisis.","In 1973, an oil export embargo of the Organization of the Petroleum Exporting Countries (OPEC) by major Arab oil-producing states caused a hike in the price of oil, leading to an oil crisis."
"Installation of UK's First Bottle Bank in Barnsley",1977,"Installation",{'primary_category': 'fostering_collective_action', 'justification': 'Introduced public recycling infrastructure that was replicated by other authorities, expanding collective recycling capacity.', 'supporting_text': 'UK’s first bottle bank was sited ... introduced ... with the aim of convincing local authorities that such schemes could be environmentally friendly and pay for themselves.'},"The UK's first bottle bank was placed in a Tesco supermarket car park in Barnsley, introduced by Stanley Race of the Glass Manufacturers' Federation, sparking wider glass‑recycling initiatives.","In August 1977, the UK's first bottle bank was sited in the car park of the Tesco supermarket in Barnsley, South Yorkshire."
"UK Government 'Are you doing your bit?' Campaign",None,"Campaign",{'primary_category': 'impacting_salience_and_social_acceptance', 'justification': 'National information campaign raised public awareness of personal environmental responsibility.', 'supporting_text': 'Other notable public information campaigns included the UK government’s ‘Are you doing your bit?’ campaign in the late 1990s'},"A public information campaign launched by the UK government in the late 1990s to encourage individual environmental responsibility.","Other notable public information campaigns included the UK government's 'Are you doing your bit?' campaign in the late 1990s"
"Publication of The Aerosol Connection pamphlet",1986,"Publication",{'primary_category': 'fostering_collective_action', 'justification': 'The pamphlet raised consumer awareness about CFC‑free aerosols and encouraged buying choices, mobilising public pressure on manufacturers.', 'supporting_text': 'The UK FoE published a pamphlet, The Aerosol Connection… coupled with a publicity campaign encouraging consumers to find out which aerosols they should be buying.'},"Friends of the Earth (UK) released a pamphlet titled *The Aerosol Connection* that listed CFC‑free aerosols and launched a consumer publicity campaign.","In 1986, the UK FoE published a pamphlet, The Aerosol Connection, detailing a list of aerosols that were CFC‑free."
"Publication of The Green Consumer Guide",1988,"Publication",{'primary_category': 'fostering_collective_action', 'justification': 'The guide informed millions of consumers about green choices, expanding the market for environmentally friendly products.', 'supporting_text': 'The Green Consumer Guide… sold over one million copies, demonstrating there was a growing green consumer market.'},"John Elkington and Julia Hailes authored *The Green Consumer Guide*, the first book to focus on green consumer choices, selling over one million copies.","In 1988, John Elkington (b. 1949) and Julia Hailes (b. 1961) published The Green Consumer Guide, which reflected the growing interest in green consumerism..."
"Launch of six new British ethical investment funds",1987,"Other",{'primary_category': 'revealing_potential_for_system_change', 'justification': 'Introducing ethical funds signalled a shift in financial capital towards environmental criteria, indicating systemic change potential.', 'supporting_text': 'A boom in ethical investment saw the launch of six new British ethical funds.'},"A boom in ethical investment led to the creation of six new ethical funds in the United Kingdom, expanding green finance options.","Green products and services were now beginning to span the entire market, and in 1987 a boom in ethical investment saw the launch of six new British ethical funds."
"Campaign against McDonald’s for non‑recyclable waste",1988,"Movement",{'primary_category': 'fostering_collective_action', 'justification': 'Coordinated actions by NGOs and schoolchildren targeted a major corporation, pressuring it to change packaging.', 'supporting_text': 'Environmental groups attacked McDonald’s… tactics adopted by campaigners included consumers sending back used wrappers and schoolchildren demonstrating.'},"US environmental groups EDF, Earth Action Network and Kids Against Pollution organized actions targeting McDonald’s over its polystyrene clamshell packaging, including sending back wrappers and school...","In 1988, the US environmental groups EDF, Earth Action Network and Kids Against Pollution attacked McDonald's, the largest US fast‑food chain, for the amount of rubbish it produced."
"McDonald’s agreement to switch to paper‑based packaging",1990,"Policy",{'primary_category': 'fostering_collective_action', 'justification': 'The company’s policy shift resulted directly from sustained public pressure, showing collective action can drive corporate change.', 'supporting_text': 'In 1990 [McDonald’s] agreed to move to paper‑based packaging.'},"Following sustained pressure from consumer campaigns, McDonald’s committed to replace its non‑recyclable packaging with paper‑based alternatives.","The company was subjected to mounting pressure on its nonrecyclable waste and in 1990 agreed to move to paper‑based packaging."
"Founding of The Body Shop",1976,"Organization",{'primary_category': 'fostering_collective_action', 'justification': 'The Body Shop created a market for natural, ethically sourced products, inspiring consumer demand for greener alternatives.', 'supporting_text': 'Anita Roddick founded The Body Shop… to sell natural beauty products.'},"Anita Roddick established The Body Shop in Brighton, UK, offering natural beauty products and aligning the brand with environmental causes such as Greenpeace.","In 1976, Anita Roddick (1942-2007) founded The Body Shop in Brighton, UK to sell natural beauty products."
"Launch of ‘Save the Whale’ window campaign by The Body Shop",1986,"Movement",{'primary_category': 'fostering_collective_action', 'justification': 'The campaign partnered with Greenpeace to raise public awareness, mobilising consumers around marine conservation.', 'supporting_text': 'It created its own window campaign, ‘Save the whale’, in collaboration with Greenpeace.'},"The Body Shop, in partnership with Greenpeace, introduced a window display campaign titled ‘Save the Whale’ to raise awareness about marine conservation.","In 1986 it created its own window campaign, 'Save the whale', in collaboration with Greenpeace."
"Decision by eight major UK aerosol companies to phase out CFCs",1989,"Policy",{'primary_category': 'revealing_potential_for_system_change', 'justification': 'The coordinated industry decision marked a rapid shift away from harmful chemicals, illustrating capacity for systemic environmental reform.', 'supporting_text': 'The eight largest aerosol companies… took the decision to phase out all CFCs by the end of 1989.'},"The eight largest aerosol manufacturers in the UK announced they would eliminate all CFCs from their products by the end of 1989, ahead of a planned consumer boycott.","The eight largest aerosol companies took the decision to phase out all CFCs by the end of 1989, three days before the boycott campaign was launched."
"Launch of Friends of the Earth boycott campaign against CFC‑based aerosols",1989,"Movement",{'primary_category': 'fostering_collective_action', 'justification': 'FoE’s planned boycott aimed to pressure manufacturers, demonstrating activist use of consumer leverage.', 'supporting_text': 'FoE planned to boycott all the best‑selling CFC‑based aerosols.'},"Friends of the Earth (UK) initiated a boycott targeting best‑selling CFC‑based aerosol products, aiming to pressure manufacturers to adopt greener alternatives.","The eight largest aerosol companies took the decision to phase out all CFCs by the end of 1989, three days before the boycott campaign was launched."
"Introduction of EU Voluntary Ecolabel Scheme",1992,"Policy",{'primary_category': 'fostering_collective_action', 'justification': 'Creates a voluntary label that enables consumers and businesses to act on environmental criteria.', 'supporting_text': 'EU introduced a voluntary Ecolabel scheme in 1992… to encourage businesses… to advertise their environmental credentials.'},"The European Union introduced a voluntary Ecolabel scheme to help consumers identify and choose green products throughout their life cycle.","the EU introduced a voluntary Ecolabel scheme in 1992."
"Tesco announcement to label 70,000 products with carbon footprints",2007,"Other",{'primary_category': 'fostering_collective_action', 'justification': 'Tesco’s public commitment mobilises corporate and consumer action on carbon footprints.', 'supporting_text': 'Tesco announcing it would be labelling 70,000 products with details of its carbon footprint…'},"Tesco announced it would label 70,000 products with details of their carbon footprints and aimed to cut carbon emissions from its stores by 75 %.","In 2007, Britain's leading businesses responded to a resurging green trend, with the supermarket chain Tesco announcing it would be labelling 70,000 products with details of its carbon footprint, and that it would cut carbon emissions from its stores by 75 per cent."
"Broadcast of The Undersea World of Jacques Cousteau",1966,"Other",{'primary_category': 'impacting_salience_and_social_acceptance', 'justification': 'First TV broadcast that brought marine life to a wide audience, raising public awareness.', 'supporting_text': 'The 1966 US broadcast of The Undersea World of Jacques Cousteau brought life under the seas to public attention for the very first time.'},"A U.S. television broadcast that brought marine life to public attention for the first time.","The 1966 US broadcast of The Undersea World of Jacques Cousteau brought life under the seas to public attention for the very first time."
"Release of David Attenborough's documentary Life on Earth",1979,"Publication",{'primary_category': 'impacting_salience_and_social_acceptance', 'justification': 'Highly acclaimed documentary reshaped viewers’ perspectives on nature.', 'supporting_text': 'Attenborough produced a highly acclaimed documentary, Life on Earth, which told the story of the evolution of life on the planet.'},"A highly acclaimed documentary that narrated the evolution of life on the planet.","In 1979, Attenborough produced a highly acclaimed documentary, Life on Earth, which told the story of the evolution of life on the planet."
"Earth Day celebration at Union Square, New York City",1970,"Movement",{'primary_category': 'fostering_collective_action', 'justification': 'Celebrity participation helped mobilise public engagement around environmental issues.', 'supporting_text': 'US actors Paul Newman … and Ali McGraw … took part in the 1970 Earth Day celebration at Union Square in New York City.'},"Celebration of Earth Day in New York City featuring actors Paul Newman and Ali McGraw.","US actors Paul Newman (1925-2008) and Ali McGraw (b. 1939) took part in the 1970 Earth Day celebration at Union Square in New York City."
"Live Aid concert",1985,"Other",{'primary_category': 'fostering_collective_action', 'justification': 'Massive international concert mobilised artists and audiences to raise funds for a humanitarian crisis.', 'supporting_text': 'Live Aid concert … galvanised a host of international artists to raise money to tackle the Ethiopian famine.'},"International concert held on 13 July 1985 that raised money for the Ethiopian famine and highlighted the power of celebrity endorsement for environmental causes.","the success of the Live Aid concert on 13 July 1985 which galvanised a host of international artists to raise money to tackle the Ethiopian famine, that environmentalists realised the power of celebrity endorsement."
"Founding of Rainforest Foundation International",1989,"Organization",{'primary_category': 'revealing_potential_for_system_change', 'justification': 'Foundation’s creation led to legal recognition of indigenous land rights, showing systemic impact.', 'supporting_text': 'Sting … founded the Rainforest Foundation International… resulted in legal recognition and demarcation of an area of more than 27,359\u202fkm².'},"Sting, together with his wife Trudie Styler and filmmaker Jean‑Pierre Dutilleux, founded the Rainforest Foundation International to support rainforest protection and indigenous rights.","In 1989, British musician Sting (b. 1951) founded the Rainforest Foundation International with his wife Trudie Styler (b. 1954) and Belgian film-maker Jean-Pierre Dutilleux."
"Legal recognition and demarcation of Kayapo territory in Amazonas",1993,"Policy",{'primary_category': 'revealing_potential_for_system_change', 'justification': 'Legal outcome demonstrates a concrete shift in policy and land‑rights governance.', 'supporting_text': 'In 1993 this resulted in legal recognition and demarcation of an area of more than 27,359 square kilometres.'},"Legal recognition and demarcation of more than 27,359 km² of land for the Kayapo indigenous people in the Brazilian state of Amazonas.","In 1993 this resulted in legal recognition and demarcation of an area of more than 27,359 square kilometres."
"Publication of Vanity Fair ""Green Issue""",2006,"Publication",{'primary_category': 'impacting_salience_and_social_acceptance', 'justification': 'Raised public awareness and legitimacy of climate issues through celebrity coverage.', 'supporting_text': 'The cover described global warming as a threat... called for ‘A New American Revolution’... attempt to use celebrity to sell sustainability to a moderately interested public.'},"Vanity Fair released a special "Green Issue" featuring celebrities and politicians on a mossy backdrop, highlighting global warming as a major threat and calling for a "New American Revolution".","In May 2006, US Vanity Fair, a magazine of popular culture, fashion and politics, reflected popular environmental awareness when it published its 'Green Issue'."
"Vanity Fair announces abandonment of annual Green Issue",2009,"Other",{'primary_category': 'impacting_salience_and_social_acceptance', 'justification': 'Signals that environmental coverage became mainstream, shifting media agenda.', 'supporting_text': 'arguing that the environment had become so integral to the news agenda that there was no longer a need for a dedicated issue.'},"Vanity Fair declared it would cease publishing its dedicated green issue, stating that environmental topics had become integral to the news agenda.","Three years later, Vanity Fair announced it would abandon its annual green issue, arguing that the environment had become so integral to the news agenda that there was no longer a need for a dedicated issue."
"Release of documentary ""An Inconvenient Truth""",2006,"Publication",{'primary_category': 'fostering_collective_action', 'justification': 'Catalyzed large‑scale mobilization such as the Live Earth concerts.', 'supporting_text': 'Gore set out to sell the importance of action on climate change on an epic scale through a global series of Live Earth concerts.'},"Al Gore produced the Oscar‑winning documentary that presented scientific evidence of climate change and its impacts.","In 2006, former US Democratic Party Vice President Al Gore's long-standing interest in environmental issues led him to produce the Oscar-winning documentary An Inconvenient Truth."
"Release of film ""The Day After Tomorrow""",2004,"Publication",{'primary_category': 'impacting_salience_and_social_acceptance', 'justification': 'Popular film depicted catastrophic climate impacts, raising public discourse.', 'supporting_text': 'Both, in their own way, depicted the potentially catastrophic effects of climate change.'},"Hollywood science‑fiction disaster film depicting catastrophic climate impacts was released, contributing to popular culture’s climate narrative.","This followed the 2004 Hollywood science-fiction disaster film The Day After Tomorrow."
"Release of documentary ""The 11th Hour""",2007,"Publication",{'primary_category': 'impacting_salience_and_social_acceptance', 'justification': 'Documented planetary problems, increasing awareness of environmental stakes.', 'supporting_text': 'The film documented problems facing the planet’s life systems, including climate change, deforestation, species extinction and depletion of the oceans’ habitats.'},"Leonardo DiCaprio produced and narrated a feature documentary examining the state of the natural environment and climate change.","In 2007, US actor Leonardo DiCaprio (b. 1974) produced and narrated the feature film documentary The 11th Hour on the state of the natural environment."
"Release of documentary ""The Age of Stupid""",2009,"Publication",{'primary_category': 'fostering_collective_action', 'justification': 'Inspired the creation of the 10:10 emissions‑reduction campaign.', 'supporting_text': 'The Age of Stupid… continued the climate change theme… inspired Armstrong to found the 10:10 campaign.'},"British campaigner Franny Armstrong produced a drama‑documentary‑animation hybrid highlighting future climate devastation and urging action.","And in 2009 British environmental campaigner Franny Armstrong (b. 1972) produced the film The Age of Stupid, which continued the climate change theme."
"Live Earth global concert series",2007,"Concert",{'primary_category': 'fostering_collective_action', 'justification': 'Massive entertainment event called for worldwide climate action.', 'supporting_text': 'The 2007 Live Earth concert called for worldwide action to combat climate change across seven continents, and was broadcast in 132 countries.'},"A worldwide series of concerts on seven continents, broadcast in 132 countries, aimed to mobilise action against climate change.","Following on the success of An Inconvenient Truth, Gore set out to sell the importance of action on climate change on an epic scale through a global series of Live Earth concerts. The 2007 Live Earth concert called for worldwide action to combat climate change across seven continents, and was broadc..."
"Publication of ""Climate Safety"" report",2008,"Publication",{'primary_category': 'revealing_potential_for_system_change', 'justification': 'Provided evidence for a 10\u202f% emissions cut, informing policy and campaigns.', 'supporting_text': 'Public Interest Research Centre’s report Climate Safety concluded the need for a 10 per cent reduction in the developed world’s emissions by the end of 2010.'},"The Public Interest Research Centre released a report calling for a 10 % emissions reduction in the developed world by the end of 2010.","In 2008, the Public Interest Research Centre's report Climate Safety concluded the need for a 10 per cent reduction in the developed world's emissions by the end of 2010."
"Founding of the 10:10 campaign",2008,"Movement",{'primary_category': 'fostering_collective_action', 'justification': 'Mobilised individuals, businesses and organisations to cut carbon emissions.', 'supporting_text': 'encouraged individuals, businesses and organisations to commit to reducing their carbon emissions.'},"Franny Armstrong launched the 10:10 campaign encouraging individuals, businesses and organisations to cut carbon emissions by 10 % in a year.","This inspired Armstrong to found the 10:10 campaign, which encouraged individuals, businesses and organisations to commit to reducing their carbon emissions."
"Launch of ""Active Resistance"" project",2005,"Other",{'primary_category': 'fostering_collective_action', 'justification': 'Encouraged public engagement with humanitarian and environmental issues.', 'supporting_text': 'set up ‘Active Resistance’ as a project to encourage engagement with humanitarian and environmental issues... invited consumers not to buy new clothes.'},"Designer Vivienne Westwood created the "Active Resistance" project to promote engagement with humanitarian and environmental issues.","In 2005, the designer Vivenne Westwood (b. 1941) set up 'Active Resistance' as a project to encourage engagement with humanitarian and environmental issues."
"Release of ""I am not a plastic bag"" cotton bag",2007,"Product launch",{'primary_category': 'impacting_salience_and_social_acceptance', 'justification': 'Created a visible, fashionable symbol of plastic‑bag reduction.', 'supporting_text': 'bag became so popular it sold out within an hour, contributing to an ‘eco-chic’ trend in fashion.'},"Bag designer Anya Hindmarch created an unbleached cotton bag with the slogan "I am not a plastic bag" for Sainsbury's; the product sold out within an hour, sparking an eco‑chic fashion trend.","In 2007, bag designer Anya Hindmarch (b.1968) designed an unbleached £5 cotton bag with 'I am not a plastic bag' written on it for Sainsbury's supermarket."
"Launch of Duchy Originals organic brand",1990,"Other",{'primary_category': 'fostering_collective_action', 'justification': 'The brand creates a market for organic products, enabling consumers to act sustainably.', 'supporting_text': 'In 1990, he launched his own organic brand, Duchy Originals, which embodies the Prince of Wales’s commitment to producing natural, organic products while helping to protect and sustain the countryside and wildlife.'},"Prince Charles launched his own organic brand, Duchy Originals, to promote natural, organic products and support countryside and wildlife protection.","In 1990, he launched his own organic brand, Duchy Originals, which embodies the Prince of Wales's commitment to producing natural, organic products while helping to protect and sustain the countryside and wildlife."
"Household carbon‑emissions reduction target set",2007,"Policy",{'primary_category': 'fostering_collective_action', 'justification': 'Setting a concrete emissions target demonstrates leadership and can motivate broader adoption of similar goals.', 'supporting_text': 'In 2007, his household set a target to reduce its carbon emissions by 25 per cent by 2012 against a baseline year of 2007.'},"The Prince’s household committed to cut its carbon emissions by 25 % by 2012, using 2007 as the baseline year.","In 2007, his household set a target to reduce its carbon emissions by 25 per cent by 2012 against a baseline year of 2007."
"First speech to the European Parliament on climate leadership",2008,"Meeting",{'primary_category': 'impacting_salience_and_social_acceptance', 'justification': 'The speech calls for EU leadership, raising the political profile of climate action.', 'supporting_text': 'his first speech to the European Parliament on 14 February 2008, the Prince called for EU leadership in the war against climate change.'},"Prince Charles addressed the European Parliament, urging EU leadership in the fight against climate change.","Following this, in his first speech to the European Parliament on 14 February 2008, the Prince called for EU leadership in the war against climate change."
"BBC lecture on climate‑change behaviour change",2009,"Meeting",{'primary_category': 'impacting_salience_and_social_acceptance', 'justification': 'The lecture urges behavioural change, influencing public discourse on climate mitigation.', 'supporting_text': 'He also used a 2009 BBC lecture to argue that it is essential that people change their behaviour to stop the effects of climate change.'},"Prince Charles delivered a BBC lecture arguing that personal behaviour change is essential to stop the effects of climate change.","He also used a 2009 BBC lecture to argue that it is essential that people change their behaviour to stop the effects of climate change."
"Royal Train ecotour of the United Kingdom",2010,"Movement",{'primary_category': 'fostering_collective_action', 'justification': 'The bio‑fuel‑powered tour promotes sustainable living and showcases low‑carbon transport.', 'supporting_text': 'In 2010, he undertook an ecotour of the UK in a bio-fuel-powered Royal Train to promote an initiative to encourage and celebrate sustainable living.'},"Prince Charles travelled across the UK in a bio‑fuel‑powered Royal Train to promote an initiative encouraging sustainable living.","The Prince's activities continued in 2010, when he undertook an ecotour of the UK in a bio-fuel-powered Royal Train to promote an initiative to encourage and celebrate sustainable living."
"Sustainability festival at the end of the Royal Train ecotour",2010,"Conference",{'primary_category': 'fostering_collective_action', 'justification': 'The festival mobilised tens of thousands, providing a concrete venue for public participation.', 'supporting_text': 'At the end of the tour, he held a sustainability festival attended by an estimated 70,000 people and demonstrated how everyone could make a difference.'},"A sustainability festival attended by an estimated 70,000 people was held to demonstrate how individuals can make a difference for the environment.","At the end of the tour, he held a sustainability festival attended by an estimated 70,000 people and demonstrated how everyone could make a difference."
"Time magazine names 'Endangered Earth' Planet of the Year",1989,"Publication",{'primary_category': 'impacting_salience_and_social_acceptance', 'justification': 'The magazine’s designation amplified the urgency of environmental issues.', 'supporting_text': 'In 1989, the US Time magazine declared ‘Endangered Earth’ as the ‘Planet of the Year’.'},"U.S. Time magazine selected 'Endangered Earth' as its Planet of the Year, highlighting environmental issues.","In 1989, the US Time magazine declared 'Endangered Earth' as the 'Planet of the Year' instead of its usual man or woman of the year."
"Conversion of Duchy Home Farm to organic agriculture (process)",None,"Process",{'primary_category': 'revealing_potential_for_system_change', 'justification': 'Transforming a traditional farm to organic practice illustrates a pathway for wider agricultural change.', 'supporting_text': 'he began the process of converting the Duchy Home Farm, which is part of the estate, to an organic agricultural system.'},"Prince Charles began converting the Duchy Home Farm on the Highgrove estate to an organic agricultural system, a multi‑year transition that started in the early 1980s.","In the early 1980s, when Prince Charles moved to the Highgrove estate in Gloucestershire, he began the process of converting the Duchy Home Farm, which is part of the estate, to an organic agricultural system."
"Climategate controversy",2009,"Other",{'primary_category': 'undermining_changes_and_progress', 'justification': 'The controversy led to a measurable decline in public concern about climate change.', 'supporting_text': 'The November 2009 ‘climategate’ controversy ... contributed to a decline in public concern about climate change'},"The November 2009 "climategate" controversy over climate science contributed to a decline in public concern about climate change.","The November 2009 'climategate' controversy over climate science (see Chapter 4) contributed to a decline in public concern about climate change"
"2009 EU study on European public attitudes to climate change",2009,"Research",{'primary_category': 'impacting_salience_and_social_acceptance', 'justification': 'The study shows that a majority of Europeans view climate change as a very serious problem, raising its public salience.', 'supporting_text': 'A 2009 EU study found that two‑thirds of Europeans felt the climate is a very serious problem'},"A 2009 European Union study found that two‑thirds of Europeans felt climate change was a very serious problem, highlighting regional variations in awareness and concern.","A 2009 EU study found that two‑thirds of Europeans felt the climate is a very serious problem."
"2010 England public attitudes survey on climate change",2010,"Research",{'primary_category': 'revealing_potential_for_system_change', 'justification': 'The survey reveals that most respondents remain concerned and are prepared to act, indicating capacity for systemic shift.', 'supporting_text': 'A 2010 survey of public attitudes in England revealed that the majority ... were prepared to take action'},"A 2010 survey of public attitudes in England showed that the majority still believed the climate is changing and remained concerned, despite the recent climategate controversy.","A 2010 survey of public attitudes in England revealed that the majority of the public still believed that the climate is changing and were prepared to take action."
"2010 Yale University study on US public attitudes to climate change",2010,"Research",{'primary_category': 'revealing_potential_for_system_change', 'justification': 'Findings expose knowledge gaps and strong public desire for education, suggesting leverage points for transformation.', 'supporting_text': 'A 2010 Yale University study ... 75\u202f% would like to know more about climate change, 68\u202f% would welcome a national programme'},"A 2010 Yale University study of U.S. public attitudes found that 63 % of Americans believed global warming is happening, but many lacked understanding of its human causes.","A 2010 Yale University study of US public attitudes to climate change found that 63 per cent of Americans believed that global warming is happening."
"Development of environmentalism as part of popular culture",None,"Process",{'primary_category': 'revealing_potential_for_system_change', 'justification': 'Shows how environmentalism has become embedded in culture, indicating a systemic shift toward broader societal engagement with nature.', 'supporting_text': 'This chapter has examined how environmentalism developed as part of popular culture over the past sixty years.'},"A multi‑decadal process in which environmentalism became integrated into mainstream Western popular culture, characterized by countercultural roots, the rise of consumerism, media influence, and celeb...","This chapter has examined how environmentalism developed as part of popular culture over the past sixty years. In the 1960s, environmental issues burst into the public consciousness with unprecedented speed and urgency. During these early years, environmentalism had a clear countercultural element, ..."
"2009 UK survey on green lifestyle perceptions",2009,"Research",{'primary_category': 'exposing_prevailing_condition', 'justification': 'The survey reveals public confusion and misperceptions about green lifestyles, diagnosing a barrier to harmony with nature.', 'supporting_text': 'evident in the responses to a 2009 UK survey on the issue'},"A national survey conducted in the United Kingdom in 2009 that examined public understandings of a green lifestyle, revealing that half of respondents no longer saw it as an alternative lifestyle, a q...","This confusion about what a green lifestyle actually entails is evident in the responses to a 2009 UK survey on the issue. A green lifestyle was no longer seen as an alternative lifestyle by half of the respondents, while a quarter of them disagreed that their lifestyle contributed to climate change..."
"Ongoing effort of the environmental movement to translate awareness into action and address consumerist values",None,"Process",{'primary_category': 'fostering_collective_action', 'justification': 'The effort aims to mobilise actors and resources to turn awareness into concrete green actions.', 'supporting_text': 'The challenge for the environmental movement is not only to translate awareness into action, but to address the values and beliefs that underpin the mainstream culture of consumerism'},"A continuous, long‑term process in which the environmental movement seeks to convert public awareness of environmental issues into concrete behavioural change while also confronting the underlying val...","The challenge for the environmental movement is not only to translate awareness into action, but to address the values and beliefs that underpin the mainstream culture of consumerism that defines twenty-first-century living."
