Name,Definition,Significance,Domain,Supporting_Text
"Gaia hypothesis","The idea that Earth can be considered as a single living system in which life unconsciously regulates the planetary environment to perpetuate its survival, viewing the atmosphere as an extension of li...",{'primary_category': 'revealing_potential_for_system_change', 'justification': 'Frames Earth as a self‑regulating living system, reshaping how humanity perceives its role.', 'supporting_text': 'he suggested that the Earth could be considered as a single living system and that life unconsciously regulated the planetary environment'},"","Lovelock took this further by suggesting that the Earth could be considered as a single living system and that life unconsciously regulated the planetary environment to perpetuate its survival."
"The Limits to Growth","A seminal model/report that analyses the consequences of exponential economic and population growth within a planet with finite resources.",{'primary_category': 'exposing_prevailing_condition', 'justification': 'Highlights unsustainable growth patterns that threaten ecological balance.', 'supporting_text': 'Club of Rome publishes The Limits to Growth'},"","Club of Rome publishes The Limits to Growth"
"Tragedy of the Commons","A principle describing how shared resources are over‑exploited when individuals act in their own self‑interest, leading to collective loss.",{'primary_category': 'revealing_potential_for_system_change', 'justification': 'Illustrates a key theoretical insight that can re‑orient resource management.', 'supporting_text': '‘The Tragedy of the Commons’ (Garrett Hardin, 1968) … raised wider anxieties about the future of the planet.'},"","'The Tragedy of the Commons' (Garrett Hardin, 1968) raised wider anxieties about the future of the planet."
"The Affluent Society","A critique of post‑war consumerism that highlights the disparity between private affluence and public squalor.",{'primary_category': 'exposing_prevailing_condition', 'justification': 'Critiques consumer‑driven growth that drives environmental degradation.', 'supporting_text': 'US economist J. K. Galbraith publishes The Affluent Society'},"","US economist J. K. Galbraith publishes The Affluent Society"
"The Entropy Law and the Economic Process","A theoretical framework linking the second law of thermodynamics (entropy) to economic activity, arguing that economic processes inevitably increase disorder.",{'primary_category': 'exposing_prevailing_condition', 'justification': 'Shows thermodynamic limits of economic activity, questioning current growth models.', 'supporting_text': 'Nicholas Georgescu‑Roegen publishes The Entropy Law and the Economic Process'},"","Nicholas Georgescu‑Roegen publishes The Entropy Law and the Economic Process"
"Small is Beautiful","A philosophical stance advocating that smaller, decentralized, and human‑scale economic and technological solutions are more sustainable and humane.",{'primary_category': 'revealing_potential_for_system_change', 'justification': 'Offers an alternative economic vision that can reshape development pathways.', 'supporting_text': 'Small is Beautiful (E. F. Schumacher, 1973) sketched out green alternatives.'},"","Small is Beautiful (E. F. Schumacher, 1973) sketched out green alternatives."
"Post‑Scarcity Anarchism","A political theory envisioning a society where abundance eliminates the need for hierarchical authority and coercive institutions.",{'primary_category': 'revealing_potential_for_system_change', 'justification': 'Envisions non‑hierarchical societies that could align human activity with nature.', 'supporting_text': 'Murray Bookchin publishes Post‑Scarcity Anarchism'},"","Murray Bookchin publishes Post‑Scarcity Anarchism"
"Only One Earth","A vision emphasizing the singular, finite nature of the planet and the necessity of sustainable stewardship.",{'primary_category': 'impacting_salience_and_social_acceptance', 'justification': 'Raises public awareness of planetary limits, increasing acceptance of environmental policies.', 'supporting_text': 'Barbara Ward publishes Only One Earth'},"","Barbara Ward publishes Only One Earth"
"The Closing Circle","A work presenting an ecological worldview that integrates environmental limits with social and economic systems.",{'primary_category': 'impacting_salience_and_social_acceptance', 'justification': 'Popularizes ecological thinking, shaping discourse around sustainability.', 'supporting_text': 'Barry Commoner publishes The Closing Circle'},"","Barry Commoner publishes The Closing Circle"
"Sustainable development","A development paradigm promoted by environmental groups that seeks to meet present needs without compromising the ability of future generations to meet theirs, pursued through partnerships with corpor...",{'primary_category': 'impacting_salience_and_social_acceptance', 'justification': 'The summit temporarily raised its profile, increasing public and political attention.', 'supporting_text': 'WSSD temporarily raised the profile of sustainable development.'},"","Forum for the Future (est. 1996) promotes its work on sustainable development through partnerships with organisations such as BT, Tesco and Unilever."
"Eco‑labelling scheme","A voluntary labeling system introduced by the European Union to indicate the environmental performance of products.",{'primary_category': 'fostering_collective_action', 'justification': 'EU’s voluntary scheme creates market incentives for environmentally friendly products.', 'supporting_text': '1992 European Union introduces a voluntary Eco‑labelling scheme'},"","European Union introduces a voluntary Eco‑labelling scheme"
"Buy Nothing Day","An anti‑consumerist campaign launched in the United States encouraging people not to purchase goods for a day.",{'primary_category': 'impacting_salience_and_social_acceptance', 'justification': 'The concept frames a broader critique of consumer culture.', 'supporting_text': 'The anti‑consumerist Buy Nothing Day, first launched in the USA in 1992, encapsulated the ideals of this countercultural movement.'},"","Anti‑consumerist 'Buy Nothing Day' is launched in the USA"
"Ecosystem services","The benefits provided by ecosystems that can be quantified and valued economically, as attempted by Robert Costanza and colleagues.",{'primary_category': 'revealing_potential_for_system_change', 'justification': 'Provides a framework to translate ecological functions into human‑relevant value terms.', 'supporting_text': 'The power of the ecosystem services approach is that it provides a way for economists to translate ecological functions…'},"","Economist Robert Costanza and colleagues attempt to value ecosystem services"
"Green political party","A political party centered on environmental issues, exemplified by Sweden's Miljépartiet de Gréna, the country's first green party.",{'primary_category': 'fostering_collective_action', 'justification': 'The creation of a green party provides organized political agency for environmental goals.', 'supporting_text': 'Miljépartiet de Gréna is established as Sweden’s first green political party'},"","Miljépartiet de Gréna is established as Sweden's first green political party"
"Environmentalism","A contemporary movement characterized by the establishment of new institutions, professional campaign groups, and governmental agencies aimed at addressing environmental issues such as pesticide use a...",{'primary_category': 'fostering_collective_action', 'justification': 'Growth of new occupations consolidated contemporary environmentalism, expanding its organisational base.', 'supporting_text': 'the growth of new occupations ... have strengthened and consolidated contemporary environmentalism'},"","Finally, the history of contemporary environmentalism has been marked by the establishment of new institutions. Campaigns on issues such as pesticide use and nuclear testing led to the development of a new breed of professional campaign groups which have become the public face of environmentalism."
"wilderness preservation","A recognised strand of modern environmental thinking that focuses on protecting untouched natural areas.",{'primary_category': 'impacting_salience_and_social_acceptance', 'justification': 'One of the recognized strands that shapes environmental values and policy debates.', 'supporting_text': 'Recognised strands of modern environmental thinking include, ... wilderness preservation, wildlife protection, resource conservation, human ecology, eco‑feminism, eco‑theology, eco‑psychology.'},"","Recognised strands of modern environmental thinking include, but are not limited to, wilderness preservation, wildlife protection, resource conservation, human ecology, eco-feminism, eco-theology, eco-psychology, deep ecology, radical ecology, environmental justice, sustainable development and green..."
"wildlife protection","A recognised strand of modern environmental thinking that aims to safeguard animal species and their habitats.",{'primary_category': 'impacting_salience_and_social_acceptance', 'justification': 'Contributes to the framing of biodiversity priorities in public and policy arenas.', 'supporting_text': 'Recognised strands of modern environmental thinking include, ... wilderness preservation, wildlife protection, resource conservation, human ecology, eco‑feminism, eco‑theology, eco‑psychology.'},"","Recognised strands of modern environmental thinking include, but are not limited to, wilderness preservation, wildlife protection, resource conservation, human ecology, eco-feminism, eco-theology, eco-psychology, deep ecology, radical ecology, environmental justice, sustainable development and green..."
"resource conservation","A recognised strand of modern environmental thinking that seeks to use natural resources sustainably and avoid wasteful depletion.",{'primary_category': 'impacting_salience_and_social_acceptance', 'justification': 'Guides societal narratives about sustainable use of natural assets.', 'supporting_text': 'Recognised strands of modern environmental thinking include, ... wilderness preservation, wildlife protection, resource conservation, human ecology, eco‑feminism, eco‑theology, eco‑psychology.'},"","Recognised strands of modern environmental thinking include, but are not limited to, wilderness preservation, wildlife protection, resource conservation, human ecology, eco-feminism, eco-theology, eco-psychology, deep ecology, radical ecology, environmental justice, sustainable development and green..."
"human ecology","A recognised strand of modern environmental thinking that studies the relationships between humans and their natural environment.",{'primary_category': 'impacting_salience_and_social_acceptance', 'justification': 'Frames the interdependence of human societies and ecosystems.', 'supporting_text': 'Recognised strands of modern environmental thinking include, ... wilderness preservation, wildlife protection, resource conservation, human ecology, eco‑feminism, eco‑theology, eco‑psychology.'},"","Recognised strands of modern environmental thinking include, but are not limited to, wilderness preservation, wildlife protection, resource conservation, human ecology, eco-feminism, eco-theology, eco-psychology, deep ecology, radical ecology, environmental justice, sustainable development and green..."
"eco‑feminism","A recognised strand of modern environmental thinking that links ecological concerns with feminist perspectives.",{'primary_category': 'impacting_salience_and_social_acceptance', 'justification': 'Links gender equity with ecological sustainability, influencing discourse.', 'supporting_text': 'Recognised strands of modern environmental thinking include, ... eco‑feminism, eco‑theology, eco‑psychology.'},"","Recognised strands of modern environmental thinking include, but are not limited to, wilderness preservation, wildlife protection, resource conservation, human ecology, eco-feminism, eco-theology, eco-psychology, deep ecology, radical ecology, environmental justice, sustainable development and green..."
"eco‑theology","A recognised strand of modern environmental thinking that integrates religious or spiritual views with ecological stewardship.",{'primary_category': 'impacting_salience_and_social_acceptance', 'justification': 'Integrates spiritual perspectives into environmental narratives.', 'supporting_text': 'Recognised strands of modern environmental thinking include, ... eco‑theology, eco‑psychology.'},"","Recognised strands of modern environmental thinking include, but are not limited to, wilderness preservation, wildlife protection, resource conservation, human ecology, eco-feminism, eco-theology, eco-psychology, deep ecology, radical ecology, environmental justice, sustainable development and green..."
"eco‑psychology","A recognised strand of modern environmental thinking that explores the psychological relationship between humans and the natural world.",{'primary_category': 'impacting_salience_and_social_acceptance', 'justification': 'Explores psychological dimensions of human‑nature relationships, shaping public attitudes.', 'supporting_text': 'Recognised strands of modern environmental thinking include, ... eco‑psychology.'},"","Recognised strands of modern environmental thinking include, but are not limited to, wilderness preservation, wildlife protection, resource conservation, human ecology, eco-feminism, eco-theology, eco-psychology, deep ecology, radical ecology, environmental justice, sustainable development and green..."
"Deep ecology","A biocentric or Earth‑centred ecological philosophy that places intrinsic value on nature itself, putting nature first and humanity second.",{'primary_category': 'revealing_potential_for_system_change', 'justification': 'Deep ecology introduces a biocentric worldview that re‑values nature intrinsically.', 'supporting_text': 'This viewpoint is often described as ‘deep ecology’ – a term introduced … by the Norwegian philosopher Arne Naess.'},"","This viewpoint is often described as 'deep ecology' - a term introduced in the early 1970s by the Norwegian philosopher Arne Naess (1912-2009). This biocentric or Earth‑centred approach has often been interpreted as putting nature first, humanity second."
"Radical ecology","A politically revolutionary ecological perspective that combines anarchist political philosophy with ecology, arguing that human relationships with nature require improvements in social conditions and...",{'primary_category': 'revealing_potential_for_system_change', 'justification': 'Radical ecology links ecological insight to transformative social change.', 'supporting_text': 'Bookchin’s radical ecology described how human relationships with nature depended on … an improvement in social conditions.'},"","Murray Bookchin (1921-2006) developed a more politically revolutionary approach, in which he combined anarchist political philosophy with ecology in books such as Post-Scarcity Anarchism (1970). Bookchin's radical ecology described how human relationships with nature depended on, indeed required, an..."
"Environmental justice","A framing of environmental issues that links pollution and hazardous waste siting to racial discrimination, emphasizing the need to address social, economic and environmental inequities, especially fo...",{'primary_category': 'fostering_collective_action', 'justification': 'The movement builds national networks of activists, lawyers, academics and citizens, enabling coordinated action on health, transport and land‑use issues.', 'supporting_text': 'National networks are now established that bring together an alliance of community activists, lawyers, academics and concerned citizens.'},"","The environmental justice movement emerged against a backdrop of wider public concern over environmental pollution in the USA, but was framed by the issue of racial discrimination."
"green consumerism","An idea that gives individuals the power to vote with their pocket and hold governments and companies accountable for social and environmental standards.",{'primary_category': 'fostering_collective_action', 'justification': 'The concept empowers individuals to influence corporate and governmental practices through purchasing decisions.', 'supporting_text': 'The idea of ‘green consumerism’ gave individuals the power to vote with their pocket and make accountable governments and companies'},"","The idea of 'green consumerism' gave individuals the power to vote with their pocket and make accountable governments and companies that did not live up to expected social and environmental standards."
"Global Green New Deal","A UNEP‑launched initiative that seeks to mobilise economic and social policies toward a greener, more sustainable future.",{'primary_category': 'fostering_collective_action', 'justification': 'UNEP’s launch signals coordinated effort to reshape policy.', 'supporting_text': 'UNEP launches a Global Green New Deal'},"","UNEP launches a Global Green New Deal"
"Prosperity Without Growth","A paradigm proposing that societies can achieve wellbeing and prosperity without continuous economic growth.",{'primary_category': 'revealing_potential_for_system_change', 'justification': 'The concept embodies a systemic shift toward well‑being within planetary limits.', 'supporting_text': 'In Prosperity Without Growth (2009), Tim Jackson argues that a different kind of economy is essential for a different kind of prosperity – one where human beings can flourish within the ecological limits of a finite planet.'},"","Tim Jackson publishes Prosperity Without Growth"
"green economy","An economic model that integrates environmental sustainability into production, consumption, and policy, as highlighted in UNEP’s report.",{'primary_category': 'revealing_potential_for_system_change', 'justification': 'Investments by major economies show the green economy as a pathway toward sustainable development.', 'supporting_text': 'Leading global economies such as Brazil and China are already investing heavily in the green energy sector.'},"","UNEP publishes Towards a Green Economy report"
"Modern environmental thought","The early beginnings and latest ideas of contemporary environmental thinking that have developed over the past sixty years.",{'primary_category': 'revealing_potential_for_system_change', 'justification': 'Shows evolution of ideas that can shift systems toward harmony with nature.', 'supporting_text': 'Each strand of modern environmental thinking brings its own set of ideas about how humanity should organise itself and interact with its environment.'},"","As far as possible, the early beginnings of modern environmental thought are covered, as well as the very latest ideas and events."
"Environmental governance","The system of international cooperation, policies, and institutions that guide collective action to address environmental problems.",{'primary_category': 'revealing_potential_for_system_change', 'justification': 'The text links the conference’s outcomes to the emergence of systematic environmental law‑making.', 'supporting_text': '… provided momentum for an intensive period of international environmental law‑making.'},"","The conference generated a degree of enthusiasm for environmental action that has had a lasting influence on global environmental governance."
"Limits to Growth","A systems‑based model that argues planetary resources and ecological capacity have finite limits, warning of potential collapse if growth continues unchecked.",{'primary_category': 'revealing_potential_for_system_change', 'justification': 'Identifies systemic thresholds that could trigger abrupt decline.', 'supporting_text': 'If the present growth trends ... continue unchanged, the limits to growth on this planet will be reached ...'},"","The Limits to Growth (Meadows et al., 1972) raised wider anxieties about the future of the planet."
"Blueprint for Survival","A vision proposing systemic changes to protect the environment and ensure human survival, outlining alternative, sustainable pathways.",{'primary_category': 'revealing_potential_for_system_change', 'justification': 'Proposes concrete strategies for ecological sustainability.', 'supporting_text': '‘A Blueprint for Survival’ (The Ecologist, 1972) … sketched out green alternatives.'},"","'A Blueprint for Survival' (The Ecologist, 1972) sketched out green alternatives."
"Green alternatives","Alternative approaches to development and technology that prioritize ecological sustainability and minimize environmental harm.",{'primary_category': 'revealing_potential_for_system_change', 'justification': 'Denotes viable pathways that can transform current unsustainable practices.', 'supporting_text': 'sketched out green alternatives.'},"","'A Blueprint for Survival' (The Ecologist, 1972) and Small is Beautiful (E. F. Schumacher, 1973) sketched out green alternatives."
"Environmental concern","Long‑standing ideas and worries about humanity’s relationship with nature, tracing back to ancient thinkers.",{'primary_category': 'exposing_prevailing_condition', 'justification': 'Highlights the longstanding awareness of human‑nature relationships.', 'supporting_text': 'ideas and concern about humanity’s relationship with nature are centuries old.'},"","although the concept of the environment is relatively new, ideas and concern about humanity's relationship with nature are centuries old."
"Environmental activity","The surge of actions, campaigns, and movements aimed at protecting the environment, which did not create entirely new ideas but amplified existing ones.",{'primary_category': 'fostering_collective_action', 'justification': 'Describes the surge of collective actions that drive environmental change.', 'supporting_text': 'the explosion of environmental activity did not represent the creation of an entirely new set of ideas.'},"","the explosion of environmental activity did not represent the creation of an entirely new set of ideas."
"Environmental movement","A social movement that emerged in the 1960s, mobilising public opinion and pressuring governments and businesses to act on environmental concerns, and that has grown increasingly diverse and complex o...",{'primary_category': 'revealing_potential_for_system_change', 'justification': 'Described as a new social movement capable of shifting public attitudes and policy.', 'supporting_text': 'The ability of the environmental movement to bring about change through targeted campaigns has been both a great strength and a weakness'},"","Over the past fifty years there has been an unprecedented growth in public concern for the environment. The 1960s saw a surge in environmental activity driven by transformative social, cultural and political events. This resulted in the emergence of a new social movement that furthered the environme..."
"Environmental campaign groups","Professional, often international, organisations founded in the 1960s that address a broad set of environmental issues beyond traditional wildlife and wilderness protection.",{'primary_category': 'fostering_collective_action', 'justification': 'These groups coordinate scientific expertise and public campaigns to influence policy.', 'supporting_text': 'professional campaign groups employed scientists ... in lawsuits, petitions to government and public campaigns'},"","The new breed of international environmental campaign groups founded at this time took on a set of environmental issues that went beyond the narrower wildlife and wilderness protection interests of earlier groups."
"Moral entrepreneurship","The practice by a new generation of campaign groups of framing environmental issues as moral imperatives, thereby raising public awareness and shaping environmental debates.",{'primary_category': 'impacting_salience_and_social_acceptance', 'justification': 'The moral framing increased public awareness and shaped environmental debates.', 'supporting_text': 'The moral entrepreneurship of this new generation of campaign groups increased public awareness of environmental issues'},"","The moral entrepreneurship of this new generation of campaign groups increased public awareness of environmental issues and helped to define and shape a wide range of environmental debates."
"Community‑based offshoots of the environmental movement","Distinct, locally rooted groups that formed in the 1980s and 1990s as a response to globalization, representing a diversification of the broader environmental movement.",{'primary_category': 'revealing_potential_for_system_change', 'justification': 'Represents a structural evolution that can alter how environmental action is organised and delivered.', 'supporting_text': 'formation of distinct, community‑based offshoots of the environmental movement'},"","the 1980s and 1990s saw the formation of distinct, community‑based offshoots of the environmental movement, in part as a response to globalisation."
"National property (as a landscape concept)","A framing of scenic landscapes as a collective right and interest of all people, emphasizing aesthetic, recreational, and moral claims to natural spaces.",{'primary_category': 'impacting_salience_and_social_acceptance', 'justification': 'Frames landscapes as a shared right, supporting arguments for protection and public access.', 'supporting_text': 'national property, in which every man has a right and interest who has an eye to perceive and a heart to enjoy'},"","Groups were formed to protect landscapes for their aesthetic and recreational value and to preserve access to, and enjoyment of, scenic landscapes as a 'national property, in which every man has a right and interest who has an eye to perceive and a heart to enjoy'."
"Modern environmental movement","A new and distinctive social movement that emerged in the 1960s, linking social and environmental concerns such as war, nuclear testing and chemical pesticides, and giving rise to numerous campaign gr...",{'primary_category': 'revealing_potential_for_system_change', 'justification': 'The passage describes the emergence of a new, system‑wide social movement.', 'supporting_text': 'This rebellious period in history provided the backdrop for the birth of the modern environmental movement.'},"","This rebellious period in history provided the backdrop for the birth of the modern environmental movement. Individuals made links between social and environmental concerns, such as war, nuclear testing and chemical pesticides."
"Counterculture","A cultural phenomenon of the 1960s characterised by an increasingly widespread tendency to question established values and institutions, driven by a new generation of young people.",{'primary_category': 'fostering_collective_action', 'justification': 'The counterculture created a cultural base that enabled collective environmental activism.', 'supporting_text': 'In the USA, ... coincided with the emergence of a counterculture and an increasingly widespread tendency to question established values...'},"","In the USA, growing opposition to the nuclear bomb, the Vietnam War and the use of chemical herbicide defoliants known as Agent Orange coincided with the emergence of a counterculture and an increasingly widespread tendency to question established values and institutions."
"New Left","A political current in France during the 1960s that attempted to overthrow the government, representing a broader opposition to the state and industrial society.",{'primary_category': 'exposing_prevailing_condition', 'justification': 'The New Left’s attempts to overthrow government highlight prevailing political unrest.', 'supporting_text': 'In France, the New Left attempted to overthrow the government...'},"","In France, the New Left attempted to overthrow the government."
"green political parties","Political parties whose platforms prioritize ecological sustainability, environmental protection, and often integrate social‑justice and participatory‑democracy values.",{'primary_category': 'revealing_potential_for_system_change', 'justification': 'Their emergence shows a new political avenue for environmental transformation.', 'supporting_text': 'Green political parties established themselves throughout Europe and most western economies because existing parties were not able to address the environmental agenda adequately'},"","Green political parties established themselves throughout Europe"
"Social movement (environmental)","A loosely connected, large, young, educated and idealistic constituency concerned with peace, civil rights and global environmental destruction, emerging in the 1960s‑1970s.",{'primary_category': 'fostering_collective_action', 'justification': 'The movement gathered a large, educated constituency for coordinated action.', 'supporting_text': 'This loosely connected movement represented a large, young, educated and idealistic constituency...'},"","This loosely connected movement represented a large, young, educated and idealistic constituency, equally concerned about issues of peace, civil rights and global environmental destruction."
"throwaway society","A societal condition characterized by wastefulness and the prevalence of disposable, non‑returnable products.",{'primary_category': 'exposing_prevailing_condition', 'justification': 'The concept is used to highlight wasteful consumption patterns that the campaign sought to change.', 'supporting_text': 'linked to a wider message about the wastefulness of a throwaway society'},"","FoE UK launched its first campaign against non-returnable bottles, linked to a wider message about the wastefulness of a throwaway society."
"green politics","A political orientation that explicitly links social and environmental agendas, often leading to the formation of new political parties focused on ecological issues.",{'primary_category': 'revealing_potential_for_system_change', 'justification': 'The emergence of green politics signalled new political alignments capable of reshaping policy.', 'supporting_text': 'Green politics was becoming more explicit as campaigners linked social and environmental agendas to create new political parties'},"","Green politics was becoming more explicit as campaigners linked social and environmental agendas to create new political parties across Europe."
"environmental politician","A self‑identified political actor whose primary focus is on environmental issues and advocacy.",{'primary_category': 'impacting_salience_and_social_acceptance', 'justification': 'Labeling a leader as an ‘environmental politician’ normalises environmental concerns within mainstream politics.', 'supporting_text': 'Tom Burke, Director of FoE UK (1975–79), described himself as an ‘environmental politician’'},"","Tom Burke, Director of FoE UK (1975-79), described himself as an 'environmental politician'."
"green parties","Political parties whose platforms prioritize ecological sustainability, environmental protection, and related social policies.",{'primary_category': 'revealing_potential_for_system_change', 'justification': 'Electoral successes of green parties illustrate pathways for institutionalizing environmental priorities.', 'supporting_text': 'Miljöpartiet received 5.5 per cent of the vote and gained twenty seats in parliament'},"","Sweden's Miljöpartiet de grõna was among the first green parties to secure national electoral success in Europe."
"counter power","The role of European campaign groups in acting as an alternative or oppositional force to mainstream political parties.",{'primary_category': 'revealing_potential_for_system_change', 'justification': 'Campaign groups positioning themselves as a counter‑power indicate an emerging alternative to dominant political forces.', 'supporting_text': 'European campaign groups began to establish themselves as a counter power to the main political parties'},"","During the 1970s and 1980s, European campaign groups began to establish themselves as a counter power to the main political parties."
"social and environmental agendas","The combined set of policy goals that address both societal welfare and ecological sustainability.",{'primary_category': 'revealing_potential_for_system_change', 'justification': 'Linking these agendas creates synergistic platforms for systemic transformation.', 'supporting_text': 'campaigners linked social and environmental agendas to create new political parties across Europe'},"","Green politics was becoming more explicit as campaigners linked social and environmental agendas to create new political parties across Europe."
"grassroots democracy","A commitment to decision‑making power residing with local communities and bottom‑up participation in political processes.",{'primary_category': 'fostering_collective_action', 'justification': 'Grassroots democracy is a core value that empowers participatory action.', 'supporting_text': 'most were committed to grassroots democracy, non-violence and social justice.'},"","most were committed to grassroots democracy, non-violence and social justice."
"non-violence","A principle of rejecting the use of force in political activism and social change.",{'primary_category': 'fostering_collective_action', 'justification': 'Non‑violence underpins peaceful collective mobilisation.', 'supporting_text': 'most were committed to grassroots democracy, non-violence and social justice.'},"","most were committed to grassroots democracy, non-violence and social justice."
"social justice","A normative goal of achieving equitable distribution of resources, rights and opportunities within society.",{'primary_category': 'fostering_collective_action', 'justification': 'Social justice links environmental aims to broader equity concerns, encouraging wider participation.', 'supporting_text': 'most were committed to grassroots democracy, non-violence and social justice.'},"","most were committed to grassroots democracy, non-violence and social justice."
"traditional models of economic growth","Conventional growth‑oriented economic paradigms that prioritize GDP expansion over ecological and social considerations.",{'primary_category': 'exposing_prevailing_condition', 'justification': 'The Greens’ challenge highlights existing growth paradigms that conflict with ecological wellbeing.', 'supporting_text': 'the German Greens used their platform to challenge traditional models of economic growth.'},"","challenge traditional models of economic growth"
"reduced‑hour working week","An advocacy for shortening the standard weekly work hours as a means to improve work‑life balance and reduce over‑production.",{'primary_category': 'revealing_potential_for_system_change', 'justification': 'Proposing shorter work weeks signals a systemic shift toward sustainable labour practices.', 'supporting_text': 'called for a reduced-hour working week'},"","called for a reduced-hour working week"
"anti‑nuclear movement","A social movement opposed to the development and use of nuclear power and related technologies.",{'primary_category': 'exposing_prevailing_condition', 'justification': 'Identifies nuclear power as a key environmental threat the movement opposes.', 'supporting_text': 'In 1980s West Germany, the anti-nuclear movement was almost identical to the environmental movement.'},"","In 1980s West Germany, the anti-nuclear movement was almost identical to the environmental movement"
"transboundary pollution","Pollution that crosses national borders, affecting multiple countries and requiring coordinated international responses.",{'primary_category': 'revealing_potential_for_system_change', 'justification': 'The text notes an emerging understanding of pollution that crosses borders, indicating systemic interdependence.', 'supporting_text': 'reflected an understanding of transboundary pollution'},"","reflected an understanding of transboundary pollution"
"habitat destruction","The loss or degradation of natural habitats, posing a threat to wildlife and biodiversity.",{'primary_category': 'exposing_prevailing_condition', 'justification': 'The passage highlights habitat destruction as a recognized threat, exposing a damaging condition.', 'supporting_text': 'growing recognition of habitat destruction and the threat it posed to wildlife'},"","growing recognition of habitat destruction and the threat it posed to wildlife"
"global environmental campaigns","High‑profile advocacy actions organized by environmental organisations that aim to influence policy and public opinion on a worldwide scale.",{'primary_category': 'fostering_collective_action', 'justification': 'These campaigns mobilise organisations to act globally on environmental issues.', 'supporting_text': 'By the 1970s, a new breed of environmental organisation had emerged that led high-profile environmental campaigns aimed at a global impact'},"","By the 1970s, a new breed of environmental organisation had emerged that led high-profile environmental campaigns aimed at a global impact."
"Fundraising strategies","New methods developed to raise funds for environmental action, introduced by WWF as part of its modern campaign approach.",{'primary_category': 'fostering_collective_action', 'justification': 'New strategies enabled WWF to secure substantial financial support for projects.', 'supporting_text': 'What made WWF a thoroughly modern campaign group was its focus on the need to raise funds ... it developed new fundraising strategies.'},"","What made WWF a thoroughly modern campaign group was its focus on the need to raise funds for environmental action, and as a consequence it developed new fundraising strategies."
"Emotional appeals","A communication tactic that uses emotionally charged images of attractive animals to engage a broad public audience and encourage donations.",{'primary_category': 'impacting_salience_and_social_acceptance', 'justification': 'Emotional framing attracted a wide public, increasing the visibility of conservation issues.', 'supporting_text': 'By using mainly emotional appeals focusing on attractive animals, WWF found a way of engaging a broad section of the public.'},"","By using mainly emotional appeals focusing on attractive animals, WWF found a way of engaging a broad section of the public and succeeded in raising large sums of money."
"Quaker philosophy of bearing witness","A philosophical stance rooted in Quaker tradition that emphasizes passive resistance and the presence of campaigners at sites of environmental problems as a form of moral testimony.",{'primary_category': 'fostering_collective_action', 'justification': 'Provided a moral framework that underpins Greenpeace’s sustained activist tactics.', 'supporting_text': 'The Quaker philosophy of bearing witness, demonstrating passive resistance ... has been fundamental to Greenpeace campaigns ever since.'},"","The Quaker philosophy of bearing witness, demonstrating passive resistance by placing campaigners at the scene of environmental problems has been fundamental to Greenpeace campaigns ever since."
"Direct action approach","A tactic of confronting environmental issues through immediate, often confrontational, physical interventions, such as blockades or protests, rather than solely through lobbying or advocacy.",{'primary_category': 'fostering_collective_action', 'justification': 'Enabled activists to create high‑visibility pressure on target industries and governments.', 'supporting_text': 'Greenpeace campaigners secured widespread news coverage when they used high-speed inflatable boats to block whaling ship operations.'},"","Governments did not always tolerate Greenpeace's direct action approach, especially with regard to the issues of whaling and nuclear tests."
"Environmental racism","The pattern whereby race is the strongest predictor of the siting of hazardous waste facilities, leading to disproportionate environmental burdens on poor or Black communities.",{'primary_category': 'exposing_prevailing_condition', 'justification': 'Identifies a systemic pattern of discriminatory waste placement.', 'supporting_text': 'environmental racism'},"","In 1987, the United Church of Christ's Commission for Racial Justice published *Toxic Wastes and Race*. The study found that race was the strongest variable in predicting the siting of waste facilities. This galvanised the movement nationally to oppose environmental racism."
"Anti‑roads movement","A UK‑based grassroots movement that arose in response to planning decisions favoring private or governmental interests over community interests, drawing on countercultural roots and direct‑action tact...",{'primary_category': 'revealing_potential_for_system_change', 'justification': 'The movement’s protests slowed and eventually helped cancel the national road‑building programme, showing capacity for systemic policy shift.', 'supporting_text': 'The Conservative government’s road‑building programme was scaled down over time and eventually cancelled in 1997.'},"","The UK anti‑roads movement had strong countercultural roots and drew on a long tradition of direct action in the country. Many participants were influenced by tactics used by Greenpeace, Earth First! and the peace movement, including the women's peace camps at the Royal Air Force Base at Greenham Co..."
"Global countercultural movement (1990s)","A worldwide coalition of established and grassroots groups that linked social, economic and environmental justice concerns to global economic and trade agreements, emerging from the 1980s‑1990s grassr...",{'primary_category': 'revealing_potential_for_system_change', 'justification': 'The movement signals a broad shift linking social, economic and environmental justice.', 'supporting_text': 'contributed to the development of the 1990s global countercultural movement'},"","Both the US environmental justice movement and the UK anti‑roads movement shared a lack of confidence in established environmental groups to address the issues that were important to them. This led to new and distinctive coalitions and campaign tactics that contributed to the development of the 1990..."
"Direct action","A non‑violent tactic employed by activist groups that involves physically occupying, locking onto trees, digging tunnels, and otherwise disrupting target activities to raise the financial and reputati...",{'primary_category': 'fostering_collective_action', 'justification': 'Tactics such as occupying trees and digging tunnels mobilised participants and amplified protest impact.', 'supporting_text': 'By occupying and locking themselves to trees, digging tunnels and doing everything they could to disrupt road‑building operations...'},"","By occupying and locking themselves to trees, digging tunnels and doing everything they could to disrupt road‑building operations, they developed a new public image of the modern environmentalist. They also showed that campaign groups with limited resources and few links to the political establishme..."
"global counterculture","A worldwide anti‑establishment movement of the 1990s that incorporated environmental issues and was distrustful of global brands and multinational corporations.",{'primary_category': 'revealing_potential_for_system_change', 'justification': 'Highlights an emerging transnational ethos linking environmental and social justice.', 'supporting_text': 'In the 1990s, environmental issues once again become widely incorporated in a growing anti‑establishment movement...'},"","In the 1990s, environmental issues once again become widely incorporated in a growing anti‑establishment movement that was distrustful of global brands and multinational corporations."
"anti‑globalisation movement","A loosely coordinated, broad‑based movement that linked social, economic and environmental issues and organised large‑scale street protests against institutions such as the IMF, World Bank and WTO.",{'primary_category': 'exposing_prevailing_condition', 'justification': 'Identifies the broader opposition to neoliberal trade structures.', 'supporting_text': 'The anti‑globalisation protests of the late 1990s had distinctive organisational features.'},"","The anti‑globalisation protests of the late 1990s had distinctive organisational features. They were loosely coordinated, involved a broad range of participants, and linked together a wide range of social, economic and environmental issues."
"independent media centre","A self‑organised media platform that allows anyone to upload news and reports from protest events, used notably during the 1989 WTO Seattle protests.",{'primary_category': 'fostering_collective_action', 'justification': 'Provides a decentralized platform for sharing protest information.', 'supporting_text': 'When activists established an independent media centre for anyone to upload news and reports from the 1989 WTO Seattle protests...'},"","When activists established an independent media centre for anyone to upload news and reports from the 1989 WTO Seattle protests, the website received over a million hits over a couple of days."
"Reclaim the Streets","A grassroots activist network that, together with veterans of the anti‑roads movement, took part in the Global Street Party during the 24th G8 summit.",{'primary_category': 'fostering_collective_action', 'justification': 'Participated in coordinated global protests, showing active mobilization of people.', 'supporting_text': 'veterans of the anti‑roads movement and Reclaim the Streets participated in the Global Street Party'},"","In 1998, veterans of the anti‑roads movement and Reclaim the Streets participated in the Global Street Party that coincided with the twenty‑fourth G8 summit in Birmingham in the UK."
"Internet activism","Activism that can be undertaken from the comfort of home, is cheap, easy and effective, and involves mobilising online supporters worldwide to create and share campaign material.",{'primary_category': 'fostering_collective_action', 'justification': 'Described as cheap, easy and effective, enabling large‑scale participation in campaigns.', 'supporting_text': 'Internet activism can be undertaken from the comfort of home, and is cheap, easy and effective.'},"","Internet activism can be undertaken from the comfort of home, and is cheap, easy and effective. In 2006, Greenpeace launched the Green My Apple campaign ... it now mobilises internet activists across the globe to support its campaigns."
"Partnership approach","A strategic model in which environmental organisations collaborate with governments and corporations rather than relying on individual membership recruitment, aiming to embed conservation into busines...",{'primary_category': 'revealing_potential_for_system_change', 'justification': 'Highlights a governance model where multiple actors collaborate to achieve conservation outcomes.', 'supporting_text': 'Conservation International ... partnered with other organisations from the beginning, reasoning that no organisation can get the job done alone'},"","Over the past thirty years, some environmental groups have shifted their focus from recruiting members of the public to establishing partnerships with governments and corporations... Groups tackling a wide range of environmental issues now take this approach and are not supported by individual membe..."
"Counter‑movement","An organised opposition to environmental causes that takes many forms, often industry‑led, and can garner popular support.",{'primary_category': 'exposing_prevailing_condition', 'justification': 'Identifies organized opposition that can hinder environmental progress.', 'supporting_text': 'countermovements have been established to oppose environmental causes'},"","In several countries, and in the USA in particular, countermovements have been established to oppose environmental causes. The counter‑movement has taken many forms, including the Wise Use Movement and the Global Climate Coalition."
"Wise Use Movement","A countermovement, typically industry‑led, that opposes environmental regulation and promotes the use of natural resources for economic development.",{'primary_category': 'exposing_prevailing_condition', 'justification': 'Cited as an industry‑led opposition that challenges environmental initiatives.', 'supporting_text': 'including the Wise Use Movement ... often these are industry‑led and have received popular support'},"","The counter‑movement has taken many forms, including the Wise Use Movement and the Global Climate Coalition."
"Global Climate Coalition","An industry‑led coalition that coordinates opposition to climate‑related environmental policies and regulations.",{'primary_category': 'exposing_prevailing_condition', 'justification': 'Serves as a prominent industry‑led counter‑movement to climate action.', 'supporting_text': 'including the Wise Use Movement and the Global Climate Coalition'},"","The counter‑movement has taken many forms, including the Wise Use Movement and the Global Climate Coalition."
"Low‑carbon economy","An economic system aimed at reducing carbon emissions, characterised by a transition away from fossil‑fuel‑intensive activities toward cleaner energy and production methods.",{'primary_category': 'revealing_potential_for_system_change', 'justification': 'Represents the systemic transition targeted by the Climate Change Act.', 'supporting_text': 'The Act aims to enable the UK to make the transition to a low-carbon economy'},"","The Act aims to enable the UK to make the transition to a low‑carbon economy."
"Legally binding targets","Enforceable emission‑reduction goals set by law, requiring specific percentages of greenhouse‑gas cuts by a defined deadline.",{'primary_category': 'revealing_potential_for_system_change', 'justification': 'Defines enforceable climate goals that can shift national systems toward low‑carbon pathways.', 'supporting_text': 'the 2008 Climate Change Act, which set the world’s first legally binding targets to reduce six greenhouse gases by 80 per cent by 2050'},"","the 2008 Climate Change Act, which set the world's first legally binding targets to reduce six greenhouse gases by 80 per cent by 2050 compared with a 1990 baseline."
"Forest carbon projects","Conservation initiatives that generate measurable and verifiable carbon‑emission reductions through forest management, while also delivering biodiversity and community benefits.",{'primary_category': 'revealing_potential_for_system_change', 'justification': 'Presented as a mechanism for measurable emissions reductions and biodiversity benefits.', 'supporting_text': 'serves as an example of how well‑designed forest carbon projects can result in real, scientifically measurable and verifiable emissions reductions'},"","the Noel Kempff project ... serves as an example of how well‑designed forest carbon projects can result in real, scientifically measurable and verifiable emissions reductions with important benefits for biodiversity and local communities."
"Carbon scam","A critical label applied to a forest carbon initiative that is alleged to falsely claim scientifically quantifiable carbon‑emission reductions and sustainable community benefits.",{'primary_category': 'exposing_prevailing_condition', 'justification': 'Highlights a claim that a carbon‑offset project may be fraudulent, questioning its environmental performance.', 'supporting_text': 'It described the project as a ‘carbon scam’, contradicted claims that it produced scientifically quantifiable carbon emissions reductions'},"","Greenpeace published the findings of its investigation ... It described the project as a 'carbon scam', contradicted claims that it produced scientifically quantifiable carbon emissions reductions, and called into question whether it had provided sustainable benefits and alternative livelihoods to l..."
"The Big Ask campaign","A climate‑focused campaign launched to demand strong and fair climate laws that introduce binding annual cuts in greenhouse‑gas emissions across the UK and later across Europe.",{'primary_category': 'fostering_collective_action', 'justification': 'The campaign coordinated public lobbying of MPs and attracted broad participation across Europe.', 'supporting_text': 'Thom Yorke ... launched The Big Ask campaign... FoE mobilised the public to personally lobby 620 out of a total of 646 MPs to back its campaign.'},"","Thom Yorke (b. 1968), lead singer of the music group Radiohead, launched The Big Ask campaign on 25 May 2005... A total of eighteen European countries became part of The Big Ask campaign, demanding strong and fair climate laws which will introduce binding annual cuts in greenhouse gas emissions."
"binding annual cuts in greenhouse gas emissions","A policy principle calling for legally required yearly reductions (e.g., 3 % per year) in carbon dioxide emissions, making the cuts enforceable and measurable.",{'primary_category': 'revealing_potential_for_system_change', 'justification': 'The concept defines a concrete mechanism for achieving systemic emissions reductions.', 'supporting_text': 'demanding strong and fair climate laws which will introduce binding annual cuts in greenhouse gas emissions.'},"","On the same day, a Parliamentary petition (Early Day Motion 178) opened calling for new legislation requiring annual cuts in carbon dioxide emissions of 3 per cent... demanding strong and fair climate laws which will introduce binding annual cuts in greenhouse gas emissions."
"cap-and-trade system","A market‑based mechanism that sets an overall cap on emissions and requires companies in the energy and transport sectors to obtain emission allowances in order to emit greenhouse gases.",{'primary_category': 'revealing_potential_for_system_change', 'justification': 'Identified as the market‑based foundation of the American Power Act, offering a pathway for emissions control.', 'supporting_text': 'The Bill is based on a ‘cap-and-trade’ system – a market‑based mechanism that sets a cap on overall emissions...'},"","The Bill is based on a 'cap-and-trade' system - a market-based mechanism that sets a cap on overall emissions and then requires companies in the energy and transport sectors to obtain emission allowances to emit greenhouse gases."
"Stop Climate Chaos coalition","A coalition of mainly environmental and international development NGOs that coordinated campaigns such as the I Count campaign and organized climate‑change rallies to urge governments to introduce cli...",{'primary_category': 'fostering_collective_action', 'justification': 'The coalition coordinated multiple NGOs and led campaigns such as I Count, amplifying collective pressure.', 'supporting_text': 'FoE also joined a climate change coalition of mainly environmental and international development NGOs. The Stop Climate Chaos coalition ran the I Count campaign...'},"","FoE also joined a climate change coalition of mainly environmental and international development NGOs. The Stop Climate Chaos coalition ran the I Count campaign and organised a climate change rally in London to urge the government to introduce a climate change bill."
"Transition Towns movement","A community‑led response to climate change and peak oil that raises awareness of green living, with over 250 transition towns and cities spanning twelve countries.",{'primary_category': 'fostering_collective_action', 'justification': 'Provides a community‑led response that engages local actors in climate mitigation.', 'supporting_text': 'Transition Towns movement has provided a community‑led response to climate change and peak oil'},"","In the UK, the Transition Towns movement has provided a community‑led response to climate change and peak oil. There are over 250 transition towns and cities, spanning twelve countries, working to raise awareness of green living."
"Interfaith Power and Light network","A religious‑based network that provides a faith‑oriented response to climate change.",{'primary_category': 'fostering_collective_action', 'justification': 'Mobilises religious communities to act on climate change.', 'supporting_text': 'Interfaith Power and Light network has provided a religious response to climate change'},"","In the USA, the Interfaith Power and Light network has provided a religious response to climate change."
"MoveOn network","A progressive network with approximately 3 million members in the USA that has consistently made energy and environmental issues a campaign priority since 2003.",{'primary_category': 'fostering_collective_action', 'justification': 'Large membership base that consistently prioritises energy and environmental issues.', 'supporting_text': 'The progressive MoveOn network ... has approximately 3 million members across the USA, and ... made energy and environmental issues a campaign priority'},"","The progressive MoveOn network has approximately 3 million members across the USA, and since 2003 has consistently made energy and environmental issues a campaign priority."
"Avaaz","A web‑based campaign community that uses the MoveOn model and claims 3.3 million members across 192 countries, campaigning on a wide range of social, economic and environmental issues, including clima...",{'primary_category': 'fostering_collective_action', 'justification': 'Web‑based platform with millions of members campaigning on climate change worldwide.', 'supporting_text': 'Avaaz ... claims 3.3 million members across 192 countries, and campaigns on ... climate change'},"","Avaaz, a web‑based campaign community, uses the model pioneered by MoveOn. It claims 3.3 million members across 192 countries, and campaigns on a wide range of social, economic and environmental issues, including climate change."
"350 campaign","A global climate‑change campaign that sought to limit atmospheric carbon dioxide to 350 parts per million, organising a worldwide day of action with thousands of demonstrations.",{'primary_category': 'fostering_collective_action', 'justification': 'Coordinated the largest international climate campaign, showing capacity for global mobilisation.', 'supporting_text': 'In 2009, the campaign group 350 organised the single largest international campaign on climate change'},"","In 2009, the campaign group 350 organised the single largest international campaign on climate change. The campaign focused on achieving 350 parts per million of carbon dioxide, as levels above this figure would accelerate climate change. Through the internet and other media channels, the 350 campai..."
"Anti‑consumerism counter‑culture","A global cultural trend that opposes consumerist values and has been linked to the rise of contemporary environmentalism.",{'primary_category': 'revealing_potential_for_system_change', 'justification': 'Identified as a cultural shift that can alter consumption patterns and environmental impact.', 'supporting_text': 'rise of a global anti‑consumerism counter‑culture'},"","This chapter has examined the emergence of contemporary environmentalism as a new social movement from its early beginnings in nature conservation to the rise of a global anti‑consumerism counter‑culture."
"Issue‑attention cycle","A pattern whereby environmental problems gain public and media prominence after scientific discovery, receive a burst of attention and action, then fade as interest wanes, often leaving the issue unre...",{'primary_category': 'exposing_prevailing_condition', 'justification': 'Highlights the tendency for public focus on environmental issues to wane over time.', 'supporting_text': 'rise and fall of public interest ... described as an ‘issue–attention cycle’'},"","The rise and fall of public interest in environmental issues has been described as an 'issue‑attention cycle'. Typically, environmental problems come to prominence due to scientific discovery, and campaign groups demand rapid action, but the problem is costly and difficult to address. Over time, the..."
"Green living","A lifestyle approach that emphasizes environmentally friendly practices, promoted by transition towns to raise public awareness.",{'primary_category': 'fostering_collective_action', 'justification': 'Awareness‑raising goal that encourages behavioural change toward sustainability.', 'supporting_text': 'working to raise awareness of green living'},"","There are over 250 transition towns and cities, spanning twelve countries, working to raise awareness of green living."
"Green coalition","A collaborative alliance of environmental groups and the wider movement that seeks to secure a worldwide call for action, providing power and legitimacy, introducing new ideas and tactics, and empower...",{'primary_category': 'fostering_collective_action', 'justification': 'Calls for groups to unite, providing power and legitimacy for worldwide action.', 'supporting_text': 'environmental groups ... will have to work together in a ‘green coalition’ ... new global generation of grassroots groups will be central to providing the power and legitimacy this green coalition needs.'},"","environmental groups and the wider movement will have to work together in a 'green coalition' to secure a worldwide call for action. A new global generation of grassroots groups will be central to providing the power and legitimacy this green coalition needs."
"Global environmental governance","The modern era of coordinated international environmental policy and decision‑making facilitated by the United Nations through conferences and agreements that shape the global environmental agenda.",{'primary_category': 'revealing_potential_for_system_change', 'justification': 'The summit’s outcomes contributed to lasting governance frameworks that shape system‑wide coordination.', 'supporting_text': 'The long‑lasting global environmental governance frameworks they brought about illustrate their legacy.'},"","This provided a catalyst for the introduction of multilateral environmental agreements (MEAs) and initiated the modern era of global environmental governance."
"Multilateral Environmental Agreements (MEAs)","International treaties and accords introduced after the 1972 UN Conference on the Human Environment to collectively address environmental problems.",{'primary_category': 'exposing_prevailing_condition', 'justification': 'Text highlights how MEAs are hampered by uncertainty and economic interests, exposing barriers to harmony.', 'supporting_text': 'MEAs encounter problems when they are subject to scientific uncertainty, and ... are seen to threaten economic interests.'},"","This provided a catalyst for the introduction of multilateral environmental agreements (MEAs) and initiated the modern era of global environmental governance."
"Resource security and sovereignty","The dual concern of ensuring reliable access to natural resources (resource security) while protecting nations' rights to control and manage those resources (resource sovereignty).",{'primary_category': 'revealing_potential_for_system_change', 'justification': 'Framed as a major basis for peace and post‑war reconstruction.', 'supporting_text': 'Harry S. Truman proposed a conference to consider the importance of conserving natural resources as a ‘major basis for peace’.'},"","developed world economies focused on resource security and scarcity while newly emerging countries sought to protect resource sovereignty."
"Permanent sovereignty over natural resources","A UN declaration affirming that developing nations have the right to control, exploit, and market their own natural resources.",{'primary_category': 'revealing_potential_for_system_change', 'justification': 'Core principle defined by the 1962 declaration.', 'supporting_text': 'In 1962 developing nations, led by Chile, secured a UN Declaration on Permanent Sovereignty over Natural Resources.'},"","In 1962 developing nations, led by Chile, secured a UN Declaration on Permanent Sovereignty over Natural Resources."
"G77/China grouping","A coalition of developing countries formally established in the late 1960s to harmonise negotiating priorities and link global environmental concerns with development agendas.",{'primary_category': 'fostering_collective_action', 'justification': 'Instrumental in harmonising developing countries’ environmental and development priorities.', 'supporting_text': 'G77/China grouping ... became instrumental in emphasising the links between the global environment and development agendas.'},"","By the late 1960s, a G77/China grouping was formally established to harmonise the negotiating priorities of developing countries."
"Human environment","The overall quality of the environment as it directly affects human physical, mental and social well‑being, dignity and basic human rights.",{'primary_category': 'exposing_prevailing_condition', 'justification': 'The resolution highlighted the continuing and accelerating impairment of its quality.', 'supporting_text': '… noting the ‘[…] continuing and accelerating impairment of the quality of the human environment’…'},"","the General Assembly adopted resolution 2398 (XXIII) convening the UNCHE and noting the '[...] continuing and accelerating impairment of the quality of the human environment' and its 'consequent effects on the condition of man, his physical, mental and social well‑being, his dignity and his enjoymen..."
"International environmental law‑making","The process of creating binding or non‑binding legal instruments at the global level to regulate environmental protection and resource use.",{'primary_category': 'fostering_collective_action', 'justification': 'The conference spurred a wave of treaty development and institutional creation.', 'supporting_text': '… provided momentum for an intensive period of international environmental law‑making.'},"","UNCHE also led to the establishment of the UN Environment Programme (UNEP) and provided momentum for an intensive period of international environmental law‑making."
"Environment‑development linkage","The conceptual connection that links environmental protection priorities with development goals, emphasizing that environmental issues are relevant to economic and social development.",{'primary_category': 'revealing_potential_for_system_change', 'justification': 'The Founex Report explicitly linked environment and development, showing systemic interdependence and a pathway for change.', 'supporting_text': 'which clearly set out the link between environment and development priorities'},"","The outcome of these discussions was The Founex Report on Development and Environment (1971), which clearly set out the link between environment and development priorities and helped to convince developing countries that environmental issues were relevant to their situation."
"environmental ethic","An ethic intended to be instilled in specialised UN agencies through information, persuasion and direct funding, guiding them toward environmentally responsible actions.",{'primary_category': 'fostering_collective_action', 'justification': 'The USA’s proposal aimed to instil this ethic across specialised UN agencies via information and funding.', 'supporting_text': '"USA proposing a smaller unit ... would instil an environmental ethic in other specialised agencies via information, persuasion and direct funding."'},"","the USA proposing a smaller unit within the UN system that would instil an environmental ethic in other specialised agencies via information, persuasion and direct funding."
"global interdependence","The idea that environmental and development agendas are mutually linked worldwide, emphasizing that challenges cannot be solved solely at national or regional levels.",{'primary_category': 'revealing_potential_for_system_change', 'justification': 'High‑profile reports highlighted the interconnectedness of environmental and development issues.', 'supporting_text': '"high‑profile international reports ... reinforced the idea of global interdependence."'},"","high‑profile international reports ... reinforced the idea of global interdependence."
"multilateral engagement","Cooperation among multiple nations on a wide range of international issues such as security, development, the monetary system, environmental protection, energy, and the control of space and ocean reso...",{'primary_category': 'fostering_collective_action', 'justification': 'The Brandt Commission promoted multilateral engagement to address shared global problems.', 'supporting_text': '"The Commission made a case for multilateral engagement on a wide range of international issues."'},"","The Commission made a case for multilateral engagement on a wide range of international issues."
"global economic order","The worldwide system of economic relations and structures that the 1980 North‑South report sought to restructure in order to align developmental and environmental interests.",{'primary_category': 'revealing_potential_for_system_change', 'justification': 'The North‑South report proposed restructuring the global economic order to align development and environment.', 'supporting_text': '"outlined a comprehensive strategy for restructuring the global economic order and reinforced the extent of mutual interests."'},"","The 1980 North‑South report outlined a comprehensive strategy for restructuring the global economic order and reinforced the extent of mutual interests on developmental and environmental issues."
"North‑South paradigm","A conceptual framework describing the relationship and cooperation between developed (the North) and developing (the South) countries, as reflected in the Brandt Commission’s reports.",{'primary_category': 'exposing_prevailing_condition', 'justification': 'The paradigm frames the existing divide that the reports seek to address.', 'supporting_text': '"The membership of the Brandt Commission strongly represented the developing world... North–South: A Program for Survival"'},"","The membership of the Brandt Commission strongly represented the developing world... It published two reports, North‑South: A Program for Survival (1980) and Common Crisis North‑South: Cooperation for World Recovery (1983)."
"environmental agenda","The set of global priorities and actions concerning the environment that UNEP was created to give a voice to within the UN system.",{'primary_category': 'exposing_prevailing_condition', 'justification': 'Shows that scientific evidence currently drives the environmental agenda, highlighting existing power dynamics.', 'supporting_text': 'science has driven the environmental agenda'},"","UNEP was created to provide a global voice for the environmental agenda within the UN system."
"development agenda","The collection of goals and policies aimed at fostering economic and social progress, which UNEP and UNCHE began to link with environmental concerns.",{'primary_category': 'fostering_collective_action', 'justification': 'UNCHE and UNEP worked to link the development agenda with environmental concerns.', 'supporting_text': '"UNCHE and UNEP started to address the links between the environment and development agendas."'},"","The UNCHE and UNEP started to address the links between the environment and development agendas."
"structural adjustment programmes","Economic policy packages imposed by the IMF and World Bank as conditions for lending and development aid, later shown to have harmful social and environmental impacts.",{'primary_category': 'exposing_prevailing_condition', 'justification': 'The programmes are described as having harmful social and environmental impacts.', 'supporting_text': '"IMF- and World Bank-imposed structural adjustment programmes ... evidence emerged ... they had harmful social and environmental impacts."'},"","Developing countries ... were presented with IMF‑ and World Bank‑imposed structural adjustment programmes as a condition for lending and for development aid."
"free market consensus","A US‑led prevailing economic ideology that promoted market‑based solutions, contrasting with the recommendations of the Brandt reports.",{'primary_category': 'exposing_prevailing_condition', 'justification': 'The US‑led free market consensus presented an alternative set of actions contrary to the Brandt reports.', 'supporting_text': '"a US‑led free market consensus mapped out a different set of actions."'},"","a US‑led free market consensus mapped out a different set of actions."
"Agenda 21","A global plan of action to promote sustainable development, described as the most comprehensive and, if implemented, effective programme of action ever sanctioned by the international community.",{'primary_category': 'revealing_potential_for_system_change', 'justification': 'Agenda\u202f21 is described as the most comprehensive programme that could drive systemic change if implemented.', 'supporting_text': 'it was still the most comprehensive and, if implemented, effective programme of action ever sanctioned by the international community.'},"","a global plan of action to promote sustainable development called Agenda 21"
"Rio Declaration on Environment and Development","A set of principles that define the rights and responsibilities of states regarding the environment and development.",{'primary_category': 'impacting_salience_and_social_acceptance', 'justification': 'The declaration sets principles that shape discourse on state responsibilities toward nature.', 'supporting_text': 'the Rio Declaration on Environment and Development, which set out a series of principles defining the rights and responsibilities of states'},"","the Rio Declaration on Environment and Development, which set out a series of principles defining the rights and responsibilities of states"
"Statement of Forest Principles","Guidelines intended to support the sustainable management of the world’s forests.",{'primary_category': 'fostering_collective_action', 'justification': 'Provides guidelines to support coordinated sustainable forest management.', 'supporting_text': 'a Statement of Forest Principles to support the sustainable management of the world’s forests'},"","a Statement of Forest Principles to support the sustainable management of the world's forests"
"Global Forum","A catalyst for civil‑society networking and concerted transnational advocacy that provided a model for other global conferences.",{'primary_category': 'fostering_collective_action', 'justification': 'Served as a catalyst for civil‑society networking and transnational advocacy.', 'supporting_text': 'The parallel Global Forum had been a catalyst for civil society networking and concerted transnational advocacy'},"","The parallel Global Forum had been a catalyst for civil society networking and concerted transnational advocacy, and provided a model for other global conferences"
"WEHAB","An action‑plan framework covering Water and sanitation, Energy, Health, Agriculture and Biodiversity.",{'primary_category': 'fostering_collective_action', 'justification': 'Defines a concrete action plan across key sectors, enabling coordinated implementation.', 'supporting_text': 'the summit concentrated on an action plan of deliverables across the areas of water and sanitation, energy, health, agriculture and biodiversity (WEHAB)'},"","the summit concentrated on an action plan of deliverables across the areas of water and sanitation, energy, health, agriculture and biodiversity (WEHAB)"
"Millennium Development Goals (MDGs)","A set of eight international development goals adopted by the United Nations to address extreme poverty, education, gender equality, child mortality, maternal health, disease, environmental sustainabi...",{'primary_category': 'revealing_potential_for_system_change', 'justification': 'MDGs provide a global development framework that can be aligned with environmental objectives.', 'supporting_text': 'There was a deliberate attempt to connect WEHAB to the Millennium Development Goals (MDGs) …'},"","there was a deliberate attempt to connect WEHAB to the Millennium Development Goals (MDGs)"
"New Partnership for Africa's Development (NEPAD)","An African development initiative aimed at fostering economic growth, sustainable development and regional integration.",{'primary_category': 'revealing_potential_for_system_change', 'justification': 'NEPAD offers a regional partnership that can reshape development‑environment linkages.', 'supporting_text': 'There was a deliberate attempt to connect WEHAB to … the New Partnership for Africa’s Development (NEPAD) initiative'},"","there was a deliberate attempt to connect WEHAB to ... the New Partnership for Africa's Development (NEPAD) initiative"
"Globalisation","The rapid integration of markets, mobility of capital and increases in investment flows worldwide, creating both new opportunities and challenges for sustainable development.",{'primary_category': 'exposing_prevailing_condition', 'justification': 'Highlights how rapid market integration creates uneven challenges for sustainability.', 'supporting_text': 'While the rapid integration of markets … provided new opportunities, they also provided new challenges for sustainable development'},"","the Summit recognised the increasing importance of globalisation. While the rapid integration of markets, mobility of capital and increases in investment flows around the world had provided new opportunities, they also provided new challenges for sustainable development"
"Environmental stewardship","The responsible management and protection of the natural environment within the context of socio‑economic development.",{'primary_category': 'impacting_salience_and_social_acceptance', 'justification': 'Frames the WSSD’s focus, raising the profile of responsible environmental management.', 'supporting_text': 'WSSD focused on socio-economic development within the context of environmental stewardship'},"","WSSD focused on socio-economic development within the context of environmental stewardship"
"Type II partnerships","Multi‑stakeholder collaborations between governments, citizen groups and businesses designed to implement sustainable development goals, presented as an alternative to traditional intergovernmental ar...",{'primary_category': 'fostering_collective_action', 'justification': 'Promoted as multi‑stakeholder mechanisms to implement sustainable‑development goals.', 'supporting_text': 'the Summit promoted multi‑stakeholder Type II partnerships between governments, citizen groups and businesses to implement sustainable development goals.'},"","The Summit promoted multi-stakeholder Type II partnerships between governments, citizen groups and businesses to implement sustainable development goals."
"Type I partnerships","Traditional intergovernmental partnerships that typically arise from the outcomes of international treaties.",{'primary_category': 'unclear', 'justification': 'The text mentions them only as a contrast, without indicating a specific effect.', 'supporting_text': 'They were an alternative to Type I partnerships, the traditional intergovernmental partnerships ...'},"","They were an alternative to Type I partnerships, the traditional intergovernmental partnerships that often marked the outcome of international treaties."
"Second‑generation environmental issues","A broad category of environmental challenges that emerged after the 1980s, including ozone‑depleting substances, hazardous wastes, climate change, hazardous chemicals and pesticides, bio‑safety, and p...",{'primary_category': 'revealing_potential_for_system_change', 'justification': 'Groups diverse problems (ozone, waste, climate) under a common systemic category.', 'supporting_text': 'From the late 1980s onwards, MEAs were established to address a wide range of second‑generation environmental issues, including ...'},"","From the late 1980s onwards, MEAs were established to address a wide range of second‑generation environmental issues, including ozone‑depleting substances (Vienna Convention, 1985; Montreal Protocol, 1987); hazardous wastes (Basel Convention, 1989); climate change (UNFCCC, 1992); hazardous chemicals..."
"Framework conventions","Initial, often non‑binding international agreements that set out broad principles and structures, later reviewed and tightened into binding commitments.",{'primary_category': 'revealing_potential_for_system_change', 'justification': 'Described as first‑step, non‑binding agreements that evolve into stronger, system‑changing instruments.', 'supporting_text': 'Framework conventions are commonly agreed as a first step without binding agreements. They are then reviewed and tightened over time.'},"","Framework conventions are commonly agreed as a first step without binding agreements. They are then reviewed and tightened over time."
"Environmental multilateralism","Cooperative international action on environmental problems that achieves effective, binding outcomes, exemplified by the Montreal Protocol on Substances that Deplete the Ozone Layer.",{'primary_category': 'revealing_potential_for_system_change', 'justification': 'Cited as the most effective form of multilateral environmental action, showing how coordinated governance can shift system dynamics.', 'supporting_text': 'widely cited as environmental multilateralism at its most effective.'},"","The Montreal Protocol on Substances that Deplete the Ozone Layer is widely cited as environmental multilateralism at its most effective."
"Common but differential responsibilities","A principle that recognises developed nations, as historical polluters, must bear the immediate cost for addressing climate change while allowing developing nations different, less stringent obligatio...",{'primary_category': 'revealing_potential_for_system_change', 'justification': 'Shows a differentiated duty framework that can shift system dynamics toward equitable climate action.', 'supporting_text': 'The Kyoto Protocol was designed to address these issues through the application of common but differential responsibilities.'},"","The Kyoto Protocol was designed to address these issues through the application of common but differential responsibilities."
"Scientific uncertainty","The lack of complete scientific consensus that opponents of a global agreement use to justify inaction on climate policy.",{'primary_category': 'undermining_changes_and_progress', 'justification': 'Citing uncertainty was a tactic to postpone mitigation policies.', 'supporting_text': 'The British government also emphasised scientific uncertainty and placed the burden of proof on other countries'},"","opponents of a global agreement have used scientific uncertainty to justify inaction."
"Anthropogenic greenhouse gas concentrations","Human‑caused increases in greenhouse gas levels in the atmosphere, identified as the very likely cause of observed global temperature rise since the mid‑20th century.",{'primary_category': 'revealing_potential_for_system_change', 'justification': 'Provides evidence of human causation, enabling systemic policy shifts.', 'supporting_text': 'Most of the observed increase ... is very likely due to the observed increase in anthropogenic (human) greenhouse gas concentrations.'},"","Most of the observed increase in globally averaged temperatures since the mid‑20th century is very likely due to the observed increase in anthropogenic (human) greenhouse gas concentrations."
"Kyoto Protocol","An international climate treaty whose lifespan was ending, prompting negotiations for new targets either by extending it or creating a successor.",{'primary_category': 'exposing_prevailing_condition', 'justification': 'Its nearing expiry signals the inadequacy of existing mechanisms.', 'supporting_text': 'With the Kyoto Protocol nearing the end of its life span'},"","With the Kyoto Protocol nearing the end of its life span, attention turned towards negotiating a new set of international targets, either through an extension to Kyoto or as a successor to it."
"Copenhagen Accord","A statement of commitment to action that included an annex of non‑binding commitments from all major polluting countries.",{'primary_category': 'fostering_collective_action', 'justification': 'The accord created a platform for voluntary commitments and funding pledges.', 'supporting_text': 'final outcome was a statement of commitment to action called the Copenhagen Accord, supplemented by an annex of non‑binding commitments'},"","The final outcome was a statement of commitment to action called the Copenhagen Accord, supplemented by an annex of non-binding commitments from all the major polluting countries."
"Green Climate Fund","A financial mechanism established to channel mitigation and adaptation funding to developing nations.",{'primary_category': 'fostering_collective_action', 'justification': 'It institutionalises financing for mitigation and adaptation.', 'supporting_text': 'established a Green Climate Fund for channelling mitigation and adaptation funding to developing nations'},"","Countries agreed principles for monitoring, reporting and verification of emissions, and established a Green Climate Fund for channelling mitigation and adaptation funding to developing nations."
"UNFCCC process","The procedural framework under the United Nations Framework Convention on Climate Change through which countries submit emissions‑reduction targets.",{'primary_category': 'revealing_potential_for_system_change', 'justification': 'The process underpins monitoring, reporting and verification mechanisms.', 'supporting_text': 'Countries agreed principles for monitoring, reporting and verification of emissions, and ... submitted their emissions reductions targets under the UNFCCC process'},"","They also formally submitted their emissions reductions targets under the UNFCCC process, building on the Copenhagen Accord's hastily collected commitments."
"non‑binding commitments","Voluntary pledges from major polluting countries that are not legally enforceable.",{'primary_category': 'undermining_changes_and_progress', 'justification': 'The Copenhagen Accord’s annex of non‑binding commitments fell short of the binding deal many wanted.', 'supporting_text': 'supplemented by an annex of non‑binding commitments from all the major polluting countries.'},"","The final outcome was a statement of commitment to action called the Copenhagen Accord, supplemented by an annex of non-binding commitments from all the major polluting countries."
"monitoring, reporting and verification","Principles agreed upon by countries to track, disclose, and confirm emissions data.",{'primary_category': 'fostering_collective_action', 'justification': 'COP\u202f16 parties agreed principles for MRV, enabling accountability and future action.', 'supporting_text': 'Countries agreed principles for monitoring, reporting and verification of emissions'},"","Countries agreed principles for monitoring, reporting and verification of emissions, and established a Green Climate Fund for channelling mitigation and adaptation funding to developing nations."
"mega conference","A large‑scale environmental conference characterized by thousands of delegates, observers, and media representatives.",{'primary_category': 'impacting_salience_and_social_acceptance', 'justification': 'COP\u202f15’s description as a ‘mega conference’ gave the negotiation high public visibility.', 'supporting_text': 'When COP 15 took place in December 2009, it had all the characteristics of an environmental ‘mega conference’.'},"","When COP 15 took place in December 2009, it had all the characteristics of an environmental 'mega conference'."
"climate change mitigation","Actions aimed at reducing greenhouse‑gas emissions, exemplified by funding to halt deforestation.",{'primary_category': 'fostering_collective_action', 'justification': 'Developed nations pledged funding to help developing countries mitigate climate change.', 'supporting_text': 'Developed nations also made funding commitments to support developing countries in mitigating climate change, with a particular focus on halting deforestation.'},"","Developed nations also made funding commitments to support developing countries in mitigating climate change, with a particular focus on halting deforestation."
"climate change adaptation","Measures to adjust to the impacts of climate change, supported through dedicated funding mechanisms.",{'primary_category': 'fostering_collective_action', 'justification': 'The Green Climate Fund was created to channel adaptation funding to vulnerable nations.', 'supporting_text': 'Green Climate Fund for channelling mitigation and adaptation funding to developing nations.'},"","Developed nations also made funding commitments to support developing countries in mitigating climate change, with a particular focus on halting deforestation."
"post‑Kyoto treaty","An international treaty under negotiation that aims to further reduce greenhouse‑gas emissions and address climate change after the original Kyoto Protocol.",{'primary_category': 'revealing_potential_for_system_change', 'justification': 'Negotiations on a post‑Kyoto treaty point to future systemic climate policy evolution.', 'supporting_text': 'current international negotiations on a post‑Kyoto treaty to reduce greenhouse gas emissions'},"","current international negotiations on a post‑Kyoto treaty to reduce greenhouse gas emissions and tackle climate change."
"world environment organisation","A proposed single umbrella institution that would centralise the current fragmented global environmental governance system, suggested by critics calling for reform.",{'primary_category': 'revealing_potential_for_system_change', 'justification': 'Proposed centralisation under a world environment organisation suggests a major governance redesign.', 'supporting_text': 'call for ... centralisation of the current system under one umbrella of a ‘world environment organisation’'},"","or centralisation of the current system under one umbrella of a 'world environment organisation'."
"low carbon growth","A mode of national economic competition that focuses on expanding the economy while reducing carbon emissions, seen as a possible shift away from global political cooperation on climate action.",{'primary_category': 'revealing_potential_for_system_change', 'justification': 'Shift toward low‑carbon growth indicates a possible non‑linear transition in economic priorities.', 'supporting_text': 'action on climate change ... shift ... towards national economic competition focused on low carbon growth'},"","action on climate change in particular will shift further from global political cooperation towards national economic competition focused on low carbon growth."
"ecological principles","Principles derived from ecological ideas that can lead to varied conclusions about how society, the economy and the environment should interact.",{'primary_category': 'impacting_salience_and_social_acceptance', 'justification': 'Ecological ideas inform the language and belief systems of many environmentalists, influencing discourse.', 'supporting_text': 'ecological ideas inform the language and belief systems of many environmentalists'},"","Ecological ideas inform the language and belief systems of many environmentalists, though ecological principles can lead to very different conclusions about how society, the economy and the environment should interact."
"evidence‑based environmental policies","Environmental policies that are required to be grounded in scientific evidence, using the case for action backed by science.",{'primary_category': 'fostering_collective_action', 'justification': 'Emphasizing evidence‑based policies strengthens capacity for effective collective implementation.', 'supporting_text': 'It is now essential for environmental policies to be evidence‑based'},"","It is now essential for environmental policies to be evidence‑based – the case for action backed by science."
"Ecology","The relations between organisms and their environment.",{'primary_category': 'revealing_potential_for_system_change', 'justification': 'The term introduced a framework for understanding organism‑environment relationships.', 'supporting_text': 'Ernst Haeckel (1834–1919) introduced the term ‘ecology’ to describe the relations between organisms and their environment.'},"","In the 1860s, Ernst Haeckel (1834-1919) introduced the term 'ecology' to describe the relations between organisms and their environment."
"Land ethic","An ethic that emphasizes harmony between humans, soils, water, plants and animals as a single community, judging actions as right when they preserve the integrity, beauty, and stability of the biotic ...",{'primary_category': 'impacting_salience_and_social_acceptance', 'justification': 'Leopold’s land ethic shaped ethical discourse on human‑nature relationships.', 'supporting_text': 'Leopold set out a land ethic that emphasised harmony between humans, soils, water, plants and animals as a single community.'},"","Leopold set out a land ethic that emphasised harmony between humans, soils, water, plants and animals as a single community. In A Sand County Almanac he wrote 'a thing is right when it tends to preserve the integrity, beauty, and stability of the biotic community. It is wrong when it tends otherwise..."
"Mutual aid","The idea that cooperation rather than competition is central to societal prosperity and progress, illustrated by examples from the animal world.",{'primary_category': 'fostering_collective_action', 'justification': 'The concept underpins cooperative social organisation, encouraging collective action.', 'supporting_text': 'Mutual Aid: A Factor of Evolution … used examples … to show how cooperation … was central to societal prosperity.'},"","In his book Mutual Aid: A Factor of Evolution (1902), he used examples from the animal world to show how cooperation rather than competition was central to societal prosperity and progress."
"Malthusian principle","The concept that population growth is mediated by limits to resources.",{'primary_category': 'exposing_prevailing_condition', 'justification': 'Frames population growth as ultimately limited by land‑based food supply.', 'supporting_text': 'Thomas Malthus ... explained that population growth ... would eventually be constrained by limits to productive land ...'},"","Thomas Malthus (1766-1834) set out how population growth was mediated by limits to resources."
"Theory of evolution","A scientific theory explaining the development and diversification of species over time.",{'primary_category': 'revealing_potential_for_system_change', 'justification': 'Darwin’s theory provided a unifying explanation for biological change, reshaping ecological understanding.', 'supporting_text': 'Charles Darwin (1809–82) developed his theory of evolution.'},"","Charles Darwin (1809-82) developed his theory of evolution."
"Modern environmentalism","A movement that emerged in the mid‑20th century, especially in the United States, driven by scientific concern over the widespread use of chemical pesticides and their broader ecological impacts, lead...",{'primary_category': 'fostering_collective_action', 'justification': 'The emergence of modern environmentalism organized scientists and citizens around pesticide concerns.', 'supporting_text': '"The increased use of chemical pesticides and the concern of scientists… were central to the development of modern environmentalism."'},"","The increased use of chemical pesticides and the concern of scientists over their wider impacts were central to the development of modern environmentalism, particularly in the USA."
"Reformist approach (human‑centred ecological management)","A human‑centred ecological approach that emphasizes rational management of the natural world to enable human prosperity, supporting environmental protection without questioning existing social and eco...",{'primary_category': 'exposing_prevailing_condition', 'justification': 'The reformist approach maintains existing socio‑economic ordering while managing nature.', 'supporting_text': '‘Reformist’ approach supports the management of the natural environment without questioning the established ordering of society and economy.'},"","Some human‑centred approaches hold that rational ecological management of the natural world will enable humanity to prosper, so placing an emphasis on enlightened self‑interest. This 'reformist' approach supports the management of the natural environment without questioning the established ordering ..."
"Human‑centred approaches to ecology","Ecological perspectives that prioritize human interests and view rational ecological management as a means to human prosperity, often aligning with enlightened self‑interest.",{'primary_category': 'exposing_prevailing_condition', 'justification': 'These approaches foreground human benefit and thus preserve the status‑quo that can harm nature.', 'supporting_text': 'Some human‑centred approaches hold that rational ecological management … will enable humanity to prosper … without questioning the established ordering.'},"","Some human‑centred approaches hold that rational ecological management of the natural world will enable humanity to prosper, so placing an emphasis on enlightened self‑interest."
"Ecology as a philosophy","The view that ecology is not merely a scientific discipline but a guiding philosophy for living, challenging modern societal assumptions and practices.",{'primary_category': 'fostering_collective_action', 'justification': 'Framing ecology as a philosophy encourages people to adopt ecological values and act collectively.', 'supporting_text': 'For Metcalfe and Goldsmith, ecology … was a philosophy to live by, one that challenged the assumptions and practices of modern society.'},"","For Metcalfe and Goldsmith, ecology was not solely a field of science, it was a philosophy to live by, one that challenged the assumptions and practices of modern society."
"biocentric approach to environmentalism","An environmental perspective that places living organisms at the centre of value, recognizing that the Earth's atmosphere is chemically shaped by life and can be seen as an extension of life.",{'primary_category': 'revealing_potential_for_system_change', 'justification': 'Places intrinsic value on all life, opening ethical pathways for nature‑centric policies.', 'supporting_text': 'James Lovelock ... introduced a scientific twist to the biocentric approach to environmentalism'},"","The US National Aeronautics and Space Administration (NASA) scientist James Lovelock (b. 1919) introduced a scientific twist to the biocentric approach to environmentalism when he developed his Gaia hypothesis during the 1970s."
"global-scale environmental science","A revolutionary branch of environmental science that employs worldwide observations (e.g., satellite remote sensing) and modelling to address planetary‑scale environmental issues, thereby influencing ...",{'primary_category': 'revealing_potential_for_system_change', 'justification': 'Elevates environmental analysis to planetary scale, enabling systemic solutions.', 'supporting_text': 'a revolution in global-scale environmental science has pushed new environmental issues to the top of the political agenda'},"","In particular, a revolution in global-scale environmental science has pushed new environmental issues to the top of the political agenda."
"Conservation biology","A distinct field of science that emerged from the study of biodiversity and species extinction, focusing on the protection and management of biological diversity.",{'primary_category': 'revealing_potential_for_system_change', 'justification': 'The new discipline linked biodiversity science to policy and action.', 'supporting_text': 'Conservation biology emerged from the study of biodiversity and species extinction as a field of science in its own right'},"","Conservation biology emerged from the study of biodiversity and species extinction as a field of science in its own right."
"Biodiversity","The variety of life on Earth, encompassing the multitude of species, ecosystems, and genetic variation, a term that entered common usage in the late 1980s.",{'primary_category': 'revealing_potential_for_system_change', 'justification': 'Recognition of biodiversity underpins the interdependence of nature and human wellbeing.', 'supporting_text': 'The term ‘biodiversity’ came into use in the late 1980s'},"","The term 'biodiversity' came into use in the late 1980s, and by 1992 international momentum led to the adoption of the CBD."
"Climate change","Long‑term alterations in global climate patterns, driven by interactions among the oceans, atmosphere, sea ice and land surfaces, and recognized as a major environmental challenge.",{'primary_category': 'revealing_potential_for_system_change', 'justification': 'Models linking oceans, atmosphere, sea ice and land improve understanding of climate change, showing system‑level interdependencies.', 'supporting_text': 'development of models that used relationships between the oceans, atmosphere, sea ice and land surfaces to improve understanding of climate change over time'},"","The climate science community followed a similar pattern of development... This led to the development of models that used relationships between the oceans, atmosphere, sea ice and land surfaces to improve understanding of climate change over time."
"Burden of proof","The responsibility placed on other parties (e.g., neighboring countries) to demonstrate that they are causing environmental harm.",{'primary_category': 'exposing_prevailing_condition', 'justification': 'The burden of proof is described as driving demand for more scientific evidence.', 'supporting_text': 'the burden of proof placed an emphasis on more science and better scientific evidence'},"","The British government also emphasised scientific uncertainty and placed the burden of proof on other countries:"
"Science under fire","Politically motivated abuse and misuse of scientific knowledge that erodes the authority and credibility of science in policy debates.",{'primary_category': 'undermining_changes_and_progress', 'justification': 'Politically motivated abuse reduces scientific authority, weakening progress toward harmony with nature.', 'supporting_text': 'politically motivated abuse and misuse of science, resulting in a decline in its authority (science under fire)'},"","Secondly, there is politically motivated abuse and misuse of science, resulting in a decline in its authority (science under fire)."
"Acid rain","Rainfall containing sulphuric acid that damages vegetation, stone, bricks, and aquatic life, a problem traced back to the industrial revolution and linked to long‑range sulphur dioxide emissions.",{'primary_category': 'exposing_prevailing_condition', 'justification': 'Identifies an existing environmental damage that motivates policy response.', 'supporting_text': 'In the case of acid rain, the problem of lake and forest deaths had already been identified.'},"","The problem of acid rain can be traced back to the industrial revolution... When scientists in Scandinavia and North America started to express concern about the disappearance of fish from rivers and lakes in the late 1950s and 1960s, it was not immediately obvious that this was due to acid rain... ..."
"Genetically modified (GM) food","Food products whose genetic material has been altered through biotechnology, a subject of contentious scientific and policy debate in the 1990s and 2000s.",{'primary_category': 'exposing_prevailing_condition', 'justification': 'Illustrates how evidence disputes can stall environmental action.', 'supporting_text': 'International debates over ... genetically modified (GM) food in the 1990s and 2000s, exemplify the contrasting ways this scenario has played out'},"","International debates over ... genetically modified (GM) food in the 1990s and 2000s, exemplify the contrasting ways this scenario has played out."
"Climate models","Computational representations that integrate relationships among oceans, atmosphere, sea ice and land surfaces to simulate and improve understanding of climate change dynamics.",{'primary_category': 'revealing_potential_for_system_change', 'justification': 'Models integrate multiple Earth‑system components, revealing pathways for systemic climate understanding.', 'supporting_text': 'development of models that used relationships between the oceans, atmosphere, sea ice and land surfaces to improve understanding of climate change'},"","This led to the development of models that used relationships between the oceans, atmosphere, sea ice and land surfaces to improve understanding of climate change over time."
"Green movement","A vocal environmental activist movement that pressured governments, exemplified by public reaction in Germany to forest loss caused by sulphur‑dioxide emissions.",{'primary_category': 'fostering_collective_action', 'justification': 'The movement mobilised public pressure that pushed governments toward action.', 'supporting_text': 'Germany ... was stung into action by public reaction ... and an increasingly vocal green movement'},"","Germany, though a large emitter of sulphur dioxide, was stung into action by public reaction to the death of much loved national forests and an increasingly vocal green movement."
"Standard of proof","The level of evidentiary certainty demanded before attributing environmental damage to a specific source, described as being raised to an impossibly high level by industry representatives.",{'primary_category': 'undermining_changes_and_progress', 'justification': 'Elevating proof standards was used to block or delay regulatory measures.', 'supporting_text': 'raised the standard of proof impossibly high: a US coal industry representative asked Canadian scientists to tell him which fish were dying'},"","Others raised the standard of proof impossibly high: a US coal industry representative asked Canadian scientists to tell him which fish were dying in which lake as a consequence of a specific power plant."
"Air pollution","The presence of harmful substances in the atmosphere, such as sulphur dioxide, that reached levels deemed intolerable and prompted public demand for regulatory action.",{'primary_category': 'exposing_prevailing_condition', 'justification': 'The text describes widespread air‑pollution as a prevailing problem.', 'supporting_text': 'industrialising nations suffered air pollution on a grand scale'},"","The resulting Beaver Committee Report (1954) concluded that levels of air pollution could no longer be tolerated but also observed that 'sulphur dioxide is one of the most harmful of all polluting agents'."
"Precautionary principle","A central tenet of European environmental policy that demands a high standard of certainty that a product will not impact the environment, placing the burden of proof on producers.",{'primary_category': 'revealing_potential_for_system_change', 'justification': 'Sets a high‑certainty regulatory framework that can shift system dynamics toward precaution.', 'supporting_text': 'In Europe, the precautionary principle has become a central tenet of environmental policy applied to GM food products'},"","In Europe, the precautionary principle has become a central tenet of environmental policy applied to GM food products, and demands a high standard of certainty that they will not have an impact on the environment, placing the burden of proof on GM producers."
"Substantial equivalence","Scientific criteria introduced by the US FDA to assess how similar a new product is to existing ones, focusing on structural and content similarity rather than the fact that it is genetically modified...",{'primary_category': 'undermining_changes_and_progress', 'justification': 'Provides a lower evidentiary bar that can facilitate GM product entry despite environmental concerns.', 'supporting_text': 'the US Food and Drink Administration (FDA) introduced scientific criteria called substantial equivalence'},"","Instead, the US Food and Drink Administration (FDA) introduced scientific criteria called substantial equivalence to identify how similar new products were to existing ones. In this case, the fact that a product was GM did not matter; what mattered was whether it was substantially different in struc..."
"Pseudo scientific concepts","Concepts introduced by policymakers in situations of scientific uncertainty to support decisions, despite lacking robust scientific backing.",{'primary_category': 'undermining_changes_and_progress', 'justification': 'Use of dubious concepts supports decisions that may delay genuine precaution.', 'supporting_text': 'In circumstances of scientific uncertainty, policy makers introduce ‘pseudo’ scientific concepts to support their decisions.'},"","In circumstances of scientific uncertainty, policy makers introduce 'pseudo' scientific concepts to support their decisions."
"Frankenfoods","A colloquial term used in Europe to describe genetically modified foods that are perceived as unnatural or dangerous, reflecting high public concern.",{'primary_category': 'impacting_salience_and_social_acceptance', 'justification': 'The label shapes public perception and acceptance of GM foods in Europe.', 'supporting_text': 'In Europe concern over ‘frankenfoods’ was high'},"","In Europe concern over 'frankenfoods' was high following the 1990s 'mad-cow disease' crisis..."
"Scientific authority","The power and influence of scientific expertise to shape societal understanding of environmental issues, which can be exaggerated, dramatized, or oversimplified and is contested by various interest gr...",{'primary_category': 'exposing_prevailing_condition', 'justification': 'The text critiques how scientific authority is used to shape environmental narratives.', 'supporting_text': 'Scientific authority has driven societal understanding of the environment'},"","Scientific authority has driven societal understanding of the environment. This has been marked by the exaggeration, dramatisation and oversimplification of scientific evidence."
"Trust in individuals and institutions","The confidence placed by the public in people and organizations (including scientists, NGOs, governments, and media) that can become as important as, or more important than, the scientific evidence it...",{'primary_category': 'impacting_salience_and_social_acceptance', 'justification': 'Trust is portrayed as central to public acceptance of environmental arguments.', 'supporting_text': 'trust in individuals and institutions has become as important, if not more so, than the science itself'},"","trust in individuals and institutions has become as important, if not more so, than the science itself."
"Scientific consensus (IPCC reports)","A consensus created through a carefully designed process where the scientific community and world governments agree on report conclusions sentence by sentence, intended to make climate science relevan...",{'primary_category': 'exposing_prevailing_condition', 'justification': 'The text notes that the consensus was repeatedly challenged, exposing contested foundations.', 'supporting_text': 'Challenges to the scientific consensus of the IPCC were more controversial ...'},"","The process of developing IPCC reports was carefully designed to create ownership by the scientific community and by world governments, who agreed report conclusions sentence by sentence. ... this carefully produced consensus, each of the IPCC reports has been challenged."
"Climate scepticism","A stance that questions the levels of scientific certainty presented by IPCC publications, often invoking claims of procedural improprieties and challenging the evidence for anthropogenic climate chan...",{'primary_category': 'undermining_changes_and_progress', 'justification': 'Sceptic actors added authority to challenges, weakening acceptance of climate science.', 'supporting_text': 'Fred Singer ... and Bjørn Lomborg ... added scientific authority to a continuous stream of challenges to climate science'},"","For much of the 1990s, the Global Climate Coalition, an American industrial grouping formed shortly after the IPCC, challenged the levels of scientific certainty set out in IPCC publications. ... Academics such as the American physicist Fred Singer (b. 1924) and the Danish statistician Bjørn Lomborg..."
"IPCC peer-review process","The procedural system used by the IPCC to evaluate and incorporate scientific studies into its assessment reports, which was alleged to have been manipulated to exclude sceptical research.",{'primary_category': 'undermining_changes_and_progress', 'justification': 'Alleged manipulation of the process was used to exclude dissenting research.', 'supporting_text': 'apparent manipulation of the IPCC peer-review process to exclude sceptical research'},"","The most controversial of the released emails from CRU dealt with the rejection of data requests from climate sceptics, and apparent manipulation of the IPCC peer-review process to exclude sceptical research."
"Scientific authority on climate change","The recognized credibility and influence of climate scientists and institutions such as the IPCC in shaping public and policy understanding of climate change, which has been contested by sceptics and ...",{'primary_category': 'undermining_changes_and_progress', 'justification': 'The authority was directly challenged by industry and sceptic actors.', 'supporting_text': 'Direct conflict ... challenged scientific authority on climate change'},"","Direct conflict broke out in 2006 when Exxon Mobil, the world's richest company and a member of the Global Climate Coalition, was challenged in an exchange of letters that became public with the Royal Society, the world's oldest scientific academy. ... the Daily Telegraph ... summarised the atmosphe..."
"Public relations disaster (CRU email leak)","The 2009 exposure of hacked emails from the Climatic Research Unit, which was widely reported in the media and led to a loss of confidence in climate science, described as a public relations disaster.",{'primary_category': 'undermining_changes_and_progress', 'justification': 'The leak caused lasting damage to the credibility of climate science.', 'supporting_text': 'public relations disaster from which climate science is still recovering'},"","The challenge to climate science reached a new peak after approximately 1000 emails from the Climatic Research Unit (CRU) at the University of East Anglia (UEA) were hacked and posted on the internet in November 2009... This was a public relations disaster from which climate science is still recover..."
"environmental economics","A relatively undeveloped field that attempts to outline environmental constraints to the economic system and to move away from a focus on economic growth, while also developing ways of ensuring enviro...",{'primary_category': 'revealing_potential_for_system_change', 'justification': 'Links economic analysis with environmental value, opening pathways for systemic transformation.', 'supporting_text': 'development of concepts and theories that recognise the economic value of the environment has become increasingly central to the environmental cause'},"","Over the past half‑century, the development of concepts and theories that recognise the economic value of the environment has become increasingly central to the environmental cause… Environmental economics is relatively undeveloped. … a series of academics have attempted to outline environmental con..."
"economic value of the environment","The idea that the environment possesses economic value, a concept that has become increasingly central to the environmental cause and shapes policy‑maker decisions alongside scientific evidence.",{'primary_category': 'revealing_potential_for_system_change', 'justification': 'Valuing the environment economically can shift policy and market behavior toward sustainability.', 'supporting_text': 'development of concepts and theories that recognise the economic value of the environment has become increasingly central to the environmental cause'},"","Over the past half‑century, the development of concepts and theories that recognise the economic value of the environment has become increasingly central to the environmental cause."
"environmental constraints to the economic system","Constraints identified by scholars that limit or shape economic activity in order to protect environmental interests, used to move away from a growth‑centric economic perspective.",{'primary_category': 'revealing_potential_for_system_change', 'justification': 'Identifying constraints highlights how the economy can be re‑oriented to respect ecological limits.', 'supporting_text': 'academics have attempted to outline environmental constraints to the economic system and to move away from the focus on economic growth'},"","a series of academics have attempted to outline environmental constraints to the economic system and to move away from the focus on economic growth."
"greener economic system","An economic system that integrates environmental considerations and promotes sustainability, seen as an opportunity emerging from the ongoing global economic crisis.",{'primary_category': 'fostering_collective_action', 'justification': 'The global crisis creates a window for environmentalists to mobilise around a greener economy.', 'supporting_text': 'global economic crisis has provided real opportunities for environmentalists to promote a greener economic system'},"","Meanwhile, the ongoing global economic crisis has provided real opportunities for environmentalists to promote a greener economic system."
"public trust in science","The confidence that the public places in scientific evidence and its use by the environmental movement, which has been eroded and needs to be rebuilt to support effective campaigning.",{'primary_category': 'impacting_salience_and_social_acceptance', 'justification': 'Rebuilding trust is essential for societal acceptance of science‑based environmental actions.', 'supporting_text': 'The challenge for the environmental movement is to rebuild public trust in the way it uses science to support arguments'},"","The challenge for the environmental movement is to rebuild public trust in the way it uses science to support arguments in order to take action to address environmental issues."
"Law of diminishing returns","A principle in agriculture stating that there is a maximum point of land productivity that cannot be surpassed, implying that the amount of available land limits population and wealth.",{'primary_category': 'exposing_prevailing_condition', 'justification': 'Identifies a biophysical limit to land productivity that constrains wealth.', 'supporting_text': 'Anne‑Robert‑Jacques Turgot ... outlined a law of diminishing returns in agriculture, arguing that there was a maximum point of land productivity ...'},"","Anne‑Robert‑Jacques Turgot (1727‑81) outlined a law of diminishing returns in agriculture, arguing that there was a maximum point of land productivity that was impossible to surpass."
"Stationary state economy","An economic vision in which unlimited economic growth is avoided, emphasizing the preservation of natural environments and warning against the exhaustive transformation of land and wildlife for human ...",{'primary_category': 'revealing_potential_for_system_change', 'justification': 'Proposes an alternative economic model that could shift societies away from growth‑centric trajectories.', 'supporting_text': 'John Stuart Mill ... championed the ‘stationary state economy’ and warned against the drive for unlimited economic growth.'},"","John Stuart Mill … championed the 'stationary state economy' and warned against the drive for unlimited economic growth."
"Negative externalities","Detrimental effects of an activity that go unrecognised, for which government intervention is justified.",{'primary_category': 'exposing_prevailing_condition', 'justification': 'Shows that ecosystem services are omitted from market pricing, leading to degradation.', 'supporting_text': 'Because many ecosystem services are not recognised in the market system, the full cost of their degradation is not considered.'},"","Arthur C. Pigou … argued that when the detrimental effects of an activity went unrecognised, then the government should intervene. He described these detrimental effects as negative externalities."
"Land economics (economics of the environment)","A field of study that treats land and environmental services as economic factors, emerging only with contemporary environmentalism after earlier economic thought focused mainly on labour and capital.",{'primary_category': 'exposing_prevailing_condition', 'justification': 'Notes the historical neglect of land‑based economics until recent environmentalism.', 'supporting_text': 'As countries industrialised ... land economics, or economics of the environment, did not develop fully into a field of its own until the emergence of contemporary environmentalism.'},"","As a consequence, land economics, or economics of the environment, did not develop fully into a field of its own until the emergence of contemporary environmentalism."
"Economic growth","The increase in the production of goods and services, historically equated with progress and driven by technological innovation.",{'primary_category': 'exposing_prevailing_condition', 'justification': 'The text repeatedly links progress to growth, exposing the dominant growth‑centric paradigm.', 'supporting_text': 'The post‑war period saw many nations equating economic growth with progress driven by technological innovation.'},"","the drive for economic growth became a dominant feature of the twentieth century."
"Malthusian tradition","A line of thought that emphasizes the risks of overpopulation and its potential to outstrip resource availability.",{'primary_category': 'exposing_prevailing_condition', 'justification': 'References to overpopulation literature highlight prevailing concerns about demographic pressure.', 'supporting_text': 'In the Malthusian tradition, many of these books focused on overpopulation.'},"","In the Malthusian tradition, many of these books focused on overpopulation."
"Cowboy economy","A metaphor for an open, unregulated economic system characterized by reckless, exploitative, romantic, and violent behaviour toward natural resources.",{'primary_category': 'exposing_prevailing_condition', 'justification': 'Boulding’s label critiques the existing open, exploitative economic model.', 'supporting_text': 'He called the open economy a ‘cowboy’ economy, symbolic of a cowboy’s ‘reckless, exploitative, romantic and violent behaviour’.'},"","He called the open economy a 'cowboy' economy, symbolic of a cowboy's 'reckless, exploitative, romantic and violent behaviour'."
"Spaceman economy","A vision of a closed, sustainable economy in which Earth is treated as a single spaceship with limited resource reservoirs and a finite capacity to absorb pollution.",{'primary_category': 'revealing_potential_for_system_change', 'justification': 'The ‘spaceman’ metaphor envisions a sustainable, closed economic system with limited resources.', 'supporting_text': 'He saw the closed economy of the future as a ‘spaceman’ economy, where the Earth is a single spaceship with limited reservoirs.'},"","He saw the closed economy of the future as a 'spaceman' economy, where the Earth is a single spaceship with limited reservoirs of resources and capacity to deal with pollution."
"Open economy (as used by Boulding)","An economic model that assumes unlimited resources and an infinite assimilative capacity for waste, lacking constraints on growth.",{'primary_category': 'exposing_prevailing_condition', 'justification': 'Described as a ‘cowboy’ economy, it underscores the prevailing unsustainable growth model.', 'supporting_text': 'He called the open economy a ‘cowboy’ economy, symbolic of a cowboy’s ‘reckless, exploitative, romantic and violent behaviour’.'},"","open' economic system without finite resources and a limited assimilative capacity to absorb waste."
"Closed economy (as used by Boulding)","An economic model that recognises finite resource limits and a bounded capacity for waste assimilation, requiring sustainable management.",{'primary_category': 'revealing_potential_for_system_change', 'justification': 'Presented as a ‘spaceman’ economy, it points to a possible transition toward sustainable limits.', 'supporting_text': 'He saw the closed economy of the future as a ‘spaceman’ economy, where the Earth is a single spaceship with limited reservoirs.'},"","closed economy of the future"
"Population growth","The increase in the number of people, highlighted as a major concern for planetary capacity and linked to environmental sustainability.",{'primary_category': 'exposing_prevailing_condition', 'justification': 'The passage highlights high rates of population increase as a pressing concern.', 'supporting_text': 'Concern over the rate of population growth was already reaching high levels when, in 1969, US President Richard Nixon...'},"","Ehrlich published The Population Bomb in 1968, and directly linked population growth to the Earth's capacity to sustain humankind."
"IPAT equation","A simple mathematical concept that expresses environmental impact (I) as the product of three major determinants: population (P), affluence (A), and technology (T).",{'primary_category': 'revealing_potential_for_system_change', 'justification': 'Shows how population, affluence and technology jointly drive impacts.', 'supporting_text': 'The IPAT equation explained how environmental impacts (I) are a factor of three major determinants: population (P), affluence (A) and technology (T)'},"","The IPAT equation explained how environmental impacts (I) are a factor of three major determinants: population (P), affluence (A) and technology (T): I = P × A × T. This simple mathematical concept brought together Ehrlich, Commoner and Holdren's concerns about the prevailing focus on economic growt..."
"spaceship Earth metaphor","A metaphor used to make the resource limitations of the economic system understandable to the wider public.",{'primary_category': 'exposing_prevailing_condition', 'justification': 'Makes the planet’s resource limits visible to the public, diagnosing the current unsustainable trajectory.', 'supporting_text': 'Boulding’s use of the spaceship Earth metaphor made the resource limitations of the economic system understandable to the wider public.'},"","Boulding's use of the spaceship Earth metaphor made the resource limitations of the economic system understandable to the wider public."
"entropy law (as applied to economics)","The principle that whenever energy is used, the amount of usable energy available to society declines, based on the second law of thermodynamics.",{'primary_category': 'revealing_potential_for_system_change', 'justification': 'Links physical energy degradation to economic processes, indicating a need for systemic redesign.', 'supporting_text': 'Georgescu‑Roegen explained that whenever energy is used, the amount of usable energy... will have to be substituted by other sources of energy such as solar power.'},"","In The Entropy Law and the Economic Process (1971), Georgescu‑Roegen explained that whenever energy is used, the amount of usable energy available to society declines. This argument is based on the second law of thermodynamics..."
"bioeconomic programme","An academic programme emphasizing the importance of viable technologies that can maintain economic activity over the long term without using irreplaceable resources.",{'primary_category': 'revealing_potential_for_system_change', 'justification': 'Advocates viable, low‑resource technologies for long‑term economic activity.', 'supporting_text': 'Georgescu‑Roegen went on to dedicate his academic career to developing what he called a bioeconomic programme.'},"","Georgescu‑Roegen went on to dedicate his academic career to developing what he called a bioeconomic programme."
"appropriate technology","The use of technology that is suitable to scale and context, treating natural resources as capital rather than expandable income.",{'primary_category': 'revealing_potential_for_system_change', 'justification': 'Promotes technology choices that align with ecological limits and social needs.', 'supporting_text': 'Ernst F. Schumacher ... championed the use of appropriate technology.'},"","This argument was shared by Ernst F. Schumacher (1911‑77), who championed the use of appropriate technology in Small is Beautiful: A Study of Economics as if People Mattered (1973)."
"natural capital","The concept that natural resources should be treated as capital, not as expandable income, implying they provide a dividend rather than being endlessly mined.",{'primary_category': 'revealing_potential_for_system_change', 'justification': 'Frames natural resources as capital, shifting economic accounting toward sustainability.', 'supporting_text': 'Schumacher argued that natural resources should be treated as capital, not expandable income.'},"","Like Georgescu‑Roegen, Schumacher argued that natural resources should be treated as capital, not expandable income."
"steady‑state economy (SSE)","An economic model defined as an economy with constant population and constant stock of capital, maintained by a low rate of throughput that stays within the regenerative and assimilative capacities of...",{'primary_category': 'revealing_potential_for_system_change', 'justification': 'Offers a growth‑free economic model that respects ecosystem capacities.', 'supporting_text': 'Daly is most strongly associated with his attempt to articulate an alternative approach... steady‑state economy (SSE).'},"","Daly is most strongly associated with his attempt to articulate an alternative approach to the conventional growth paradigm in the form of the steady‑state economy (SSE). ... following John Stuart Mill we might define a SSE as an economy with constant population and constant stock of capital, mainta..."
"sustainable economic welfare index","An index constructed to replace GNP as a measure of economic wellbeing, intended to reflect sustainable economic welfare.",{'primary_category': 'revealing_potential_for_system_change', 'justification': 'Provides a metric to evaluate wellbeing without degrading natural capital.', 'supporting_text': 'Daly and John B. Cobb constructed an index of sustainable economic welfare intended to replace GNP as a measure of economic wellbeing.'},"","Daly and John B. Cobb (b. 1925) constructed an index of sustainable economic welfare intended to replace GNP as a measure of economic wellbeing."
"ecological footprint","A measure applied to national economies that quantifies the amount of biologically productive land and water area required to support a population’s consumption.",{'primary_category': 'exposing_prevailing_condition', 'justification': 'Quantifies humanity’s demand on ecosystems, revealing overshoot and unsustainability.', 'supporting_text': 'Measures such as the ecological footprint, genuine progress indicator and happy planet index have been applied to national economies.'},"","Measures such as the ecological footprint, genuine progress indicator and happy planet index have been applied to national economies..."
"genuine progress indicator","An alternative metric to GDP that attempts to account for environmental and social factors in assessing economic progress.",{'primary_category': 'revealing_potential_for_system_change', 'justification': 'Offers an alternative to GDP that incorporates social and environmental dimensions.', 'supporting_text': 'Measures such as the ecological footprint, genuine progress indicator and happy planet index have been applied to national economies.'},"","Measures such as the ecological footprint, genuine progress indicator and happy planet index have been applied to national economies..."
"happy planet index","An alternative indicator that combines well‑being, life expectancy and ecological footprint to assess national progress.",{'primary_category': 'impacting_salience_and_social_acceptance', 'justification': 'Used as an alternative metric that can shift how societies assess wellbeing.', 'supporting_text': 'Measures such as the ecological footprint, genuine progress indicator and happy planet index have been applied to national economies'},"","Measures such as the ecological footprint, genuine progress indicator and happy planet index have been applied to national economies..."
"Ecological economics","A field that seeks to ensure the environment is recognised in standard economic theory and to set out an alternative to a capitalist (or communist) economic system by attributing monetary value to the...",{'primary_category': 'revealing_potential_for_system_change', 'justification': 'Calls for integrating environmental values into mainstream economic theory.', 'supporting_text': 'Ecological economics is as much about ensuring the environment is recognised in standard economic theory…'},"","Ecological economics is as much about ensuring the environment is recognised in standard economic theory as setting out an alternative to a capitalist (or communist) economic system. By attributing a monetary value to the environment and demonstrating the cost of its destruction, some economists hav..."
"Cost‑benefit analysis","A methodological tool widely used to make the case for environmental protection and to choose between different environmental protection options, though its application can be complex, controversial, ...",{'primary_category': 'exposing_prevailing_condition', 'justification': 'Highlights reliance on economic metrics that are contested in environmental decision‑making.', 'supporting_text': 'Cost–benefit analysis has been widely used… its application can be complex and controversial and is not always trusted.'},"","Cost‑benefit analysis has been widely used to make the case for environmental protection and to choose between different environmental protection options. Agencies responsible for environmental regulations such as the EPA in the USA have used cost‑benefit analysis extensively, but its application ca..."
"Social cost‑benefit analysis","A variant of cost‑benefit analysis that incorporates social costs, used in policy proposals such as the Roskill Commission’s location study for a third runway in London, highlighting the difficulty of...",{'primary_category': 'exposing_prevailing_condition', 'justification': 'Shows attempts to incorporate social values, yet reveals difficulty in capturing multiple public values.', 'supporting_text': 'When the Roskill Commission … used social cost‑benefit analysis to support its case.'},"","When the Roskill Commission proposed a location for a third runway in London in the early 1970s, it used social cost‑benefit analysis to support its case. One of the most important issues to consider was noise pollution, but its application of cost measures to noise was widely challenged."
"Environmental services","An early term describing nine 'environmental services' whose decline would follow damage to ecosystem functioning, forming a precursor to the modern ecosystem services concept.",{'primary_category': 'revealing_potential_for_system_change', 'justification': 'Early articulation of service‑based thinking that underpins later ecosystem‑services work.', 'supporting_text': 'described nine ‘environmental services’ that would decline if the functioning of ecosystems were damaged.'},"","An 1970 MIT report of the Study of Critical Environmental Problems, entitled Man's Impact on the Global Environment: Assessment and Recommendations for Action, described nine 'environmental services' that would decline if the functioning of ecosystems were damaged."
"Public service functions of the environment","The idea that the environment provides public service functions, a framing used to argue for its protection and valuation.",{'primary_category': 'revealing_potential_for_system_change', 'justification': 'Frames the environment as delivering essential public services, expanding its perceived value.', 'supporting_text': 'described the ‘public service functions of the environment’.'},"","Holdren and Ehrlich advocated this idea and in an article for American Scientist described the 'public service functions of the environment'."
"Four categories of ecosystem services","A classification within the ecosystem services framework that groups services into provisioning, regulating, cultural, and supporting categories, each contributing to human wellbeing.",{'primary_category': 'revealing_potential_for_system_change', 'justification': 'Structurally categorises services, enabling targeted policy and management actions.', 'supporting_text': 'It defined the four categories of ecosystem services that contribute to human wellbeing as: provisioning… regulating… cultural… supporting.'},"","It defined the four categories of ecosystem services that contribute to human wellbeing as: provisioning services, such as food; regulating services, such as filtration of pollutants and flood control; cultural services, such as recreation; and supporting services, such as soil formation and photosy..."
"Market failure","A situation where negative externalities are not recognised by the market system, leading to over‑use or degradation of environmental goods and requiring correction through policy instruments.",{'primary_category': 'exposing_prevailing_condition', 'justification': 'Identifies that markets do not internalize environmental costs.', 'supporting_text': 'Following Pigou, these negative externalities should be regarded as market failures and corrected.'},"","Following Pigou, these negative externalities should be regarded as market failures and corrected."
"Discount rate (in climate economics)","A numerical factor used to convert future values into present values; low rates give greater weight to future generations, while high rates diminish the importance of long‑term impacts.",{'primary_category': 'revealing_potential_for_system_change', 'justification': 'The choice of discount rate determines the weight of future climate impacts in present decisions.', 'supporting_text': 'Low discount rates make the future more important, high discount rates make it less so. Stern used a near‑zero discount rate...'},"","At the heart of this debate is the valuation of the future; economic analysis typically applies discount rates to values in future years... Stern used a near‑zero discount rate to underpin his argument; some economists, such as William Nordhaus, use much higher discount rates..."
"No net loss","An initiative in which a company's environmental impacts are offset by undertaking environmental activities of at least equal value, aiming for a net zero impact on ecosystems.",{'primary_category': 'fostering_collective_action', 'justification': 'Guides businesses to offset impacts, encouraging proactive environmental stewardship.', 'supporting_text': 'some business sectors are exploring ‘no net loss’ or ‘net positive impact’ initiatives...'},"","some business sectors are exploring 'no net loss' or 'net positive impact' initiatives in which their impacts are offset by undertaking environmental activities of at least equal value."
"Net positive impact","A corporate strategy that seeks to generate environmental benefits that exceed the negative impacts caused by the company's operations.",{'primary_category': 'fostering_collective_action', 'justification': 'Encourages firms to generate environmental benefits beyond their own footprint.', 'supporting_text': 'some business sectors are exploring ‘no net loss’ or ‘net positive impact’ initiatives...'},"","some business sectors are exploring 'no net loss' or 'net positive impact' initiatives in which their impacts are offset by undertaking environmental activities of at least equal value."
"Mutual coercion mutually agreed upon","A proposed solution to the tragedy of the commons that involves collectively imposed restrictions or regulations that are accepted by all users to prevent over‑exploitation.",{'primary_category': 'fostering_collective_action', 'justification': 'Proposes a collectively‑agreed regulatory framework to prevent over‑use.', 'supporting_text': 'His solution was ‘mutual coercion mutually agreed upon’.'},"","His solution was 'mutual coercion mutually agreed upon'."
"Carbon pricing","A policy approach that assigns a monetary cost to carbon emissions, typically through mechanisms such as emissions trading schemes or carbon taxes, to internalise the external costs of greenhouse gase...",{'primary_category': 'revealing_potential_for_system_change', 'justification': 'Carbon pricing is presented as a market‑based tool that could shift the economic system toward internalising environmental costs.', 'supporting_text': 'governments have acted to establish a price for carbon. The EU has established an emissions trading scheme'},"","Governments have acted to establish a price for carbon. The EU has established an emissions trading scheme..."
"Privatisation of natural resources","The notion that natural resources, such as water, can be transferred to private ownership and managed as market commodities, a view that has generated strong controversy especially regarding water usa...",{'primary_category': 'exposing_prevailing_condition', 'justification': 'Privatisation is presented as a contested practice that can marginalise low‑income groups.', 'supporting_text': 'Hardin’s ideas have been used to support the privatisation of commonly owned resources … low‑income groups may find they are priced out.'},"","The idea of privatisation of natural resources has proved particularly controversial in relation to water usage."
"Ecosystem services approach","A framework that treats ecosystem functions as services with economic value, supporting the pricing of water resources to incentivise careful use in both developed and developing worlds.",{'primary_category': 'revealing_potential_for_system_change', 'justification': 'Linking water pricing to ecosystem services suggests a new governance paradigm.', 'supporting_text': 'This is in line with the ecosystem services approach and supports the pricing of water resources.'},"","This is in line with the ecosystem services approach and supports the pricing of water resources so as to incentivise careful use in the developed and developing worlds."
"Universal right to water and sanitation","The principle that access to basic water and sanitation is a universal human right and should not be treated as a negotiable commodity.",{'primary_category': 'impacting_salience_and_social_acceptance', 'justification': 'Framing water as a universal right shifts discourse away from commodification.', 'supporting_text': 'Civil society groups have argued that ‘access to basic water and sanitation are universal rights …’'},"","Civil society groups have argued that 'access to basic water and sanitation are universal rights, and cannot therefore by negotiated as commodities'."
"Cooperative institutions for common‑pool resources","Durable, cooperative institutions that are organised and governed by the resource users themselves, proposed as a way to resolve commons problems.",{'primary_category': 'revealing_potential_for_system_change', 'justification': 'Ostrom’s proposal of user‑governed institutions offers an alternative to top‑down control.', 'supporting_text': 'According to Ostrom, an approach … is the design of durable, cooperative institutions that are organised and governed by the resource users themselves.'},"","According to Ostrom, an approach to resolving the problem of the commons is the design of durable, cooperative institutions that are organised and governed by the resource users themselves."
"Global Green New Deal (GGND)","An initiative launched by UNEP in December 2008 that combines an economic stimulus package with environmental objectives, aiming to create jobs, reduce carbon dependency, curb environmental degradatio...",{'primary_category': 'revealing_potential_for_system_change', 'justification': 'The GGND articulates a systemic transition toward green fiscal policies.', 'supporting_text': 'The GGND aimed to contribute to … climate change, food, fuel and water while addressing the financial crisis.'},"","Following in his footsteps, UNEP instigated the Global Green New Deal (GGND) initiative in December 2008."
"Green fiscal spending","Policy recommendation that the world’s richest economies allocate a share of GDP (e.g., 1 % of global GDP) to environmental initiatives and adopt policy changes that support environmentally‑focused pu...",{'primary_category': 'revealing_potential_for_system_change', 'justification': 'Defining green fiscal spending sets a concrete mechanism for redirecting economic resources.', 'supporting_text': 'The GGND recommended … make policy changes … to support green fiscal spending.'},"","It recommended that the world's richest economies should spend 1 per cent of global GDP on environmental initiatives over the coming years, and make policy changes at global and national levels to support green fiscal spending."
"Green stimulus","Fiscal spending directed toward green investments during the recession, amounting to over US$520 billion, representing 16 % of all fiscal spending and 0.7 % of G20 GDP, though falling short of the 1 %...",{'primary_category': 'fostering_collective_action', 'justification': 'Green stimulus denotes coordinated fiscal spending aimed at low‑carbon outcomes.', 'supporting_text': 'During the recession, members of the G20 spent over US$520\u202fbillion on a green stimulus.'},"","During the recession, members of the G20 spent over US$520 billion on a green stimulus. The stimulus comprised 16 per cent of all fiscal spending and 0.7 per cent of the G20 GDP, falling short of the 1 per cent GGND recommendation."
"Green fiscal component","The portion of a fiscal stimulus package allocated to green investments; for example, the UK devoted about 11 % of its US$3.9 billion stimulus to green investments and launched a ‘Green economy’ budge...",{'primary_category': 'revealing_potential_for_system_change', 'justification': 'Its inclusion signals a shift toward integrating fiscal policy with environmental objectives.', 'supporting_text': 'included a sizeable green fiscal component.'},"","In 2009, some G20 governments adopted policies to boost aggregate demand and growth, which included a sizeable green fiscal component. The UK devoted approximately 11 per cent of its US$3.9 billion fiscal stimulus to green investments as well as launching a 'Green economy' budget in April 2009..."
"Low‑carbon, resource‑efficient economy","An economy transitioning toward clean, innovative, resource‑efficient, low‑carbon technologies and infrastructure, aimed at building sustainable economies.",{'primary_category': 'revealing_potential_for_system_change', 'justification': 'The text frames this economy as a novel, global effort, implying a systemic transition.', 'supporting_text': 'to create a low‑carbon, resource‑efficient and less fossil fuel‑dependent economy.'},"","A G20 communiqué from the meeting stated 'We will make the transition towards clean, innovative, resource efficient, low carbon technologies and infrastructure [...] We will identify and work together on further measures to build sustainable economies.'"
"Environmental pricing policies","Policy instruments that price environmental externalities to correct market distortions, such as those created by fossil‑fuel subsidies.",{'primary_category': 'revealing_potential_for_system_change', 'justification': 'Proposed policies aim to correct market distortions, enabling systemic change.', 'supporting_text': 'develop effective environmental pricing policies and regulations.'},"","Edward B. Barbier, a consultant on the GGND, has argued that the G20 failed to instigate a worldwide green recovery, and called for further measures to reduce market distortions such as the fossil fuel subsidies and develop effective environmental pricing policies and regulations."
"Fossil fuel subsidies","Government subsidies that lower the cost of fossil‑fuel production or consumption, described as an environmentally perverse allocation of capital amounting to about US$600 billion per year globally.",{'primary_category': 'exposing_prevailing_condition', 'justification': 'The subsidies are highlighted as a massive misallocation of capital, exposing a barrier to harmony with nature.', 'supporting_text': 'US$600\u202fbillion a year spent on global fossil fuel subsidies, as a ‘gross misallocation of capital’.'},"","Pavan Sukhdev, head of UNEP's green economy work, described existing economic measures, such as the US$600 billion a year spent on global fossil fuel subsidies, as a 'gross misallocation of capital'."
"Green recovery","A coordinated worldwide effort to revive economies through green investments and policies; the text notes that the G20 failed to launch such a recovery.",{'primary_category': 'exposing_prevailing_condition', 'justification': 'Barbier argues the G20 failed to instigate a worldwide green recovery, highlighting a shortfall.', 'supporting_text': 'Edward B. Barbier ... has argued that the G20 failed to instigate a worldwide green recovery'},"","Edward B. Barbier, a consultant on the GGND, has argued that the G20 failed to instigate a worldwide green recovery..."
"Green investment","Investment in ten key sectors (agriculture, buildings, energy supply, fisheries, forestry, industry including energy efficiency, tourism, transport, waste management and water) amounting to roughly 2 ...",{'primary_category': 'fostering_collective_action', 'justification': 'The UK allocated 11\u202f% of its stimulus to green investments and UNEP advocated large‑scale green investment.', 'supporting_text': 'The UK devoted approximately 11 per cent of its US$3.9\u202fbillion fiscal stimulus to green investments'},"","As an alternative, the report made a case for investing 2 per cent of global GDP (approximately US$1.3 trillion) a year in green investments across ten key sectors (agriculture, buildings, energy supply, fisheries, forestry, industry including energy efficiency, tourism, transport, waste management ..."
"Sustainable economies","Economies built on sustainability principles, emphasizing clean, innovative, resource‑efficient, low‑carbon technologies and infrastructure.",{'primary_category': 'impacting_salience_and_social_acceptance', 'justification': 'The G20 communiqué explicitly states the goal to “build sustainable economies,” shaping discourse.', 'supporting_text': 'We will ... build sustainable economies.'},"","We will identify and work together on further measures to build sustainable economies."
"decoupling","The attempt to break the link between economic growth and worsening environmental quality, potentially achieved by reconfiguring production processes and redesigning goods and services so the economy ...",{'primary_category': 'revealing_potential_for_system_change', 'justification': 'Decoupling is presented as a strategy to break the growth‑environment degradation link.', 'supporting_text': 'Attempts have been made at ‘decoupling’ or breaking the link between economic growth and worsening environmental quality.'},"","In response, attempts have been made at 'decoupling' or breaking the link between economic growth and worsening environmental quality. Theoretically this could be achieved by reconfiguring production processes and redesigning goods and services."
"growth economics","An economic paradigm that prioritises continual economic growth, which the text critiques as needing to be abandoned in favor of ecological limits.",{'primary_category': 'exposing_prevailing_condition', 'justification': 'The text critiques growth‑centric economics as incompatible with ecological sustainability.', 'supporting_text': 'All this requires establishing the ecological boundaries for human activity, abandoning growth economics and transforming the mass consumer culture.'},"","All this requires establishing the ecological boundaries for human activity, abandoning growth economics and transforming the mass consumer culture."
"intergenerational justice","A principle of sustainable development that emphasizes fairness and responsibility toward future generations.",{'primary_category': 'revealing_potential_for_system_change', 'justification': 'Listed as a core principle linking economics to long‑term ecological equity.', 'supporting_text': 'Ecological economics aims to address the interdependence of economies and ecosystems, ... based on principles of sustainable development – equity, intergenerational justice and personal responsibility.'},"","Ultimately, ecological economics aims to address the interdependence of economies and ecosystems, particularly how these two systems can co‑evolve based on principles of sustainable development - equity, intergenerational justice and personal responsibility, and improvement of human wellbeing."
"personal responsibility","A principle of sustainable development that calls for individuals to take accountability for their impact on the environment and human wellbeing.",{'primary_category': 'revealing_potential_for_system_change', 'justification': 'Presented as a necessary ethical component for sustainable economic transformation.', 'supporting_text': 'Ecological economics aims to address the interdependence of economies and ecosystems, ... based on principles of sustainable development – equity, intergenerational justice and personal responsibility.'},"","Ultimately, ecological economics aims to address the interdependence of economies and ecosystems, particularly how these two systems can co‑evolve based on principles of sustainable development - equity, intergenerational justice and personal responsibility, and improvement of human wellbeing."
"ecological boundaries","Limits that define the permissible scale of human activity within the planet’s finite ecological capacity.",{'primary_category': 'revealing_potential_for_system_change', 'justification': 'Setting ecological limits is portrayed as a prerequisite for a harmonious human‑nature relationship.', 'supporting_text': 'All this requires establishing the ecological boundaries for human activity.'},"","All this requires establishing the ecological boundaries for human activity, abandoning growth economics and transforming the mass consumer culture."
"mass consumer culture","A societal pattern characterized by high levels of consumption and production of novelty, which the text argues must be transformed to achieve environmental gains.",{'primary_category': 'exposing_prevailing_condition', 'justification': 'The text identifies mass consumer culture as a barrier to ecological wellbeing.', 'supporting_text': 'Abandoning growth economics and transforming the mass consumer culture.'},"","All this requires establishing the ecological boundaries for human activity, abandoning growth economics and transforming the mass consumer culture."
"Consumerism","The cultural and economic pattern of increasing production and consumption that grew alongside environmentalism after World War II, shaping popular culture and driving the post‑war rise in material go...",{'primary_category': 'exposing_prevailing_condition', 'justification': 'Consumerism is identified as the mainstream culture driving unsustainable living, highlighting a prevailing condition that hinders harmony with nature.', 'supporting_text': 'the mainstream culture of consumerism that defines twenty-first-century living'},"","Environmentalism has developed alongside consumerism to become part of contemporary popular culture... The phenomenal expansion in production and consumption contributed to a post‑war baby boom and the rise of consumerism on both sides of the Atlantic."
"Post‑war consumer boom","A period after World War II marked by the end of rationing, rapid economic growth, and a surge in consumption and material prosperity, fueled by policies such as the U.S. Marshall Plan and leading to ...",{'primary_category': 'revealing_potential_for_system_change', 'justification': 'Identified as the driver of massive production, consumption, and mobility growth after WWII.', 'supporting_text': 'The phenomenal expansion in production and consumption contributed to a post‑war baby boom and the rise of consumerism'},"","The introduction of rationing during the Second World War instilled in the wartime generation an appreciation of the scarcity of resources... As European countries began to rebuild their economies, the post‑war Labour government continued rationing... In order to modernise industrial and business pr..."
"Car culture","A social pattern in which personal automobile ownership and mobility become central to everyday life, exemplified by the rapid increase in car sales and the embrace of automobiles in the United States...",{'primary_category': 'exposing_prevailing_condition', 'justification': 'Highlighted as a source of social and environmental concerns linked to rising vehicle use.', 'supporting_text': 'With this increase in car ownership and use came concerns over the social and environmental impact of cars'},"","In the USA, trolley buses and cable cars were abandoned and railways dismantled. In the space of one year (1945‑46), total US car sales leaped from 69,500 to 2.1 million. By 1950, Americans had embraced the car culture, with new car sales totalling 6.7 million."
"Consumer advocacy","A form of activism that challenges corporate practices and seeks regulatory change to protect consumers, emerging prominently after Ralph Nader’s critique of the automobile industry.",{'primary_category': 'fostering_collective_action', 'justification': 'Emerged as organized public response to corporate practices, exemplified by Nader’s work.', 'supporting_text': 'prompted a new type of consumer advocacy'},"","In 1965, Ralph Nader (b. 1934) published Unsafe at Any Speed, which examined the reluctance of the car industry to improve both vehicle pollution and safety. Nader's book directly challenged large corporations and prompted a new type of consumer advocacy."
"Television advertising","A marketing practice that uses televised commercials to reach mass audiences, introduced in the UK by ITV in the 1950s and earlier in the US, and described as a powerful tool for producers.",{'primary_category': 'exposing_prevailing_condition', 'justification': 'Highlights how TV ads expanded consumer reach, reinforcing consumerist culture that challenges sustainability.', 'supporting_text': 'Television provided a new way for companies to sell their products to a wider audience.'},"","ITV introduced television advertising to a British audience. American households were already used to television advertising. The first US television advertisement, for watchmaker Bulova, had been broadcast twelve years earlier and an industry was already developing around this advertising medium. W..."
"post‑war consumer culture","A cultural pattern that emerged after World War II in which television, radio and the press stimulated an appetite for the consumption of goods, services and international travel, turning buying and u...",{'primary_category': 'exposing_prevailing_condition', 'justification': 'Identified as a driver of consumption‑based lifestyles that pressure nature.', 'supporting_text': 'Television, together with radio and the press, contributed to the development of a post‑war consumer culture.'},"","Television, together with radio and the press, contributed to the development of a post‑war consumer culture. This stimulated an appetite for the consumption of goods and services as well as international travel, which inevitably had environmental consequences."
"consumer culture","A way of life in which consumption is central to personal identity, social status, and spiritual or ego satisfaction, expressed through what people wear, drive, eat, and own.",{'primary_category': 'exposing_prevailing_condition', 'justification': 'Described as the social norm linking status to consumption patterns.', 'supporting_text': 'The measure of social status, of social acceptance, of prestige, is now to be found in our consumptive patterns.'},"","Our enormously productive economy demands that we make consumption our way of life, that we convert the buying and use of goods into rituals, that we seek our spiritual satisfactions, our ego satisfactions, in consumption. The measure of social status, of social acceptance, of prestige, is now to be..."
"environmental concepts","Ideas that link human activity—especially consumption and technological progress—to environmental consequences, raising public awareness of pollution and the planet’s ecological limits.",{'primary_category': 'revealing_potential_for_system_change', 'justification': 'Their mainstreaming signalled a shift toward recognizing human‑nature interdependence.', 'supporting_text': 'helped to bring modern environmental concepts into the mainstream.'},"","But the extensive television coverage of humanity's first mission to land on the moon, and the images of planet Earth from space, also helped to bring modern environmental concepts into the mainstream."
"Earthrise","The iconic photograph taken during the Apollo 8 mission that shows Earth rising over the lunar horizon, which transformed people's understanding of the planet and contributed to a growing environmenta...",{'primary_category': 'revealing_potential_for_system_change', 'justification': 'The image catalysed a new planetary perspective that underpins systemic change.', 'supporting_text': 'The first image of Earth rising ... became an iconic picture.'},"","The first image of Earth rising in the vast darkness of space over a lunar landscape became an iconic picture. ... The images of a desolate and lifeless moon contrasted with the blue and white, fertile Earth and provided a stark reminder of humankind's fragility ... This fed a growing environmental ..."
"Earth Day","An annual environmental observance first proposed in 1969, marked by nationwide teach‑ins, media coverage, and public participation to raise awareness of environmental issues.",{'primary_category': 'fostering_collective_action', 'justification': 'The designated day organised mass participation and institutionalised environmental advocacy.', 'supporting_text': 'An estimated 20 million Americans took part in the Earth Day event, which helped environmental issues to be placed firmly in the public consciousness.'},"","A year after the moon landing, US senator Gaylord Nelson (1916‑2005) proposed the first Earth Day on 22 April 1970. The day was marked by a national environment teach‑in led by schools, colleges, universities and community groups."
"Earth Day campaign","A recurring public campaign that highlights the need for individuals and communities to protect the environment.",,"","By 1970, the Earth Day campaign was again highlighting the need for individuals and communities to do their bit to protect the environment."
"national cleanliness ethic","A societal norm promoted to reduce litter and encourage cleanliness in public spaces.",,"","KAB was founded in 1953 by a group of US corporate and civic leaders to promote and develop a national cleanliness ethic in response to the growing problem of litter."
"greenwash","Disinformation disseminated by an organisation so as to present an environmentally responsible public image.",{'primary_category': 'undermining_changes_and_progress', 'justification': 'The text describes greenwash as disinformation that masks true environmental interests, weakening genuine progress.', 'supporting_text': 'This was seen as an early form of ‘greenwash’ – disinformation disseminated by an organisation so as to present an environmentally responsible public image.'},"","This was seen as an early form of 'greenwash' - disinformation disseminated by an organisation so as to present an environmentally responsible public image."
"recycling","An established environmental action in which materials are collected, processed, and reused, considered a practice that everybody could do.",{'primary_category': 'fostering_collective_action', 'justification': 'Recycling is presented as an established action that individuals and communities can adopt, building capacity for environmental stewardship.', 'supporting_text': 'By now recycling was becoming an established environmental action that everybody could do.'},"","By now recycling was becoming an established environmental action that everybody could do."
"materials recovery","The systematic collection and processing of discarded materials for reuse, marking the start of organized municipal recycling efforts.",{'primary_category': 'fostering_collective_action', 'justification': 'The launch of a municipal materials‑recovery program shows organized community effort to manage waste.', 'supporting_text': 'In November 1970, Woodbury, New Jersey was the first US city to begin materials recovery, spearheaded by an environmentally concerned community organisation.'},"","In November 1970, Woodbury, New Jersey was the first US city to begin materials recovery, spearheaded by an environmentally concerned community organisation."
"Clean Community System","A KAB‑initiated program that emphasized street cleaning and other litter‑control activities as an alternative to container deposit legislation.",{'primary_category': 'undermining_changes_and_progress', 'justification': 'The system was promoted as an alternative to a bottle‑bill and was perceived as serving industrial interests, constituting greenwash.', 'supporting_text': 'KAB publicly opposed it, and a year later launched the Clean Community System as an alternative... Many perceived the opposition... as serving the industrial members of KAB... early form of ‘greenwash’.'},"","a year later launched the Clean Community System as an alternative that placed an emphasis on street cleaning and other litter-control activities."
"bottle bank","A public collection point for used beverage containers, introduced as a way to encourage recycling and reduce litter.",{'primary_category': 'revealing_potential_for_system_change', 'justification': 'The first UK bottle bank demonstrated a viable recycling model that was later replicated by other authorities.', 'supporting_text': 'The UK’s first bottle bank was sited... The scheme captured the public imagination and was later extended and adopted by other local authorities.'},"","In August 1977, the UK's first bottle bank was sited in the car park of the Tesco supermarket in Barnsley, South Yorkshire. The bottle bank was introduced by Stanley Race, then president of the Glass Manufacturers' Federation..."
"kerbside recycling","A system where recyclable waste is collected directly from households' curbs, facilitating large‑scale material recovery.",{'primary_category': 'fostering_collective_action', 'justification': 'German Green Party councillors organized kerbside collection programmes, expanding recycling at the municipal level.', 'supporting_text': 'The German Green Party had thousands of elected local councillors who worked to establish kerbside recycling collections.'},"","The German Green Party had thousands of elected local councillors who worked to establish kerbside recycling collections."
"Crying Indian campaign","A public announcement campaign that became an iconic symbol of personal environmental responsibility, featuring a Native American chief confronting litter and pollution.",{'primary_category': 'impacting_salience_and_social_acceptance', 'justification': 'The campaign became an iconic symbol that shifted public discourse toward personal environmental responsibility.', 'supporting_text': 'In 1971, Keep America Beautiful (KAB) launched the ‘Crying Indian’ public announcement campaign, which was to become an iconic symbol of personal environmental responsibility.'},"","In 1971, Keep America Beautiful (KAB) launched the 'Crying Indian' public announcement campaign, which was to become an iconic symbol of personal environmental responsibility."
"consumer sovereignty","A principle emphasizing that individuals are responsible for their consumption choices and that markets should respond to consumer preferences.",{'primary_category': 'exposing_prevailing_condition', 'justification': 'The notion reflects a market‑oriented ideology that placed responsibility on consumers, shaping policy direction.', 'supporting_text': 'The much promoted principle of consumer sovereignty placed an emphasis on individuals taking responsibility for their choices.'},"","The much promoted principle of consumer sovereignty placed an emphasis on individuals taking responsibility for their choices."
"energy conservation","The practice of reducing energy use, promoted through a national campaign to encourage households to save energy.",{'primary_category': 'fostering_collective_action', 'justification': 'Energy‑conservation was the explicit goal of the ‘Save it’ campaign, encouraging behavioural change.', 'supporting_text': '‘Save it’ campaign to promote energy conservation'},"","In the UK this caused national debates on energy security and led the government to introduce a national 'Save it' campaign to promote energy conservation."
"energy security","The concern for reliable and affordable energy supplies, highlighted by public debate after an oil price hike caused by an OPEC embargo.",{'primary_category': 'exposing_prevailing_condition', 'justification': 'The text links national debates on energy security to the launch of the ‘Save it’ campaign, highlighting it as a driving concern.', 'supporting_text': 'In the UK this caused national debates on energy security and led the government to introduce a national ‘Save it’ campaign'},"","In the UK this caused national debates on energy security and led the government to introduce a national 'Save it' campaign..."
"environmental awareness","The growing public consciousness of environmental issues, reflected in media coverage and special publications, especially after major events such as Hurricane Katrina.",{'primary_category': 'revealing_potential_for_system_change', 'justification': 'Increased awareness after Hurricane Katrina signalled a societal shift that could enable systemic environmental change.', 'supporting_text': 'The green issue was produced partly as a response to the increased environmental awareness that followed Hurricane Katrina and the destruction of New Orleans.'},"","The cover described global warming as a threat graver than terrorism and called for 'A New American Revolution'. The green issue was produced partly as a response to the increased environmental awareness that followed Hurricane Katrina and the destruction of New Orleans..."
"ethical investment","Investment strategies that prioritize ethical, social, and environmental criteria, exemplified by the launch of new British ethical funds in the late 1980s.",{'primary_category': 'revealing_potential_for_system_change', 'justification': 'The emergence of ethical funds signals a shift in financial flows toward sustainability.', 'supporting_text': 'a boom in ethical investment saw the launch of six new British ethical funds'},"","Green products and services were now beginning to span the entire market, and in 1987 a boom in ethical investment saw the launch of six new British ethical funds."
"Greenwashing","The practice of making misleading or superficial environmental claims about products or services, often dismissed by consumers as gimmickry.",{'primary_category': 'exposing_prevailing_condition', 'justification': 'The text notes consumer dismissal of environmental claims as gimmicks, indicating deceptive practices.', 'supporting_text': 'One 1990 survey indicated that 47 per cent of customers dismissed environmental claims as mere ‘gimmickry’.'},"","consumers were wary of companies undertaking 'greenwash' campaigns... One 1990 survey indicated that 47 per cent of customers dismissed environmental claims as mere 'gimmickry'."
"Environmental labelling","A labeling approach that provides information on the environmental credentials of products, helping consumers differentiate between superficially similar items.",{'primary_category': 'fostering_collective_action', 'justification': 'Provides a tool for consumers to identify and choose green products, enabling coordinated consumer behaviour.', 'supporting_text': 'Differentiation allows brands to stand out, and environmental labelling provides one way of doing this.'},"","Differentiation allows brands to stand out, and environmental labelling provides one way of doing this."
"EU Ecolabel scheme","A voluntary European Union label introduced in 1992 to make it easier for consumers to identify and choose green products, covering the whole life‑cycle from raw‑material extraction to disposal.",{'primary_category': 'revealing_potential_for_system_change', 'justification': 'Creates a voluntary, life‑cycle standard that can shift market dynamics toward greener production.', 'supporting_text': 'The EU introduced a voluntary Ecolabel scheme in 1992… designed to make it easier for consumers to identify and choose green products.'},"","the EU introduced a voluntary Ecolabel scheme in 1992. The Ecolabel was designed to make it easier for consumers to identify and choose green products and to encourage businesses, services and market products to advertise their environmental credentials."
"Plan A programme","Marks & Spencer’s £200 million initiative aimed at achieving carbon neutrality by cutting energy consumption and increasing the use of recycled materials.",{'primary_category': 'fostering_collective_action', 'justification': 'Marks &\u202fSpencer’s large‑scale corporate commitment mobilises resources to cut emissions and use recycled materials.', 'supporting_text': 'Marks & Spencer launched a £200\u202fmillion ‘Plan\u202fA’ programme to make the company carbon neutral…'},"","Marks & Spencer launched a £200 million 'Plan A' programme to make the company carbon neutral by cutting energy consumption and stocking more products from recycled materials."
"Green brands","Companies that market products with explicit environmental or sustainability attributes, often aligning with consumer demand for eco‑friendly goods.",{'primary_category': 'impacting_salience_and_social_acceptance', 'justification': 'The rapid growth of green brands made environmentally‑friendly consumption mainstream.', 'supporting_text': 'Many iconic green brands of today grew rapidly during the 1980s.'},"","Many iconic green brands of today grew rapidly during the 1980s... In 2007, Britain's leading businesses responded to a resurging green trend, with the supermarket chain Tesco announcing it would be labelling 70,000 products with details of its carbon footprint... Marks & Spencer launched a £200 mil..."
"green celebrity","A term that began to emerge regularly in the 2000s to describe the use of celebrity status to promote environmental issues and sell sustainability to a moderately interested public.",{'primary_category': 'fostering_collective_action', 'justification': 'The emergence of ‘green celebrity’ created a regular channel for celebrity influence to mobilise environmental action.', 'supporting_text': 'However, it was not until the 2000s that ‘green celebrity’ began to emerge with regularity.'},"","However, it was not until the 2000s that 'green celebrity' began to emerge with regularity. In May 2006, US Vanity Fair, a magazine of popular culture, fashion and politics, reflected popular environmental awareness when it published its 'Green Issue'..."
"global warming","A climatic phenomenon presented as a threat more serious than terrorism, prompting calls for societal transformation.",{'primary_category': 'impacting_salience_and_social_acceptance', 'justification': 'The cover framed global warming as a grave threat, elevating its prominence in public debate.', 'supporting_text': 'The cover described global warming as a threat graver than terrorism and called for ‘A New American Revolution’.'},"","The cover described global warming as a threat graver than terrorism and called for 'A New American Revolution'."
"sustainability","The practice of promoting environmentally responsible lifestyles and policies, marketed to the public through celebrity‑driven media such as Vanity Fair’s green issue.",{'primary_category': 'fostering_collective_action', 'justification': 'The Green Issue attempted to use celebrity appeal to sell sustainability, encouraging public engagement with sustainable practices.', 'supporting_text': 'The cover ... marked an attempt to use celebrity to sell sustainability to a moderately interested public.'},"","The cover described global warming as a threat graver than terrorism and called for 'A New American Revolution'. ... marked an attempt to use celebrity to sell sustainability to a moderately interested public."
"10:10 campaign","A movement that encouraged individuals, businesses and organisations to commit to reducing their carbon emissions, originally aiming for a 10 % reduction in the developed world’s emissions by the end ...",{'primary_category': 'fostering_collective_action', 'justification': 'The campaign mobilises individuals, businesses and organisations to cut emissions across many countries.', 'supporting_text': 'the 10:10 campaign, which encouraged individuals, businesses and organisations to commit to reducing their carbon emissions... had campaigns in more than forty countries'},"","This inspired Armstrong to found the 10:10 campaign, which encouraged individuals, businesses and organisations to commit to reducing their carbon emissions."
"Active Resistance","A project set up to encourage engagement with humanitarian and environmental issues.",{'primary_category': 'fostering_collective_action', 'justification': 'It is a project created to spur engagement with humanitarian and environmental issues.', 'supporting_text': 'set up ‘Active Resistance’ as a project to encourage engagement with humanitarian and environmental issues'},"","In 2005, the designer Vivenne Westwood (b. 1941) set up 'Active Resistance' as a project to encourage engagement with humanitarian and environmental issues."
"eco‑philosophy","An ecological philosophy promoted by a fashion designer that urges consumers not to buy new clothes as part of a broader environmental ethic.",{'primary_category': 'impacting_salience_and_social_acceptance', 'justification': 'The philosophy urges consumers not to buy new clothes, shaping attitudes toward consumption.', 'supporting_text': 'invited consumers not to buy new clothes as part of her new eco‑philosophy'},"","Westwood has supported the campaign to combat climate change and invited consumers not to buy new clothes as part of her new eco‑philosophy."
"eco‑chic","A fashion trend that makes environmentally friendly (green) products stylish and desirable.",{'primary_category': 'impacting_salience_and_social_acceptance', 'justification': 'The term describes a fashionable trend that makes ‘green’ appealing to the public.', 'supporting_text': 'contributing to an ‘eco‑chic’ trend in fashion'},"","The bag became so popular it sold out within an hour, contributing to an 'eco‑chic' trend in fashion."
"green identity","The self‑perception of being environmentally friendly, which may be disconnected from actual environmentally friendly behaviour.",{'primary_category': 'exposing_prevailing_condition', 'justification': 'The text points out a mismatch between self‑perceived ‘green’ identity and actual behaviour.', 'supporting_text': 'This discord between green identity and green action is bound up in people’s awareness'},"","This discord between green identity and green action is bound up in people's awareness of, and attitudes to, the environment."
"green action","Actual environmentally friendly behaviour, contrasted with the mere perception of being green.",{'primary_category': 'exposing_prevailing_condition', 'justification': 'The passage highlights that green‑labelled products still impact the environment.', 'supporting_text': 'just because a product is green, that does not mean it has no impact at all'},"","This discord between green identity and green action is bound up in people's awareness of, and attitudes to, the environment."
"sustainable living","A lifestyle approach that encourages and celebrates practices aimed at reducing environmental impact and presenting an inspiring vision of a sustainable future.",{'primary_category': 'fostering_collective_action', 'justification': 'Prince Charles’ ecotour aimed to inspire people to adopt practical sustainable practices.', 'supporting_text': 'to present an inspiring vision of a sustainable future and to assist people across the UK to take practical steps'},"","to promote an initiative to encourage and celebrate sustainable living. The aim of the initiative was to present an inspiring vision of a sustainable future and to assist people across the UK to take practical steps to lead more sustainable lives."
"organic agricultural system","An agricultural management approach that avoids synthetic inputs and emphasizes natural, organic methods.",{'primary_category': 'revealing_potential_for_system_change', 'justification': 'Conversion of a farm to organic agriculture demonstrates a systemic shift in land‑use practice.', 'supporting_text': 'converting the Duchy Home Farm ... to an organic agricultural system'},"","he began the process of converting the Duchy Home Farm, which is part of the estate, to an organic agricultural system."
"organic brand (Duchy Originals)","A brand that produces natural, organic products with the aim of protecting and sustaining the countryside and wildlife.",{'primary_category': 'revealing_potential_for_system_change', 'justification': 'Launching an organic brand signals market‑level change toward sustainable products.', 'supporting_text': 'launched his own organic brand, Duchy Originals'},"","In 1990, he launched his own organic brand, Duchy Originals, which embodies the Prince of Wales's commitment to producing natural, organic products while helping to protect and sustain the countryside and wildlife."
"Post-materialism","A shift in societal values from materialistic concerns (food, shelter, warmth) toward quality of life and spiritual development, making people more receptive to environmental issues.",{'primary_category': 'revealing_potential_for_system_change', 'justification': 'The concept explains a value shift that makes societies more receptive to environmental protection.', 'supporting_text': 'Ronald Inglehart (b. 1934) defined this phenomenon as ‘post-materialism’'},"","Ronald Inglehart (b. 1934) defined this phenomenon as 'post-materialism'. People with post-materialist values are more likely to be receptive to environmental issues."
"Post-materialist values","Values that prioritize quality of life and spiritual development over material needs, replacing materialistic values.",{'primary_category': 'revealing_potential_for_system_change', 'justification': 'These values are linked to higher receptivity to environmental issues.', 'supporting_text': 'People with post-materialist values are more likely to be receptive to environmental issues'},"","materialistic values have gradually been replaced by 'post-materialistic' values focused on quality of life and spiritual development."
"Low carbon","A term denoting reduced carbon emissions, increasingly used in public discourse and publications from the early 1990s onward.",{'primary_category': 'impacting_salience_and_social_acceptance', 'justification': 'Widespread use of the term helped keep the climate agenda visible to the public.', 'supporting_text': 'In the early 1990s, the term ‘low carbon’ was rarely used; by 2008 it could be found in over 4000 major world publications'},"","In the early 1990s, the term 'low carbon' was rarely used; by 2008 it could be found in over 4000 major world publications."
"Carbon footprint","A measure of the total greenhouse gas emissions associated with an individual, organization, or product, widely referenced in lifestyle articles and corporate reports by the late 2000s.",{'primary_category': 'impacting_salience_and_social_acceptance', 'justification': 'Ubiquity of the phrase embedded environmental considerations into everyday language.', 'supporting_text': 'Similarly, the term ‘carbon footprint’ had become ubiquitous in lifestyle articles and corporate reports by the late 2000s'},"","Similarly, the term 'carbon footprint' had become ubiquitous in lifestyle articles and corporate reports by the late 2000s."
"Second‑order issue","A public concern (here, the environment) that remains relatively stable but becomes less visible when more immediate, first‑order concerns dominate public attention.",{'primary_category': 'exposing_prevailing_condition', 'justification': 'Labeling the environment as second‑order highlights its marginalisation in public agendas.', 'supporting_text': 'Instead, the environment is a second-order issue, concern for which does not change, but is hidden when other firstorder public concerns are raised'},"","Instead, the environment is a second-order issue, concern for which does not change, but is hidden when other firstorder public concerns are raised (such as the economy, immigration and crime)."
"First‑order public concerns","Primary public issues that capture immediate attention, such as the economy, immigration, and crime, which can obscure secondary concerns like the environment.",{'primary_category': 'exposing_prevailing_condition', 'justification': 'Identifies competing priorities that can eclipse environmental attention.', 'supporting_text': 'instead ... is hidden when other firstorder public concerns are raised (such as the economy, immigration and crime)'},"","firstorder public concerns are raised (such as the economy, immigration and crime)."
"low-impact lifestyles","Lifestyles that minimise environmental impact and contribute less to greenhouse‑gas emissions, representing a shift away from high‑consumption, carbon‑intensive ways of living.",{'primary_category': 'fostering_collective_action', 'justification': 'Promoting low‑impact lifestyles is presented as a target for collective behavioural change.', 'supporting_text': 'make the transition to low‑impact lifestyles.'},"","This widespread variation in public understanding, knowledge and attitudes to climate change demonstrates that further effort needs to be made by the environmental movement, government and businesses if the mainstream are to be persuaded to change their behaviour and make the transition to low-impac..."
"top‑down mass information and awareness campaigns","A top‑down approach that uses intensive, time‑limited, and often expensive campaigns directed at the whole population to ‘educate’ the public by providing information on environmentally friendly decis...",{'primary_category': 'undermining_changes_and_progress', 'justification': 'The text criticises these campaigns as intensive, short‑lived, expensive and misaligned with public perceptions.', 'supporting_text': 'Such campaigns tend to be intensive, limited in time and expensive. The top‑down approach has been criticised for misunderstanding public perceptions.'},"","Approaches to achieving environmentally friendly behavioural change include top-down mass information and awareness campaigns directed at the whole population. These campaigns aim to 'educate' the public by providing information on environmentally friendly decisions and behaviours."
"top‑down approach","A strategy in which authorities or organisations deliver information and guidance from a central authority to the public, often criticised for misunderstanding public perceptions and not addressing un...",{'primary_category': 'undermining_changes_and_progress', 'justification': 'The approach is portrayed as a source of misunderstanding and mistrust, hindering effective change.', 'supporting_text': 'The top‑down approach has been criticised for misunderstanding public perceptions.'},"","The top-down approach has been criticised for misunderstanding public perceptions of issues. Factors that might influence a decision are often not addressed."
"environmentally friendly behavioural change","The process of altering individual attitudes and actions toward choices that reduce environmental degradation, such as changes in food consumption, energy use, and personal travel.",{'primary_category': 'fostering_collective_action', 'justification': 'It is identified as a central goal that requires coordinated action and understanding.', 'supporting_text': 'Approaches to achieving environmentally friendly behavioural change include top‑down mass information and awareness campaigns.'},"","Approaches to achieving environmentally friendly behavioural change include top-down mass information and awareness campaigns directed at the whole population."
"sustainable goods and services","Products and services perceived as environmentally sustainable, often viewed by the public as being more expensive, which can hinder their adoption.",{'primary_category': 'exposing_prevailing_condition', 'justification': 'Perceived high cost of sustainable goods is highlighted as a barrier to adoption.', 'supporting_text': 'people’s perception of sustainable goods and services as being more expensive'},"","people's perception of sustainable goods and services as being more expensive; lack of awareness about how to become more sustainable; and mistrust of government bodies, environmental organisations and businesses that promote lifestyle changes."
"public understanding of climate change","The collective level of knowledge, awareness, and attitudes that the general public holds regarding the causes, impacts, and seriousness of climate change.",{'primary_category': 'exposing_prevailing_condition', 'justification': 'The variation in public understanding is presented as a diagnostic problem needing remedy.', 'supporting_text': 'This widespread variation in public understanding, knowledge and attitudes to climate change demonstrates that further effort needs to be made...'},"","This widespread variation in public understanding, knowledge and attitudes to climate change demonstrates that further effort needs to be made by the environmental movement, government and businesses if the mainstream are to be persuaded to change their behaviour..."
"selling the sausage approach","A marketing concept that focuses on promoting the desirable sounds and smells (the “sizzle”) rather than the product itself; applied to environmental issues, it is seen as failing to deliver the funda...",{'primary_category': 'exposing_prevailing_condition', 'justification': 'Critiqued as an ineffective marketing model that sustains disharmony with nature.', 'supporting_text': 'There is increasing recognition that the ‘selling the sausage’ approach to environmental issues is not delivering the fundamental changes required.'},"","In the 1940s, US salesman Elmer Wheeler advised businesses on his 'Don't sell the sausage, sell the sizzle!' marketing approach. Wheeler's secret to successful selling was not to advertise the sausage itself, but to focus on the desirable sounds and smells of the 'sizzle'... There is increasing reco..."
"value-action gap","The inconsistency where individuals' positive attitudes toward green behaviour do not translate into actual environmentally friendly actions.",{'primary_category': 'exposing_prevailing_condition', 'justification': 'Highlights the weak link between green attitudes and actual behaviour.', 'supporting_text': 'Evidence suggests that the correlation between green attitudes, knowledge and actual behaviour is often weak, with environmental attitudes being a poor predictor.'},"","This inconsistent 'value-action' gap is where attitudes to green behaviour differ from actual behaviour."
"green lifestyle","A way of living that is perceived as environmentally friendly; however, there is widespread confusion about what constitutes a green lifestyle, with many people believing they already live green despi...",{'primary_category': 'fostering_collective_action', 'justification': 'Framed as a target for collective behavioural change toward easier, affordable options.', 'supporting_text': 'A greener lifestyle has to be an easier, convenient and cheaper option for everyone if people are to be encouraged ...'},"","This confusion about what a green lifestyle actually entails is evident in the responses to a 2009 UK survey on the issue. A green lifestyle was no longer seen as an alternative lifestyle by half of the respondents... the majority of respondents (61 per cent) felt it was worth doing environmentally ..."
"green heaven","A compelling, positive vision of a greener future that makes sustainable behaviour attractive and demonstrates that transitioning to a low‑carbon society improves quality of life for everyone.",{'primary_category': 'fostering_collective_action', 'justification': 'Proposes an appealing vision that can mobilise public support for green behaviour.', 'supporting_text': 'The challenge of the environmental movement is to communicate a vision that sells a ‘green heaven’; ... demonstrates that a transition to a low-carbon society ultimately means a better quality of life.'},"","The challenge of the environmental movement is to communicate a vision that sells a 'green heaven'; one that puts the sizzle back into green behaviour and demonstrates that a transition to a low-carbon society ultimately means a better quality of life for everyone."
"low-carbon society","A societal model characterized by reduced carbon emissions, presented as delivering a better quality of life when achieved through sustainable transitions.",{'primary_category': 'revealing_potential_for_system_change', 'justification': 'Identified as the systemic outcome of successful green transitions.', 'supporting_text': '... demonstrates that a transition to a low-carbon society ultimately means a better quality of life for everyone.'},"","The challenge of the environmental movement is to communicate a vision that sells a 'green heaven'... and demonstrates that a transition to a low-carbon society ultimately means a better quality of life for everyone."
