Name,Type,Role,Country,Description,Supporting_Text
"Residents of Afton","Indigenous and local communities","Protested against the construction of a hazardous waste site","United States","Predominantly Black community in Warren County, North Carolina, USA. Residents of Afton, a predominantly black community in North Carolina, USA.","1982 Residents of Afton, a predominantly black community, protest against the construction of a hazardous waste site in North Carolina"
"Brandt Commission","Organization","Published the report *Common Crisis* in 1983","None","An international commission chaired by former German Chancellor Willy Brandt that examined North‑South economic relations and development‑environment linkages. International commission that examined g...","1983 Brandt Commission publishes Common Crisis"
"Union Carbide","Organization","Operated the plant where the 1984 Bhopal disaster occurred","India","A multinational chemical corporation responsible for the 1984 Bhopal disaster. Multinational chemical corporation responsible for the Bhopal disaster.","1984 Union Carbide Bhopal disaster occurs in India"
"Friends of the Earth","NGO","Launched its first UK campaign on acid rain in 1984","United Kingdom","International environmental NGO. International network of environmental organizations founded in 1969.","Friends of the Earth launches its first UK campaign on acid rain"
"Greenpeace","NGO","Part of the wave of new NGOs that shaped the early planetary health movement.","International","A global environmental organization known for direct‑action campaigns. A highly centralised environmental organisation that relies on individual members and supporters for funding and independence. An...","Greenpeace (est. 1971)"
"French Intelligence","Government","Blown up Greenpeace’s *Rainbow Warrior* vessel in 1985","France","French state intelligence services","1985 Greenpeace's Rainbow Warrior is blown up by French Intelligence in Auckland, New Zealand"
"UK government","Government","Accepted the link between British air pollution and Scandinavian acid rain in 1986","United Kingdom","National government of the United Kingdom. The central governing authority of the United Kingdom. The central government of the United Kingdom. The central government of the United Kingdom, including ...","1986 ... UK government accepts link between British air pollution and Scandinavian acid rain"
"Brundtland Commission","Organization","Published *Our Common Future* in 1986","None","World Commission on Environment and Development chaired by Gro Harlem Brundtland","1986 ... Brundtland Commission publishes Our Common Future"
"US United Church of Christ's Commission for Racial Justice","NGO","Published *Toxic Wastes and Race* in 1986","United States","Commission of the United Church of Christ focused on racial justice and environmental issues","1986 ... US United Church of Christ's Commission for Racial Justice publishes Toxic Wastes and Race"
"Robert Costanza","Individual","Estimated the annual global value of ecosystem services at US$16‑54 trillion, highlighting the economic significance of non‑marketed environmental benefits.","United States","Ecological economist who helped develop modern ecological economics. Ecological economist who, with colleagues, produced early large‑scale estimates of the monetary value of global ecosystem services....","However, in the late 1980s Robert Costanza and colleagues attempted to estimate the value of ecosystem services provided by the Earth's biosphere."
"Monsanto","Organization","Undertook its first genetically modified (GM) field trials in 1987","None","Agricultural biotechnology corporation","1987 Monsanto undertakes its first GM field trials"
"Intergovernmental Panel on Climate Change (IPCC)","Organization","Provides authoritative scientific assessments that underpin climate negotiations and the establishment of the UNFCCC; its reports have driven policy action and earned a Nobel Peace Prize.","International","An intergovernmental body established by the United Nations to assess the science related to climate change. An international intergovernmental body that assesses scientific information related to cli...","The scientific support is provided by the Intergovernmental Panel on Climate Change (IPCC), created in 1988 by the WMO and UNEP."
"MiljOpartiet de Grona","Organization","Became the first new political party to enter the Swedish parliament in 1988","Sweden","Swedish Green Party (Miljöpartiet de Gröna)","MiljOpartiet de Grona is the first new political party to enter the Swedish parliament for seventy years"
"Exxon","Organization","Responsible for the 1989 Exxon Valdez oil spill in Alaska","United States","American multinational oil and gas corporation (operator of the Exxon Valdez tanker)","1989 Exxon Valdez oil spill occurs in Alaska"
"Swedish government","Government","Established the Stockholm Environment Institute in 1989","Sweden","National government of Sweden","Swedish government establishes the Stockholm Environment Institute as an international environment development research institute"
"Stockholm Environment Institute","Organization","Founded by the Swedish government in 1989","Sweden","International research institute for environment and development based in Sweden","Swedish government establishes the Stockholm Environment Institute as an international environment development research institute"
"Time magazine","Organization","Declared *Endangered Earth* as Planet of the Year in 1989","United States","American weekly news magazine","1989 ... US Time magazine declares Endangered Earth as Planet of the Year"
"Sting","Individual","Established Rainforest Foundation International in 1989","United Kingdom","British musician and activist.","British musician Sting establishes Rainforest Foundation International"
"European Union","Government","Introduced a voluntary eco‑labelling scheme in 1992","European Union","A supranational political and economic union of European member states. A supranational political and economic union of European member states that commissioned a 2009 study on European public concern...","1992 ... European Union introduces a voluntary Eco-labelling scheme"
"US President Clinton","Individual","Signed an Executive Order reinforcing civil rights and environmental laws in 1994","United States","Bill Clinton, President of the United States (1993‑2001)","1994 US President Clinton signs an Executive Order reinforcing civil rights and environmental laws"
"World Bank","Organization","Target of protests that argue its policies can endanger global development and the environment.","International","An international development bank that provides financial and technical assistance to developing countries. International development bank that offers financial and technical assistance to developing ...","This campaign brought together campaigners from trade justice, development and environment communities to protest against the policies of the International Monetary Fund (IMF), World Bank and World Trade Organization (WTO)."
"Finnish Greens","Organization","Became the first party in Western Europe to enter a national government in 1995","Finland","Green political party of Finland","1995 ... Finnish Greens become the first party in Western Europe to enter a national government"
"UK Forum for the Future","Organization","Established in 1996","United Kingdom","British sustainability think‑tank and NGO","1996 UK Forum for the Future is established"
"Reclaim the Streets","NGO","Organised and took part in road protest camps and direct‑action campaigns against road‑building projects.","United Kingdom","A grassroots activist network that stages public demonstrations against car‑centric urban planning and corporate power. International activist network focused on reclaiming public space. UK‑based acti...","Newly established non-violent direct action groups such as Earth First! (a US import) and Reclaim the Streets organised, or were present at, many road protest camps."
"UK Commission on Sustainable Development","Organization","Established in 2000","United Kingdom","UK government advisory body on sustainable development","2000 UK Commission on Sustainable Development is established"
"Al Gore","Individual","Produced the Oscar‑winning documentary *An Inconvenient Truth* (2006) and held a Live Earth concert in 2007","United States","Former U. S. Vice President and climate advocate. Vice President and environmental advocate.","2006 Al Gore produces the Oscar-winning climate change documentary film An Inconvenient Truth"
"UNEP","Organization","Played an active role in initiating many multilateral environmental agreements (MEAs) discussed in the text.","International","United Nations Environment Programme, an international agency promoting environmental sustainability. United Nations Environment Programme, the UN agency responsible for coordinating environmental act...","Over 300 have been created since UNCHE, with UNEP taking an active role in initiating many of them."
"Tim Jackson","Individual","Published *Prosperity Without Growth* in 2009","United Kingdom","British ecological economist and author. Economist and author of *Prosperity Without Growth* (2009).","2009 Tim Jackson publishes Prosperity Without Growth"
"University of East Anglia","Organization","Dealt with the implications of the ‘climategate’ email scandal in 2009","United Kingdom","British university hosting the CRU. British university that hosts the Climatic Research Unit.","University of East Anglia deals with the implications of 'climategate' email scandal"
"US President Obama","Individual","Introduced the Climate Change Bill in 2010","United States","Barack Obama, President of the United States (2009‑2017)","2010 US President Obama introduces the Climate Change Bill"
"BP","Organization","Responsible for the Deepwater Horizon oil spill in the Gulf of Mexico in 2010","United Kingdom","British multinational oil and gas company. British multinational oil and gas company (formerly British Petroleum).","2010 ... BP Deepwater Horizon oil spill in the Gulf of Mexico"
"Caroline Lucas","Individual","Elected as Britain’s first Green Party Member of Parliament in 2010","United Kingdom","British politician, first Green Party Member of Parliament in the UK. British politician, member of the Green Party.","2010 ... Caroline Lucas is elected as Britain's first Green Party Member of Parliament"
"Friends of the Earth (FoE)","NGO","Led a campaign against the reprocessing of spent nuclear fuels, influencing public debate and policy on nuclear waste in the UK.","United Kingdom","A campaign group founded in the early 1970s that mobilizes public support and advocacy for environmental protection. Environmental non‑governmental organization that campaigns on ecological issues. In...","FoE led a campaign against the reprocessing of spent nuclear fuels, claiming it would turn the UK into a nuclear dustbin for the world."
"Natural Resources Defense Council (NRDC)","Organization","Founded as an early environmental campaign group, it contributes legal expertise and scientific analysis to advance governance that accounts for nature's wellbeing.","None","A U.S.‑based environmental advocacy organization founded in the early 1970s, focusing on legal and scientific approaches to protect natural resources.","In just three years between 1969 and 1972, the campaign groups Friends of the Earth (FoE), Greenpeace and the Natural Resources Defense Council (NRDC) were founded;"
"Max Weber","Individual","Provided early sociological insight that nature enjoyment is not a modern invention, influencing later environmental thought.","Germany","German sociologist (1864‑1920) who wrote about the relationship between humanity and nature.","German sociologist Max Weber (1864-1920) wrote"
"Hippocrates","Individual","Offered one of the earliest recorded connections between environmental conditions and human health, a conceptual precursor to planetary health.","Greece","370 BC) who linked climate to human health. 377 BC) who linked climate, food, and occupation to disease. 460‑c. 460 – c. Ancient Greek physician (c.","Hippocrates (ca. 460 - ca. 377 BC) noted the effects of food, occupation and climate in causing disease"
"Rachel Carson","Individual","Catalyzed the modern environmental movement by exposing the ecological dangers of pesticides and linking them to broader threats such as nuclear fallout.","United States","American marine biologist and author of *Silent Spring* (1962). Biologist and writer who synthesized scientific evidence on pesticides for the book *Silent Spring*.","Rachel Carson's book Silent Spring (1962) was among the first to link the dangers of the atomic bomb to the misuse of pesticides"
"Garrett Hardin","Individual","Introduced a key theoretical framework for understanding collective resource use, shaping policy debates on environmental governance.","United States","American ecologist and author of *The Tragedy of the Commons* (1968). American ecologist and author of “The Tragedy of the Commons”. American ecologist and philosopher best known for formulating the ‘...","'The Tragedy of the Commons' (Garrett Hardin, 1968)"
"E. F. Schumacher","Individual","Advocated for sustainable, human‑scale economics, influencing green alternatives and the broader sustainability discourse.","Germany","German-born economist and author of *Small is Beautiful* (1973).","Small is Beautiful (E. F. Schumacher, 1973)"
"Union Oil Company","Organization","Its 1969 oil platform explosion caused a massive spill that became a high‑visibility case for environmental activism and regulatory reform.","United States","American oil company that operated offshore platforms on the California coast.","an explosion on the Union Oil Company oil platform, six miles off the coast of Santa Barbara in California"
"New York Times","Organization","Forecasted the lasting impact of environmental institutions, helping to shape public perception and political will for environmental governance.","United States","Major U.S. newspaper.","All this has helped give environmentalism a permanence that has transcended the decades, much as the New York Times predicted."
"The Ecologist","Organization","Published *A Blueprint for Survival* (1972), an early manifesto that mobilised public opinion and informed the emerging environmental movement.","United Kingdom","British environmental magazine. Environmental magazine founded by Edward Goldsmith in the UK.","'A Blueprint for Survival' (The Ecologist, 1972)"
"National Trust","Organization","Acquired early properties and land in the Lake District to protect natural landscapes and prevent further damming.","United Kingdom","A UK‑based conservation charity founded in 1895 that purchases and manages land of natural beauty. Conservation charity protecting historic places and natural landscapes in the UK. The largest environ...","In the UK, the National Trust (est. 1895) purchased many of its early properties and land in the Lake District shortly after Thirlmere reservoir was built to supply water to Manchester."
"Sierra Club","Organization","Waged a long campaign against the city of San Francisco to stop a dam in the Hetch Hetchy Valley, using letter‑writing and pamphlet distribution to influence Congress.","United States","One of the United States’ oldest environmental NGOs, founded in 1892. One of the oldest and largest grassroots environmental organizations in the United States. S. U. environmental organization.","In the USA, the Sierra Club (est. 1892) waged a long campaign against the city of San Francisco to stop a dam being built in the Hetch Hetchy Valley in Yosemite National Park."
"John Muir","Individual","Provided photographs and writings for Sierra Club pamphlets that promoted the beauty of Yosemite and helped persuade legislators.","United States","Naturalist and founder of the Sierra Club (1838‑1914).","The pamphlets promoted the romance and beauty of Yosemite, and contained photos and writing by John Muir (1838-1914), founder of the Sierra Club."
"Society for the Promotion of Nature Reserves","Organization","Compiled lists of areas deserving protection and raised funds to purchase land for conservation.","United Kingdom","A UK conservation group established in 1912 that later became the Wildlife Trust.","In the UK, the Society for the Promotion of Nature Reserves (est. 1912), later to become the Wildlife Trust, compiled a list of areas that deserved protection and raised money to purchase land."
"Royal Society for the Protection of Birds (RSPB)","Organization","Managed a growing network of nature reserves, eventually overseeing fifteen reserves by 1941.","United Kingdom","A UK bird‑conservation charity founded in 1889. UK charity dedicated to bird conservation and wider environmental protection.","The Royal Society for the Protection of Birds (RSPB) (est. 1889) did not purchase its first nature reserves until 1930, but by 1941 it was managing fifteen reserves."
"Council for the Preservation of Rural England (CPRE)","Organization","Focused on the planning system and secured early statutory restrictions on town and country development.","United Kingdom","A British advocacy group founded in 1926, now known as the Campaign to Protect Rural England.","In the 1930s and 1940s, the Council for the Preservation of Rural England (CPRE) (est. 1926; now the Campaign to Protect Rural England) focused on the planning system and secured early restrictions to town and country development through Acts of Parliament."
"National Audubon Society","Organization","Led early campaigns against hunting for bird plumage, mirroring UK efforts to stop the use of plumes in women’s hats.","United States","A US bird‑conservation organization founded in 1905, named after naturalist John James Audubon. S. U. organization dedicated to bird conservation and habitat protection.","The National Audubon Society (est. 1905) took its name from John James Audubon, the author of Birds of America (1840)."
"Izaak Walton League","Organization","One of the early twentieth‑century environmental NGOs that campaigned for wildlife and habitat protection.","United States","An American conservation organization founded in 1922. S. U. conservation organization focused on wildlife and natural resources.","Other environmental organisations active today, but established in the first half of the twentieth century, include the Izaak Walton League (est. 1922)..."
"The Wilderness Society","Organization","Participated in early twentieth‑century campaigns to conserve wild lands.","United States","A US nonprofit founded in 1935 dedicated to protecting wilderness areas.","...the Wilderness Society (est. 1935)..."
"National Wildlife Federation","Organization","Engaged in early environmental advocacy and land‑conservation efforts.","United States","A US conservation organization founded in 1936. One of the largest wildlife‑conservation organisations in the United States. S. U. conservation organization.","...National Wildlife Federation (est.1936)..."
"Defenders of Wildlife","Organization","Joined the wave of mid‑twentieth‑century environmental groups campaigning for species protection.","United States","A US wildlife‑conservation NGO founded in 1947.","...Defenders of Wildlife (est. 1947)."
"American Students for a Democratic Society","Organization","Recruited members across university campuses and contributed to the broader counter‑cultural climate that gave rise to the modern environmental movement.","United States","A US student activist organization active in the 1960s.","the American Students for a Democratic Society recruited members across university campuses."
"World Wildlife Fund","NGO","One of the first major environmental NGOs that helped launch the modern planetary health movement.","Switzerland","International conservation organization founded in Switzerland in 1961, now known as the World Wide Fund for Nature.","World Wildlife Fund in Switzerland (WWF) (est. 1961; now the World Wide Fund for Nature)"
"Environmental Defense Fund","NGO","Filed lawsuits to halt environmentally harmful projects and campaigned for a national DDT ban.","United States","U.S. environmental organization founded in 1967, active in litigation and policy advocacy.","Environmental Defense Fund (EDF) (est. 1967)"
"Natural Resources Defense Council","NGO","Participated in early legal actions and policy campaigns for stricter pollution control.","United States","A US‑based environmental advocacy organisation with a large online activist community. S. U. environmental advocacy group founded in 1970.","NRDC (est. 1970)"
"Tom Burke","Individual","Described himself as an ‘environmental politician’ and helped shape FoE UK’s advocacy strategy.","United Kingdom","Director of Friends of the Earth UK from 1975 to 1979.","Tom Burke, Director of FoE UK (1975-79), described himself as an 'environmental politician'."
"Les Amis de la Terre","NGO","Fielded a candidate for the Mouvement d'Ecologie Politique in the 1981 French presidential election.","France","French branch of Friends of the Earth.","FoE UK's sister group in France, Les Amis del la Terre, fielded Brice Lalonde (b. 1946) as a candidate for the Mouvement d'Ecologie Politique"
"Brice Lalonde","Individual","Ran as a candidate for the Mouvement d'Ecologie Politique in the 1981 French presidential election.","France","French environmental activist and politician, born 1946.","Les Amis del la Terre, fielded Brice Lalonde (b. 1946) as a candidate for the Mouvement d'Ecologie Politique"
"Mouvement d'Ecologie Politique","Organization","Provided a political platform for environmental candidates such as Brice Lalonde.","France","French green political party formed in the early 1980s.","fielded Brice Lalonde (b. 1946) as a candidate for the Mouvement d'Ecologie Politique"
"Miljöpartiet de gröna","Organization","Secured parliamentary seats, bringing environmental issues to the national political agenda and demonstrating the viability of green parties.","Sweden","Sweden's Green Party, one of the first green parties to achieve national electoral success in Europe.","Sweden's Miljöpartiet de grõna was among the first green parties to secure national electoral success in Europe."
"Finnish Green League (Vihreä liitto)","Organization","Achieved parliamentary representation and became the first green party in Western Europe to join a national government, advancing environmental policy at the state level.","Finland","Finland's green political party that gained parliamentary recognition and entered a national government.","the Finnish Green League (Vihreä liitto) secured parliamentary recognition in 1991, and became the first green party in Western Europe to enter a national government in 1995."
"Mikhail Gorbachev","Individual","His leadership period provided a context in which environmental activism was used as a relatively safe means to criticize the Soviet regime, influencing green mobilization in communist countries.","Soviet Union","Leader of the Soviet Union from 1988 to 1991.","During the Soviet leadership of Mikhail Gorbachev (b. 1931) (1988-91), environmental activism in communist countries was seen as a safe way of criticising the Soviet regime"
"Bündnis 90/Die Grünen","Organization","Serves as the primary parliamentary vehicle for green politics in Germany, influencing legislation on economic growth, nuclear power, and social justice.","Germany","Germany's most successful environment‑focused political party, formed from a merger of West and East German green groups.","The most successful European environment-focused political party is Bündnis 90/Die Grünen, which grew out of a partnership of the West German Green Party (est. 1979) and an East German alliance of parties in 1993."
"West German Green Party","Organization","Provided the foundational platform and grassroots activism that later evolved into the national German Green party.","Germany","The original green party founded in West Germany in 1979, later merged into Bündnis 90/Die Grünen.","the West German Green Party (est. 1979) ... grew out of a partnership of the West German Green Party (est. 1979) and an East German alliance of parties in 1993."
"Petra Kelly","Individual","Helped establish the German Green movement and engaged in international political campaigning, notably in the USA.","Germany","Co‑founder of the West German Green Party and early green activist.","Petra Kelly (1947-92), one of its founders, was involved in political campaigning in the USA."
"Daniel Cohn‑Bendit","Individual","Acts as a leading advocate for green politics across France and Germany, linking historic student activism to contemporary environmental movements.","France","Prominent green campaigner in France and Germany, former student leader of the 1968 protests.","Daniel Cohn-Bendit (b. 1945), now a leading green campaigner in France and Germany, was a student leader involved in the 1968 attempt to overthrow the French government."
"Joschka Fischer","Individual","Participated in radical and revolutionary groups of the 1960s‑70s and later helped bring green ideas into mainstream German politics.","Germany","German politician, future Foreign Minister and Vice Chancellor, early member of the green movement.","He, along with Joschka Fischer (b. 1948), a future Foreign Minister and Vice Chancellor of Germany, were associated with a number of radical and revolutionary groups in the 1960s and 1970s."
"Green Party of England and Wales","Organization","Advocated anti‑nuclear positions and contributed to environmental campaigning, though with limited electoral success.","United Kingdom","UK political party that evolved from the People Party (1975) → Ecology Party (1975) → Green Party of England and Wales (1990).","The People Party, which changed its name to the Ecology Party in 1975 and later to the Green Party of England and Wales in 1990, held explicit anti-nuclear stances but had little electoral impact."
"Campaign for Nuclear Disarmament (CND)","NGO","Co‑organised a large anti‑nuclear protest in the UK after the Chernobyl disaster.","United Kingdom","British advocacy group campaigning for nuclear disarmament and non‑violent conflict resolution.","FoE and the Campaign for Nuclear Disarmament (CND) organised a protest in the UK attended by 100,000 people."
"UK Conservative government","Government","Its declining popularity contributed to public opposition to nuclear power and environmental policies.","United Kingdom","The ruling centre‑right party and its administration in the United Kingdom during the late 1980s.","a decline in the popularity of the UK Conservative government, driven by growing opposition to the Community Charge, also known as the Poll Tax, was combined with public concern over nuclear power and the depletion of the ozone layer."
"Sara Parkin","Individual","Mobilised public discontent over nuclear energy and environmental issues in the late 1980s.","United Kingdom","Co‑secretary and spokesperson for the UK Green Party, environmental activist and politician.","Sara Parkin (b. 1946), co-secretary and spokesperson for the UK Green Party, was able to mobilise this discontent."
"UK Green Party","Organization","Gained significant voter support in the 1989 European Parliamentary Elections and later entered national government coalitions.","United Kingdom","Political party in the United Kingdom focused on ecological sustainability, social justice and grassroots democracy. Political party in the United Kingdom that promotes green politics and sustainabili...","In the 1989 European Parliamentary Elections, the UK Green Party won the support of 2.2 million people - equivalent to 15 per cent of the vote."
"European green parties","Coalition","Collaborate in national government coalitions and hold a strong presence in the European Parliament.","Europe","Collective of Green political parties across Europe.","Today, European green parties collaborate in national government coalitions and have a strong presence in the European Parliament."
"World Wide Fund for Nature (WWF)","NGO","Co‑led global environmental campaigns and pioneered modern fundraising strategies for conservation projects.","International","International conservation organization focused on protecting wildlife and habitats.","Greenpeace, FoE and WWF were at the forefront of many of these campaigns, aimed at influencing national governments and global institutions such as the UN."
"United Nations (UN)","Organization","Target of global environmental campaigns seeking policy influence on ecological issues.","International","International intergovernmental organization created in 1945 to provide a forum for global cooperation. International intergovernmental organization overseeing global environmental governance. Interna...","Greenpeace, FoE and WWF were at the forefront of many of these campaigns, aimed at influencing national governments and global institutions such as the UN."
"Sir Julian Huxley","Individual","Publicised habitat destruction in East Africa through newspaper articles, raising awareness of wildlife extinction risks.","United Kingdom","British biologist and first Director‑General of UNESCO, influential in early wildlife conservation advocacy.","British biologist Sir Julian Huxley (1887-1975), first Director General of the UN Educational, Scientific and Cultural Organization (UNESCO), undertook a wildlife conservation trip to East Africa."
"UN Educational, Scientific and Cultural Organization (UNESCO)","Organization","Employed Sir Julian Huxley as its first Director‑General, linking scientific expertise to global conservation efforts.","International","UN specialized agency promoting education, science and culture worldwide.","British biologist Sir Julian Huxley (1887-1975), first Director General of the UN Educational, Scientific and Cultural Organization (UNESCO), undertook a wildlife conservation trip to East Africa."
"Max Nicholson","Individual","Mobilised scientists and communications experts to establish the international conservation organisation WWF.","United Kingdom","British conservationist and Director General of Britain's Nature Conservancy.","Max Nicholson (1904-2003), Director General of Britain's Nature Conservancy, gathered together a group of scientists and advertising and public relations experts, all committed to establishing an international organisation that became known as WWF."
"Britain's Nature Conservancy","Government","Provided leadership and resources that enabled the creation of WWF as an international conservation body.","United Kingdom","UK government agency responsible for nature conservation and wildlife protection.","Max Nicholson (1904-2003), Director General of Britain's Nature Conservancy, gathered together a group of scientists and advertising and public relations experts, all committed to establishing an international organisation that became known as WWF."
"Don't Make a Wave Committee","Organization","Organised the chartering of the ship named Greenpeace to protest US nuclear testing at Amchitka Island.","Canada","Early anti‑nuclear activist group formed in Vancouver, Canada, precursor to Greenpeace.","The group called themselves the Don't Make a Wave Committee (est. 1970), and decided the best way they could stop the nuclear tests was to charter a ship to sail from Vancouver into the test zone."
"Save the Whale","Other","Serves as a focal campaign to mobilise groups around whale protection and raise public awareness.","None","A signature campaign used by many environmental groups since the 1970s.","Since the 1970s, Save the Whale has been a signature campaign for many groups."
"US government","Government","Lobbied internationally, contributing to the International Whaling Commission’s decision to ban commercial whaling.","United States","Federal authorities of the United States of America.","Following lobbying by the US government among others, the International Whaling Commission finally took the decision to ban commercial whaling in 1982"
"French Intelligence Agency","Government","Planted a limpet mine on the Greenpeace vessel Rainbow Warrior to prevent protests against French nuclear testing.","France","France’s intelligence service that carried out covert operations abroad.","Later it emerged that the mine had been planted by the French Intelligence Agency to prevent Greenpeace from protesting against French nuclear testing in Moruroa Atoll."
"French government","Government","Perceived Greenpeace’s anti‑nuclear campaigns as a threat to national interests, leading to covert sabotage of the organization’s vessel.","France","National authorities of France.","demonstrated the extent to which the French government perceived Greenpeace campaigns as damaging to national interests."
"Friends of the Earth International (FoE International)","NGO","Coordinated international campaigns on developing‑world issues such as tropical‑forest protection and linked environmental concerns with human‑rights and development agendas.","None","A global confederation of environmental groups, originally comprising 31 member organisations.","In 1986 FoE International had a confederation of thirty-one member groups, many of which existed and campaigned in their own right before becoming affiliated to the global network."
"US environmental justice movement","Coalition","Mobilised communities against polluting projects and highlighted the intersection of environmental and civil‑rights struggles.","United States","Grassroots movement in the United States linking environmental concerns with racial and social justice.","The US environmental justice and the UK anti-roads movements emerged in response to planning decisions that appeared to give priority to private or government interests over community interests."
"UK anti‑roads movement","Coalition","Organised protests and alliances that challenged infrastructure plans perceived to favour private or governmental interests over local communities.","United Kingdom","British grassroots network opposing road‑building projects, drawing on countercultural and direct‑action traditions.","The US environmental justice and the UK anti-roads movements emerged in response to planning decisions that appeared to give priority to private or government interests over community interests."
"United Church of Christ's Commission for Racial Justice","Organization","Published the study “Toxic Wastes and Race” (1987) that exposed environmental racism and helped galvanize the U.S. environmental justice movement.","United States","Commission within the United Church of Christ that focuses on racial justice issues.","In 1987, the United Church of Christ's Commission for Racial Justice published Toxic Wastes and Race."
"Bill Clinton","Individual","Signed a 1994 Executive Order reinforcing civil rights and environmental laws and requiring federal agencies to consider environmental justice in their work.","United States","42nd President of the United States (1993‑2001).","In 1994, President Bill Clinton recognised the importance of this issue when he signed an Executive Order reinforcing civil rights and environmental laws and requiring federal regulatory agencies to consider environmental justice in all their work."
"Global Witness","NGO","Works on the intersection of resource exploitation, human rights and environmental justice.","United Kingdom","International investigative NGO that exposes links between natural‑resource trade, human‑rights abuses, corruption and conflict.","So too are specialist groups such as Global Witness (est. 1993), which tackles the links between trade in natural resources, human rights abuses, corruption and conflict."
"Margaret Thatcher","Individual","Delivered a speech on climate change at the United Nations, signalling high‑level political attention to environmental matters.","United Kingdom","Conservative Prime Minister of the United Kingdom (1979‑1990).","the Conservative Prime Minister Margaret Thatcher gave a speech on climate change at the UN."
"British Government","Government","Published the 1990 White Paper “This Common Inheritance”, the first UK-wide environmental policy document.","United Kingdom","Central government of the United Kingdom. The United Kingdom's central government.","A year later, the British Government published This Common Inheritance (1990), the first ever White Paper on the environment."
"Conservative government (UK)","Government","Proposed the large‑scale road‑building programme “Roads for Prosperity” (1989), which triggered extensive environmental opposition.","United Kingdom","UK government led by the Conservative Party during the late 1980s and early 1990s.","A less welcome development for environmentalists was the Conservative government's plans for the 'largest road-building programme in the UK since the Romans', set out in the 1989 transport White Paper Roads for Prosperity (1989)."
"Department for Transport","Government","Targeted in legal action by Friends of the Earth, Greenpeace and other groups over road‑building projects.","United Kingdom","UK government department responsible for transport policy and infrastructure.","During this campaign, FoE, Greenpeace and other environmental groups took the Department for Transport to the UK High Court"
"UK High Court","Other","Served as the judicial venue for environmental groups' lawsuit against the Department for Transport.","United Kingdom","Senior court of England and Wales.","During this campaign, FoE, Greenpeace and other environmental groups took the Department for Transport to the UK High Court"
"Labour Government (UK)","Government","Cancelled the large road‑building programme originally launched by the Conservative government.","United Kingdom","UK government formed by the Labour Party after the 1997 general election.","the Conservative government's road-building programme was scaled down over time and eventually cancelled in 1997 by the incoming Labour Government."
"CPRE (Campaign to Protect Rural England)","Organization","Co‑founded the Transport Reform Group to lobby against further road building.","United Kingdom","UK charity campaigning for the protection and improvement of the English countryside.","Other groups, including CPRE, formed the Transport Reform Group and lobbied against further road building"
"Transport Reform Group","Coalition","Lobbied against the Conservative government's road‑building plans and promoted alternative transport solutions.","United Kingdom","Coalition of organisations advocating for sustainable transport policies in the United Kingdom.","Other groups, including CPRE, formed the Transport Reform Group and lobbied against further road building"
"Earth First!","NGO","Participated in non‑violent direct‑action road protest camps in the UK, helping to broaden the public image of modern environmentalism.","United States","Radical environmental activist organization that originated in the United States.","Newly established non-violent direct action groups such as Earth First! (a US import) and Reclaim the Streets organised, or were present at, many road protest camps."
"Buy Nothing Day","Organization","Serves as a symbolic initiative within the broader anti‑establishment movement that links consumer behavior to environmental concerns.","United States","An anti‑consumerist campaign launched in the United States in 1992 that embodied countercultural ideals.","The anti-consumerist Buy Nothing Day, first launched in the USA in 1992, encapsulated the ideals of this countercultural movement."
"International Monetary Fund (IMF)","Organization","Target of protest campaigns that link trade and financial policies to environmental and development impacts.","International","A global financial institution that sets economic policies for member countries. International financial institution that provides loans and policy advice to member countries.","This campaign brought together campaigners from trade justice, development and environment communities to protest against the policies of the International Monetary Fund (IMF), World Bank and World Trade Organization (WTO)."
"World Trade Organization (WTO)","Organization","Subject of activist opposition due to perceived conflicts between trade rules and environmental standards.","International","An intergovernmental organization that regulates international trade. An international organization that adjudicates trade disputes between nations.","This campaign brought together campaigners from trade justice, development and environment communities to protest against the policies of the International Monetary Fund (IMF), World Bank and World Trade Organization (WTO)."
"G8","Government","Summit venues that became focal points for coordinated global street protests linking trade, economic policy and environmental concerns.","International","A forum of the world's major industrialised economies that meets annually to discuss global policy.","In 1998, veterans of the anti‑roads movement and Reclaim the Streets participated in the Global Street Party that coincided with the twentyfourth G8 summit in Birmingham in the UK."
"Independent Media Centre","Organization","Provided a digital hub for sharing information about WTO protests, amplifying environmental and social justice messages worldwide.","United States","A volunteer‑run platform that aggregates and disseminates activist‑generated news and reports.","When activists established an independent media centre for anyone to upload news and reports from the 1989 WTO Seattle protests, the website received over a million hits over a couple of days."
"World Social Forum","Coalition","Serves as a recurring venue for environmental and social movements to coordinate and develop networks that promote harmony with nature.","International","An annual gathering of civil society groups that discusses alternatives to neoliberal globalization.","These networks continue to develop through a number of avenues such as the World Social Forum, which has met on a regular basis since 2001."
"Greenpeace International","NGO","Provides financial independence and scale for campaigning against high‑profile global corporations.","None","The international umbrella of Greenpeace with a large membership base.","Greenpeace International has approximately 3 million members, giving it the financial independence to be able to campaign against high-profile global corporations."
"Friends of the Earth International","NGO","Mobilises a broad base of members and supporters for environmental campaigning.","None","An international network of environmental groups with a large membership.","FoE International claims over 2 million members and supporters"
"Royal Society for the Protection of Birds","NGO","Participates in joint campaigns to demonstrate the size of the environmental constituency.","United Kingdom","A major UK bird‑conservation charity.","followed by the RSPB."
"Conservation International","NGO","Forms partnerships with corporations and governments to embed conservation into business models.","United States","A US‑based conservation organisation founded in 1987.","The US-based group Conservation International (est. 1987) partnered with other organisations from the beginning, reasoning that no organisation can get the job done alone."
"Forum for the Future","NGO","Promotes sustainable development through partnerships with major corporations.","None","A sustainability‑focused organisation established in 1996.","Forum for the Future (est. 1996) promotes its work on sustainable development through partnerships with organisations such as BT, Tesco and Unilever."
"Starbucks","Organization","Partnered with Conservation International to integrate conservation into its business model.","None","A global coffeehouse chain.","It has worked with Starbucks and Walmart, among others, to 'make conservation part of their business model'."
"Walmart","Organization","Partnered with Conservation International to integrate conservation into its business model.","None","A multinational retail corporation.","It has worked with Starbucks and Walmart, among others, to 'make conservation part of their business model'."
"BT","Organization","Partnered with Forum for the Future to support sustainable development initiatives.","None","British Telecommunications, a major UK communications company.","Forum for the Future (est. 1996) promotes its work on sustainable development through partnerships with organisations such as BT, Tesco and Unilever."
"Tesco","Organization","Announced labeling 70,000 products with carbon‑footprint details and pledged to cut store emissions by 75 %.","United Kingdom","A large UK supermarket chain. British supermarket chain.","Britain's leading businesses responded to a resurging green trend, with the supermarket chain Tesco announcing it would be labelling 70,000 products with details of its carbon footprint, and that it would cut carbon emissions from its stores by 75 per cent."
"Unilever","Organization","Partnered with Forum for the Future to support sustainable development initiatives.","None","A multinational consumer goods company.","Forum for the Future (est. 1996) promotes its work on sustainable development through partnerships with organisations such as BT, Tesco and Unilever."
"WWF","Organization","Works in partnership with companies to secure funding for conservation projects and advance its environmental objectives.","None","World Wide Fund for Nature, a large international conservation NGO with substantial membership.","WWF has managed to sustain large membership levels and to work in partnership with a wide range of companies."
"WWF International","Organization","Joined a five‑year, £35 million partnership with Earthwatch, Botanic Gardens Conservation International and HSBC bank.","None","The global coordinating body of WWF, overseeing international partnerships and programmes.","In 2002, WWF International, together with Earthwatch and Botanic Gardens Conservation International, joined the HSBC bank in a five-year, £35 million partnership."
"Earthwatch","Organization","Partnered with WWF International and Botanic Gardens Conservation International in the HSBC funding agreement.","None","International environmental NGO that supports scientific research and conservation projects.","In 2002, WWF International, together with Earthwatch and Botanic Gardens Conservation International, joined the HSBC bank in a five-year, £35 million partnership."
"Botanic Gardens Conservation International","Organization","Partnered with WWF International and Earthwatch in the HSBC funding agreement.","None","Global network of botanic gardens dedicated to plant conservation.","In 2002, WWF International, together with Earthwatch and Botanic Gardens Conservation International, joined the HSBC bank in a five-year, £35 million partnership."
"HSBC bank","Organization","Provided a £35 million partnership fund for WWF‑led conservation projects along major rivers.","UK","Multinational banking and financial services organization headquartered in the United Kingdom.","In 2002, WWF International, together with Earthwatch and Botanic Gardens Conservation International, joined the HSBC bank in a five-year, £35 million partnership."
"Nature Conservancy","NGO","Provided institutional support and a research platform that allowed Moore to prioritize pesticide research.","United States","International conservation organization that designs and implements nature‑based projects. International conservation organization that established a research station on toxic chemicals and wildlife i...","the head of the Nature Conservancy's newly established Toxic Chemicals and Wildlife research station at Monks Wood in the UK"
"Pacificorp","Organization","Corporate partner in the Noel Kempff Climate Action Project.","None","U.S. electric utility company (now part of PacifiCorp).","...the Noel Kampff Climate Action Project, a protected forest area set up in 1997 by the Nature Conservancy, BP, Pacificorp, American Electric Power and the Bolivian Government."
"American Electric Power","Organization","Corporate partner in the Noel Kempff Climate Action Project.","None","U.S. electric utility corporation.","...the Noel Kampff Climate Action Project, a protected forest area set up in 1997 by the Nature Conservancy, BP, Pacificorp, American Electric Power and the Bolivian Government."
"Bolivian Government","Government","Public sector partner in establishing the Noel Kempff Climate Action Project.","Bolivia","National government of Bolivia.","...the Noel Kampff Climate Action Project, a protected forest area set up in 1997 by the Nature Conservancy, BP, Pacificorp, American Electric Power and the Bolivian Government."
"Wise Use Movement","Coalition","Organised opposition to environmental causes as part of the broader counter‑movement.","USA","U.S. based counter‑environmental movement advocating for expanded resource use and deregulation.","The counter-movement has taken many forms, including the Wise Use Movement and the Global Climate Coalition..."
"Global Climate Coalition","Coalition","Actively challenged the scientific certainty presented in IPCC reports and sought to influence policy and public opinion against climate mitigation measures.","United States","An American industrial grouping formed shortly after the IPCC, representing business interests opposed to strong climate action. Industry‑led international coalition that historically opposed climate‑...","For much of the 1990s, the Global Climate Coalition, an American industrial grouping formed shortly after the IPCC, challenged the levels of scientific certainty set out in IPCC publications."
"Committee on Climate Change","Organization","Provides expert advice to the government on emissions‑reduction targets and related policies.","UK","Independent statutory body that advises the UK government on climate‑change policy.","The Act ... resulted in the independent Committee on Climate Change being established to provide advice to government on these targets and related policies."
"Thom Yorke","Individual","Launched The Big Ask campaign in 2005, helping to raise public awareness and pressure on climate legislation.","UK","Lead singer of the British rock band Radiohead and public figure.","Thom Yorke (b. 1968), lead singer of the music group Radiohead, launched The Big Ask campaign on 25 May 2005."
"Stop Climate Chaos coalition","Coalition","Ran the I Count campaign and organised a London rally urging the government to introduce a climate‑change bill.","UK","UK‑based alliance of environmental and international development NGOs.","FoE also joined a climate change coalition of mainly environmental and international development NGOs. The Stop Climate Chaos coalition ran the I Count campaign and organised a climate change rally in London..."
"Campaign for Better Transport","NGO","Joined a wide coalition of campaign groups to oppose the proposed third runway at London Heathrow airport.","United Kingdom","A UK‑based campaign group that advocates for sustainable transport policies.","a wide coalition of campaign groups, including Campaign for Better Transport, Climate Camp, FoE, National Trust, Greenpeace, Society for the Protection of Ancient Buildings, and Plane Stupid, worked together to make the proposal for a third runway at London Heathrow airport politically unpalatable."
"Climate Camp","NGO","Participated in the coalition that made the Heathrow third‑runway proposal politically unpalatable.","United Kingdom","A grassroots activist network focused on climate justice and direct action.","a wide coalition of campaign groups, including Campaign for Better Transport, Climate Camp, FoE, National Trust, Greenpeace, Society for the Protection of Ancient Buildings, and Plane Stupid, worked together to make the proposal for a third runway at London Heathrow airport politically unpalatable."
"Society for the Protection of Ancient Buildings (SPAB)","NGO","Joined the coalition that made the Heathrow third‑runway proposal politically unpalatable.","United Kingdom","UK charity dedicated to the preservation of historic buildings.","a wide coalition of campaign groups, including Campaign for Better Transport, Climate Camp, FoE, National Trust, Greenpeace, Society for the Protection of Ancient Buildings, and Plane Stupid, worked together to make the proposal for a third runway at London Heathrow airport politically unpalatable."
"Plane Stupid","NGO","Member of the coalition that opposed the Heathrow third runway.","United Kingdom","UK activist group focused on opposing airport expansion and aviation‑related climate impacts.","a wide coalition of campaign groups, including Campaign for Better Transport, Climate Camp, FoE, National Trust, Greenpeace, Society for the Protection of Ancient Buildings, and Plane Stupid, worked together to make the proposal for a third runway at London Heathrow airport politically unpalatable."
"Conservative and Liberal Democrat coalition government","Government","Cancelled plans for the third runway at Heathrow and ruled out new runways at Stansted and Gatwick.","United Kingdom","The UK government formed after the 2010 general election, comprising Conservative and Liberal Democrat parties.","In May 2010, the newly elected Conservative and Liberal Democrat coalition government cancelled plans for the third runway at Heathrow and ruled out new runways at Stansted and Gatwick airports."
"Coalition Against Runway 2 (CAR2)","Coalition","Organised an unsuccessful campaign to block the Manchester second‑runway project.","United Kingdom","A campaign coalition that sought to stop the construction of a second runway at Manchester Airport in 1997.","This compares with the unsuccessful campaign Coalition Against Runway 2 (CAR2) to stop the construction of a second runway at Manchester's International Airport in 1997."
"Obama Administration","Government","Introduced the American Power Act, a Climate Change Bill aiming to reduce U.S. carbon emissions.","United States","The executive branch of the United States government under President Barack Obama (2009‑2017).","In May 2010, the Obama Administration introduced a long-awaited Climate Change Bill, the American Power Act, which sought to reduce carbon emissions by 17 per cent by 2020 compared with 2005 levels."
"U.S. Senate","Government","Postponed advancement of the Climate Change Bill due to opposition from Republican and some Democratic lawmakers.","United States","The upper chamber of the United States Congress.","In July 2010, the US Senate announced that it was postponing the advancement of the Climate Change Bill due to wide opposition among Republican lawmakers and some Democrats."
"Transition Towns movement","Coalition","Provides a community‑led response to climate change and peak oil across more than 250 towns and cities.","United Kingdom (global network)","A global network of community‑led initiatives that aim to increase resilience to peak oil and climate change.","In the UK, the Transition Towns movement has provided a community-led response to climate change and peak oil."
"Interfaith Power and Light network","NGO","Provides a religious response to climate change in the United States.","United States","A U.S. faith‑based network that mobilises religious communities around climate action.","In the USA, the Interfaith Power and Light network has provided a religious response to climate change."
"MoveOn network","NGO","Prioritises energy and environmental issues in its campaigning and has helped pioneer internet‑based climate advocacy.","United States","Progressive online activist organization with millions of members in the United States.","The progressive MoveOn network has approximately 3 million members across the USA, and since 2003 has consistently made energy and environmental issues a campaign priority."
"Avaaz","NGO","Runs worldwide climate‑change campaigns using a model pioneered by MoveOn.","International","A web‑based global campaign platform that mobilises millions of members on a wide range of issues.","Avaaz, a web-based campaign community, uses the model pioneered by MoveOn."
"350","NGO","Organised the largest international climate‑change campaign in 2009, coordinating a global day of action in 181 countries.","International","An international climate‑action campaign (often styled as 350.org) focused on keeping atmospheric CO₂ below 350 ppm.","In 2009, the campaign group 350 organised the single largest international campaign on climate change. The campaign focused on achieving 350 parts per million of carbon dioxide, ... Through the internet and other media channels, the 350 campaign organised a global day of action."
"United Nations","Organization","Acts as the facilitator of global environmental conferences and agreements, promoting action and shaping relationships among member states.","International","International organization that facilitates global conferences and agreements on the environment.","Since the UNCHE, the UN has acted as the facilitator of global conferences and agreements on the environment."
"United States of America","Government","Exerted a decade of dominance that shaped the outcomes of a series of global environmental conferences and agreements.","USA","The United States, a major global power whose dominance shaped environmental negotiations after the Cold War. The federal government of the United States.","After the Cold War, a decade of US dominance shaped the outcomes of a series of global environmental conferences and agreements."
"Brazil","Government","Part of the new world order whose rise creates uncertainty for the future direction of global environmental governance.","Brazil","Emerging world power experiencing rapid industrialisation, influencing global environmental governance. Federal government of the Federative Republic of Brazil. Federative Republic of Brazil, a large ...","As Brazil, China and India become world powers and experience rapid industrialisation, the future direction of global environmental governance is uncertain."
"China","Government","Part of the new world order whose rise creates uncertainty for the future direction of global environmental governance.","China","Emerging world power experiencing rapid industrialisation, influencing global environmental governance. People's Republic of China, the world's largest current emitter of CO₂ and a rapidly developing ...","As Brazil, China and India become world powers and experience rapid industrialisation, the future direction of global environmental governance is uncertain."
"India","Government","Part of the new world order whose rise creates uncertainty for the future direction of global environmental governance.","India","Emerging world power experiencing rapid industrialisation, influencing global environmental governance. Government of the Republic of India. Republic of India, a fast‑growing economy and major emitter...","As Brazil, China and India become world powers and experience rapid industrialisation, the future direction of global environmental governance is uncertain."
"Harry S. Truman","Individual","Proposed a 1948 conference to consider conserving natural resources as a major basis for peace, initiating early UN environmental action.","United States","President of the United States (1884‑1972). President of the United States (1945‑1953).","in 1948 US President Harry S. Truman (1884-1972) proposed a conference to consider the importance of conserving natural resources as a 'major basis for peace'."
"UN Economic and Social Council (ECOSOC)","Organization","Acted on Truman’s proposal and helped organise the 1949 UN Scientific Conference on the Conservation and Utilization of Resources (UNSCCUR).","International","Principal organ of the United Nations for coordinating economic, social and related work of the UN system.","This proposal was acted on by the UN Economic and Social Council, and in 1949 the UN Scientific Conference on the Conservation and Utilization of Resources (UNSCCUR) was held at Lake Success in New York."
"Soviet Union","Government","Boycotted the 1949 UNSCCUR conference, illustrating geopolitical tensions in early environmental governance.","Soviet Union","A former federal socialist state comprising Russia and other republics, existing until 1991. State entity representing the USSR during the early Cold War period.","The Soviet Union boycotted the conference, which did not have the power to make recommendations or reach international agreements..."
"Chile","Government","Led developing nations in securing the 1962 UN Declaration on Permanent Sovereignty over Natural Resources.","Chile","South American nation that led a coalition of developing countries in the early 1960s.","In 1962 developing nations, led by Chile, secured a UN Declaration on Permanent Sovereignty over Natural Resources."
"G77/China grouping","Coalition","Formally established in the late 1960s to harmonise negotiating priorities of developing countries on environment‑development links.","International","A coalition of developing countries (originally 77, later expanded) plus China, formed within the UN system.","By the late 1960s, a G77/China grouping was formally established to harmonise the negotiating priorities of developing countries."
"UNESCO","Organization","Organised the 1968 Biosphere Conference in Paris, which highlighted the scientific basis for rational use and conservation of the biosphere.","International","United Nations Educational, Scientific and Cultural Organization.","The first major signs of this new environmental focus were displayed at the 1968 Biosphere Conference held in Paris. This UNESCO-organised conference examined the scientific basis for rational use and conservation of the resources of the biosphere..."
"U Thant","Individual","Authored the 1969 report “Problems of the Human Environment,” calling for urgent action on air and water pollution, soil erosion and resource waste.","International","Secretary‑General of the United Nations (1909‑1974).","and these were outlined in a report published the following year by UN Secretary General Thant (1909-74). The report, entitled Problems of the Human Environment (1969), suggested the world had a decade to seriously address air and water pollution, soil erosion and the waste of natural resources..."
"Sweden","Government","First proposed the idea of a global conference on the human environment to the UN General Assembly in 1967.","Sweden","National government of Sweden. Nordic country recognised for its neutral and progressive foreign policy.","The idea of convening a global conference on the human environment was first proposed by Sweden, which was respected internationally as a neutral and progressive country..."
"Börje Billner","Individual","Put forward the proposal to the UN General Assembly for a conference on the human environment, leading to the Stockholm conference.","Sweden","Swedish Deputy Permanent Secretary in 1967.","On 13 December 1967, the Swedish Deputy Permanent Secretary, Börje Billner, put forward the idea to the UN General Assembly that a conference be held to facilitate coordination and to focus the interest of member countries on extremely complex problems related to the human environment."
"UN General Assembly","Organization","Adopted the resolution convening the UN Conference on the Human Environment (Stockholm 1972) and endorsed the Swedish proposal.","International","Main deliberative organ of the United Nations. Main deliberative, policymaking and representative organ of the United Nations.","At its twenty-third session in December 1968, the UN General Assembly supported the Swedish proposal and agreed it would take place in Stockholm. The General Assembly adopted resolution 2398 (XXIII) convening the UNCHE..."
"Gro Harlem Brundtland","Individual","Led the WCED that authored the Brundtland Report, defining sustainable development and linking environmental protection with economic and social goals.","Norway","Norwegian Prime Minister who chaired the World Commission on Environment and Development.","The Norwegian Prime Minister, Gro Harlem Brundtland (b. 1939), chaired the Commission"
"World Commission on Environment and Development (WCED)","Organization","Authored the seminal Brundtland Report (Our Common Future) that introduced and popularised the concept of sustainable development.","None","A UN‑established commission tasked with examining the relationship between environment and development.","the UN General Assembly passed Resolution 38/161, establishing the World Commission on Environment and Development (WCED)."
"United Nations General Assembly","Organization","Adopted Resolution 38/161 in 1983, formally creating the WCED to address sustainable development.","None","The main deliberative body of the United Nations composed of all member states.","the UN General Assembly passed Resolution 38/161, establishing the World Commission on Environment and Development (WCED)."
"United States of America (USA)","Government","Frequently marginalised the UN in international negotiations, influencing the policy environment in which environmental governance evolved.","USA","Federal government of the United States, a major global power during the 1980s.","The UN was routinely marginalised by the USA and other powers during this period"
"George H. Bush","Individual","Delivered a pre‑conference speech prioritising American jobs over environmental concerns, representing the US position.","United States","President of the United States (1989‑1993). President of the United States at the time of UNCED.","Before the Conference, US President George H. Bush gave a speech promising the American public that American jobs came before the environment."
"Maurice Strong","Individual","Summarised the summit as a historic moment for humanity, providing leadership and symbolic endorsement of the outcomes.","None","Conference Secretary‑General of UNCED.","At its close, Maurice Strong, the Conference Secretary-General, called the Summit a 'historic moment for humanity'."
"Global Environment Facility (GEF)","Organization","Provides financial resources for implementing the agenda set out at the Rio Summit.","None","Funding mechanism established at UNCED to support environmental projects.","a funding mechanism called the Global Environment Facility (GEF), which would be managed by the World Bank."
"Commission on Sustainable Development (CSD)","Organization","Tracks implementation of sustainable‑development commitments adopted at the Rio Summit.","None","UN body created to monitor progress on Agenda 21.","The Summit also established the Commission on Sustainable Development (CSD) to monitor progress on the implementation of Agenda 21."
"Arab oil nations","Coalition","Attempted to remove energy‑conservation from the Agenda 21 plan of action during the preparatory process.","Arab states","Group of oil‑producing Arab states.","In the preparatory process, Arab oil nations attempted to remove energy conservation from the Agenda 21 plan of action."
"Malaysia","Government","Led developing nations in arguing that a legally binding forest convention could infringe on sovereign rights to exploit forest resources.","Malaysia","Southeast Asian nation and member of the UN.","Developing nations, led by Malaysia and India, argued that such a convention might interfere with their sovereign right to exploit forest resources."
"United Kingdom","Government","Criticised for opposing the UN target that developed nations allocate 0.7 % of national income to development aid.","United Kingdom","European nation and UN member state. The national government of the United Kingdom.","The UK was criticised for its opposition to the UN target for developed nations to give 0.7 per cent of national income to development aid."
"United States","Government","Through its delegation, insisted that no fixed date be set for reducing greenhouse‑gas emissions to 1990 levels.","United States","Federal government of the United States of America. North American nation and UN member state. One of the major emitters of CFCs at the time of the Montreal Protocol negotiations; prepared to take an ...","During the conference, the US delegation insisted that no date should be fixed to reduce greenhouse gases to 1990 levels in the climate change convention."
"Pearson Commission","Organization","Originated the 0.7 % of national income aid target later reiterated by the Brandt Report.","None","Commission that proposed an overseas‑aid target in 1969.","The Pearson Commission originally proposed the overseas aid target in 1969, and this was reiterated by the Brandt Report a decade later."
"George W. Bush","Individual","Chose not to attend the summit and had previously rejected the Kyoto Protocol, shaping the United States' isolationist stance toward global environmental agreements.","United States","President of the United States at the time of the WSSD (2002).","the decision by US President George W. Bush not to attend the summit rendered it partially impotent."
"Colin Powell","Individual","Led the US delegation, emphasising private‑sector deals and prioritising economic growth over binding global environmental treaties.","United States","U.S. Secretary of State who led the United States delegation to the WSSD.","The Secretary of State, Colin Powell, led the US delegation, which emphasised deals with the private sector and stressed the importance of economic growth over binding global treaties to fight environmental problems and poverty."
"New Partnership for Africa's Development (NEPAD)","Coalition","Was deliberately linked to the WSSD’s WEHAB action plan and the Millennium Development Goals to align African development priorities with global sustainability objectives.","Africa","An African Union‑led development initiative aimed at eradicating poverty and promoting sustainable development across the continent.","Due to the host country being South Africa, there was a deliberate attempt to connect WEHAB to the Millennium Development Goals (MDGs) and the New Partnership for Africa's Development (NEPAD) initiative."
"UNFCCC","Organization","Cited as a second‑generation multilateral environmental agreement addressing climate change, illustrating the evolution of global environmental governance.","International","United Nations Framework Convention on Climate Change, the international treaty body governing climate‑change policy. United Nations Framework Convention on Climate Change, the international treaty th...","climate change (UNFCCC, 1992)"
"British Antarctic Survey","Organization","Supplied early scientific evidence of a dramatic decline in Antarctic ozone concentrations, helping to trigger international action on ozone protection.","United Kingdom","A United Kingdom research institution that monitors Antarctic environmental conditions.","That same year the British Antarctic Survey found that the springtime atmospheric concentration of ozone in the Antarctic had decreased by 40 per cent from 1964 levels."
"US Environmental Protection Agency","Government","Quantified the health‑related economic benefits of reducing CFC emissions, reinforcing the case for the Montreal Protocol.","USA","The United States federal agency responsible for protecting human health and the environment. United States federal agency tasked with protecting human health and the environment.","The US Environmental Protection Agency also estimated that a 50 per cent reduction in chlorofluorocarbon (CFC) emissions from 1986 levels could save the US trillions of dollars in reduced health costs associated with treating skin cancer."
"World Meteorological Organization (WMO)","Organization","Co‑created the IPCC, thereby contributing scientific legitimacy to global climate governance.","International","A specialized United Nations agency coordinating international meteorological and climate activities.","The scientific support is provided by the Intergovernmental Panel on Climate Change (IPCC), created in 1988 by the WMO and UNEP."
"United Nations Environment Programme (UNEP)","Organization","Co‑created the IPCC, supporting the scientific foundation for climate policy and the UNFCCC process.","International","The UN's global environmental authority that promotes sustainable development.","The scientific support is provided by the Intergovernmental Panel on Climate Change (IPCC), created in 1988 by the WMO and UNEP."
"United Nations Framework Convention on Climate Change (UNFCCC)","Organization","Serves as the main institutional apparatus for international climate negotiations, built on the scientific assessments of the IPCC.","International","An international environmental treaty that stabilises greenhouse‑gas concentrations in the atmosphere. An international treaty and its secretariat that coordinates global climate negotiations.","Its findings supported the establishment of the main apparatus for negotiations: the UNFCCC."
"USA","Government","Ratified the UNFCCC, participated in COP negotiations, and was a key actor whose domestic political stance (e.g., concerns about economic costs) influenced the pace of protocol ratification.","USA","United States of America, a major industrialised nation and a signatory to the UNFCCC.","including the USA, and entered into force in 1994."
"EU","Organization","Participated as a bloc in COP negotiations, often representing the interests of multiple European member states in climate agreements.","International","European Union, a supranational political and economic union of European states.","China, the EU, India and the USA could not reach agreement on the core elements of a binding agreement."
"G8 nations","Coalition","Announced a collective ambition to halve global CO₂ emissions by 2050, influencing the climate policy agenda during the Kyoto Protocol era.","International","Group of eight major industrialised economies (Canada, France, Germany, Italy, Japan, Russia, United Kingdom, United States).","Criticism of the level of cuts achieved by developed nations was only partly ameliorated by an announcement from G8 nations that they would aim to at least halve global carbon dioxide emissions by 2050."
"Alliance of Small Island States","Coalition","Voiced grave concerns at COP 15 about existential threats from climate change, advocating for stronger mitigation commitments.","International","A coalition of low‑lying island and coastal countries vulnerable to sea‑level rise and climate impacts.","an Alliance of Small Island States expressed their grave concern that climate change posed the most serious threat to their survival and viability."
"Barack Obama","Individual","His election raised expectations that the United States would support legally binding climate targets, influencing the dynamics of COP 15 negotiations.","USA","44th President of the United States (2009‑2017).","Many attendees were hopeful, as the election of US President Barack Obama raised the possibility of US agreement to legally binding targets"
"Indonesia","Government","Hosted a key COP meeting that laid groundwork for the Copenhagen agreement.","Indonesia","Republic of Indonesia, host country of COP 13 (Bali).","COP 13 in Bali, Indonesia"
"Poland","Government","Hosted a COP that continued negotiations toward a new post‑Kyoto climate agreement.","Poland","Republic of Poland, host country of COP 14 (Poznań).","COP 14 in Poznan, Poland"
"Denmark","Government","Hosted the high‑profile COP 15, where the Copenhagen Accord was negotiated.","Denmark","Kingdom of Denmark, host country of COP 15 (Copenhagen).","COP 15 ... in Copenhagen, Denmark."
"President Obama","Individual","Limited political capital for climate negotiations; his domestic political battles over healthcare reduced his ability to push for stronger climate outcomes at COP 15.","United States","Barack Obama, the 44th President of the United States (served 2009‑2017).","President Obama made it clear he had limited political capital to spend, as opposition to his healthcare legislation dominated US politics."
"Green Climate Fund","Organization","Created to channel mitigation and adaptation funding to developing nations as part of the outcomes of COP 16.","International","An international fund established within the UNFCCC framework to channel financing for climate mitigation and adaptation in developing countries.","established a Green Climate Fund for channelling mitigation and adaptation funding to developing nations."
"Japan","Government","Identified as a major power base capable of unilateral action in climate negotiations.","Japan","Government of Japan.","China, the EU, Brazil, India, Japan and the USA each represent power bases that can, and do, act unilaterally to protect their own interests."
"Aristotle","Individual","Laid early foundations for systematic study of nature that later informed ecological thinking.","Greece","Ancient Greek philosopher (384‑322 BC) who classified and described the natural world.","Aristotle (384-322 BC) ... classified and described the natural world"
"Theophrastus","Individual","Contributed to early systematic knowledge of plants and animals, a precursor to modern ecology.","Greece","Ancient Greek philosopher and student of Aristotle (c. 371‑c. 287 BC) who classified and described the natural world.","Theophrastus (c. 371-c. 287 BC) classified and described the natural world"
"Pliny the Elder","Individual","Created one of the earliest comprehensive compilations of natural knowledge, influencing later scientific inquiry into nature.","Roman Empire (Italy)","Roman author and naturalist (AD 23‑79) who wrote *Historia Naturalis*, an encyclopedia of natural entities.","Roman Pliny the Elder (AD 23-79) wrote Historia Naturalis, an encyclopaedia which sought to catalogue all the entities found in nature"
"John Ray","Individual","Advanced the scientific study of nature during the Enlightenment, shaping early ecological perspectives.","United Kingdom","English naturalist (1627‑1705) who authored *The Wisdom of God Manifested in the Works of the Creation* (1691).","The English naturalist John Ray (1627-1705) called his popular study of the natural world The Wisdom of God Manifested in the Works of the Creation (1691)"
"Carl Linnaeus","Individual","His taxonomy placed humans within the animal kingdom, a conceptual shift that underpins contemporary ecological thinking.","Sweden","Swedish botanist and physician (1707‑1778) who created the modern system of biological classification.","the Swedish naturalist Carl Linnaeus (1707-78) attributed his system of classifying species of plants and animals to God's design"
"Pehr Kalm","Individual","Provided early empirical evidence of human impacts on wildlife, informing later conservation arguments.","Sweden","Finnish‑Swedish botanist and explorer (1716‑1779) who linked wildlife decline to settlers' hunting practices in North America.","Pehr Kalm (1716-79) studied with Linnaeus and later travelled in North America, where he linked a decline in the abundance of wildlife to settlers' hunting techniques"
"Alexander von Humboldt","Individual","Pioneered a holistic view of ecosystems that influences modern planetary health frameworks.","Germany","German explorer and naturalist (1769‑1859) who integrated physical and natural sciences to explain terrain and climate effects on plants.","The explorer and naturalist Alexander von Humboldt (1769-1859) combined the physical and natural sciences to explain the impact of terrain and climate on plants"
"Thomas Malthus","Individual","Introduced the concept of ecological limits, a cornerstone of sustainability discourse.","United Kingdom","British scholar and demographer, author of *An Essay on the Principle of Population*. English economist and demographer (1766‑1834) who articulated the relationship between population growth and resou...","Thomas Malthus (1766-1834) set out how population growth was mediated by limits to resources"
"Charles Darwin","Individual","Provided a scientific framework for understanding species adaptation and interdependence, essential to ecological science.","United Kingdom","English naturalist (1809‑1882) who formulated the theory of evolution by natural selection.","Charles Darwin (1809-82) developed his theory of evolution"
"Ernst Haeckel","Individual","Named and defined the discipline that directly studies the interdependence of life and environment.","Germany","German biologist (1834‑1919) who coined the term “ecology” to describe organism‑environment relationships.","In the 1860s, Ernst Haeckel (1834-1919) introduced the term 'ecology' to describe the relations between organisms and their environment"
"George Perkins Marsh","Individual","One of the earliest advocates for recognizing human responsibility in environmental degradation, influencing modern conservation policy.","United States","American environmentalist and diplomat (1801‑1882) who authored *Man and Nature* (1864), arguing that humans are the primary cause of species extinction.","In the same decade, George Perkins Marsh (1801-82) published Man and Nature (1864), and argued that humankind was the prime cause of species extinction"
"Henry Thoreau","Individual","Provided early intellectual grounding for linking ecological understanding with ideas of natural simplicity and human‑nature interdependence.","USA","American naturalist, essayist, and philosopher (1817‑1862) who explored Walden Pond and reflected on the relationship between people and nature.","Henry Thoreau's (1817-62) exploration of the land surrounding Walden Pond near Concord, Massachusetts in the USA informed his appreciation of natural simplicity, and his views on the ties between people and nature drew upon his understanding of local ecology."
"Peter Kropotkin","Individual","Developed ideas about self‑sufficiency, local organisation and cooperative production that linked ecological observations to alternative socio‑economic models.","Russia","Russian anarchist communist and geographer (1842‑1921) who studied animal behaviour to develop social theories.","The Russian anarchist communist Peter Kropotkin (1842-1921) developed ideas about self-sufficiency, local organisation and production based on his studies of animal behaviour."
"British Ecological Society","Organization","Hosted the inaugural meeting in 1913, marking the formal institutionalisation of ecology as a scientific discipline.","United Kingdom","Professional society founded in the United Kingdom to advance ecological science.","In 1913 the British Ecological Society held its inaugural meeting"
"Ecological Society of America","Organization","Founded two years after the British Ecological Society, helping to spread ecological ideas that later informed environmental governance and management.","USA","Professional association in the United States dedicated to the advancement of ecological research and its application.","followed two years later by the foundation of the Ecological Society of America."
"Aldo Leopold","Individual","Combined ecological science with ethical and aesthetic values, promoting a vision of harmony among humans, soils, water, plants, and animals that underpins modern environmental thought.","USA","American forester, ecologist, and author (1886‑1948) known for articulating the land ethic.","The forester and academic Aldo Leopold (1886-1948) was one of the first to combine ecological ideas with aesthetic and ethical values in a way that clearly chimes with contemporary environmental thinking."
"Californian Fisheries and Game Department","Government","Commissioned a scientific study that raised awareness of pesticide hazards, influencing both the international scientific community and the American public.","USA","State agency of California responsible for managing fisheries, wildlife, and game resources.","A scientific study for the Californian Fisheries and Game Department played a considerable part in stimulating awareness of the need to act among both the international science community and the American public."
"House of Lords","Government","Served as a forum where large‑scale bird and fox deaths linked to pesticide use were raised, contributing to early political scrutiny of environmental harms.","United Kingdom","Upper chamber of the United Kingdom Parliament.","In the UK, large-scale bird and fox deaths were raised in the House of Lords."
"Norman Moore","Individual","Guided UK research priorities on persistent pesticides after learning about the Clear Lake study.","United Kingdom","Head of the Nature Conservancy's Toxic Chemicals and Wildlife research station at Monks Wood (UK).","Norman Moore (b. 1923), the head of the Nature Conservancy's newly established Toxic Chemicals and Wildlife research station at Monks Wood in the UK."
"John F. Kennedy","Government","Ordered the U.S. Science Advisory Committee to examine pesticide use in response to the public impact of *Silent Spring*.","United States","President of the United States (1961‑1963).","US President John F. Kennedy ordered his Science Advisory Committee to examine pesticide use"
"Science Advisory Committee (U.S.)","Government","Tasked with reviewing pesticide use after the publication of *Silent Spring*.","United States","Advisory body to the U.S. President on scientific matters.","US President John F. Kennedy ordered his Science Advisory Committee to examine pesticide use"
"U.S. Senate subcommittee","Government","Heard testimony from Rachel Carson, providing a formal political venue for discussing pesticide regulation.","United States","A legislative subcommittee of the United States Senate.","Carson was interviewed on news programmes and testified to a subcommittee of the US Senate"
"Ben Metcalfe","Individual","Financed and promoted billboard adverts in Vancouver to popularize ecology as a revolutionary idea.","Canada","Journalist who later became the first chairman of Greenpeace.","Ben Metcalfe (1919-2003), a journalist who later became the first chairman of Greenpeace, paid for the posters as he wanted to promote ecology as a revolutionary idea."
"Edward Goldsmith","Individual","Created a publishing platform that disseminated ecological ideas and the influential manifesto “A Blueprint for Survival”.","United Kingdom","Editor and environmental thinker who launched *The Ecologist* magazine.","Edward Goldsmith (1928-2009) published the first edition of a new magazine called The Ecologist as a platform for environmental thinking in the UK"
"Paul Sears","Individual","Provided intellectual framing that linked ecological science to critiques of modern economic and technological growth.","United States","Ecologist and academic who described ecology as a subversive subject.","the ecologist Paul Sears (1891-1990) described ecology as 'a subversive subject'"
"Murray Bookchin","Individual","Developed a revolutionary, radical ecology that critiques reformist environmentalism and links social conditions with human‑nature relationships.","None","Political philosopher and ecologist who combined anarchist philosophy with ecology.","Murray Bookchin (1921-2006) developed a more politically revolutionary approach, in which he combined anarchist political philosophy with ecology in books such as Post-Scarcity Anarchism (1970)."
"Arne Naess","Individual","Introduced the biocentric, Earth‑centred philosophical framework that places nature’s intrinsic value before human interests.","None","Norwegian philosopher who coined the term “deep ecology”.","This viewpoint is often described as 'deep ecology' - a term introduced in the early 1970s by the Norwegian philosopher Arne Naess (1912-2009)."
"James Lovelock","Individual","Provided a scientific articulation of biocentric environmentalism by proposing that Earth functions as a self‑regulating living system.","None","Scientist known for formulating the Gaia hypothesis.","The US National Aeronautics and Space Administration (NASA) scientist James Lovelock (b. 1919) introduced a scientific twist to the biocentric approach to environmentalism when he developed his Gaia hypothesis during the 1970s."
"US National Aeronautics and Space Administration (NASA)","Organization","Commissioned James Lovelock to investigate life‑detection methods, indirectly enabling the development of the Gaia hypothesis.","United States","United States federal agency responsible for the civilian space program and aeronautics research.","The US National Aeronautics and Space Administration (NASA) scientist James Lovelock (b. 1919) introduced a scientific twist to the biocentric approach to environmentalism..."
"Royal Commission for Environmental Pollution","Organization","Created to investigate and advise on the harmful effects of environmental pollution, supporting the institutionalisation of environmental science in policy.","United Kingdom","UK government‑appointed advisory body on environmental pollution.","It was not until 1970 that the UK government set up the Royal Commission for Environmental Pollution..."
"Department for the Environment","Organization","Founded in 1970 to coordinate governmental response to environmental concerns, integrating scientific data into governance.","United Kingdom","UK government department responsible for environmental policy and regulation.","...and a Department for the Environment..."
"United Nations (UN system)","Organization","Endorsed and supported global collaboration and research programmes that advanced environmental science and informed policy.","International","The intergovernmental organization that coordinates global scientific and policy initiatives.","Starting in the late 1960s, the UN system endorsed and supported global collaboration and research programmes such as the Global Atmospheric Research Programme (GARP) and the Global Environment Monitoring System (GEMS)."
"Global Atmospheric Research Programme (GARP)","Organization","Provided a coordinated platform for scientists to develop and share atmospheric data and models, contributing to climate and environmental policy.","International","An international research programme focused on atmospheric science.","Starting in the late 1960s, the UN system endorsed and supported global collaboration and research programmes such as the Global Atmospheric Research Programme (GARP) ..."
"Global Environment Monitoring System (GEMS)","Organization","Collected and disseminated environmental data (e.g., atmospheric composition, oceanic temperature) that underpinned scientific assessments and policy discussions.","International","A United Nations‑run system for monitoring global environmental parameters.","... research programmes such as the Global Atmospheric Research Programme (GARP) and the Global Environment Monitoring System (GEMS)."
"International Union for Conservation of Nature (IUCN)","Organization","Published Red Data Books that identified threatened species, supplying critical evidence for biodiversity policy and conservation action.","International","A global union of governments and civil society organizations working on nature conservation and sustainable use of natural resources.","From 1966 onwards, the International Union for Conservation of Nature (IUCN) published Red Data Books of threatened species in need of conservation attention..."
"IPCC Working Group I","Organization","Enabled scientists with different expertise to share ideas and develop integrated climate models, strengthening the scientific basis for policy.","International","One of the three working groups of the IPCC, focusing on the physical science basis of climate change.","Through the IPCC's scientific Working Group 1, scientists with different expertise shared ideas and gained a broader picture of how their work related to the issue."
"World Climate Research Programme (WCRP)","Organization","Established a global framework for climate observations and modelling, supporting the emergence of modern climate science.","International","An international programme that coordinates climate research worldwide.","the first World Climate Research Programme was established in 1980."
"Convention on Biological Diversity (CBD)","Organization","Provided the legal and policy framework that brought biodiversity to the global political agenda, especially after the 1992 Rio Earth Summit.","International","An international treaty under the United Nations aimed at conserving biological diversity, sustainable use of its components, and fair sharing of benefits.","Biodiversity together with climate change secured global attention at the 1992 Rio Earth Summit through the CBD and the UNFCCC."
"Robert Angus Smith","Individual","Monitored sulphuric acid in rain and documented its harmful effects, providing early scientific evidence of air‑pollution impacts.","United Kingdom","Britain's first official air‑pollution inspector (1817‑84).","Robert Angus Smith (1817-84), Britain's first official air-pollution inspector, monitored the concentration of sulphuric acid in rain near to industrial Manchester and described its effects in his book Air and Rain (1872)"
"Beaver Committee","Organization","Produced the Beaver Committee Report (1954) highlighting the intolerable levels of air pollution and the harmful nature of sulphur dioxide.","United Kingdom","A UK government‑appointed committee that investigated air‑pollution in the early 1950s. A committee that conducted an early attempt to cost the damage caused by air pollution in the mid‑1950s.","The resulting Beaver Committee Report (1954) concluded that levels of air pollution could no longer be tolerated but also observed that 'sulphur dioxide is one of the most harmful of all polluting agents'."
"UK Department of the Environment","Government","Scientists and civil servants within the department advocated for reducing sulphur dioxide emissions in the 1980s.","United Kingdom","British governmental department responsible for environmental policy.","By the early 1980s, scientists and civil servants at the UK Department of the Environment were convinced that it was in Britain's interests to reduce sulphur dioxide emissions"
"Organisation for Economic Co-operation and Development (OECD)","Organization","Coordinated a five‑year multinational study (1972‑77) on acid rain involving eleven European countries.","International","International intergovernmental economic organization.","It prompted a five-year study into acid rain by the Organisation for Economic Co-operation and Development (OECD), in which eleven European countries, including the UK and Sweden, participated (1972-77)."
"United States government","Government","Conducted a scientific assessment of acid‑rain impacts and initially resisted regulatory action, later signing an air‑quality accord with Canada in 1991.","United States","Federal government of the United States of America.","the US and Canadian governments undertook a similar scientific exercise, concluding that effects on fish, forestry and farming were serious"
"Canadian government","Government","Participated in joint scientific assessments of acid rain and signed a bilateral air‑quality accord with the United States in 1991.","Canada","Federal government of Canada.","the US and Canadian governments undertook a similar scientific exercise, concluding that effects on fish, forestry and farming were serious"
"Germany","Government","Responded to public pressure over forest damage by moving toward emission‑reduction policies.","Germany","Federal government of Germany.","Germany, though a large emitter of sulphur dioxide, was stung into action by public reaction to the death of much loved national forests and an increasingly vocal green movement."
"Ronald Reagan","Individual","His administration’s stance delayed the 1991 Canada‑USA air‑quality accord on acid rain.","United States","President of the United States (1981‑1989).","An air quality accord between Canada and the USA was signed in 1991 after a change in administration from President Ronald Reagan (1981-89) to President George H. Bush (b. 1924)."
"European Union (EU)","Organization","Implemented a precautionary approach by placing a moratorium on the commercial growing of genetically modified (GM) crops.","European Union","A supranational political and economic union of European member states.","The EU placed a moratorium on the commercial growing of GM crops on this basis."
"US Food and Drink Administration (FDA)","Government","Introduced the scientific criterion of substantial equivalence to assess GM products, emphasizing similarity to existing foods rather than applying a precautionary principle.","United States","The United States federal agency responsible for protecting public health through regulation of food, drugs, and related products.","the US Food and Drink Administration (FDA) introduced scientific criteria called substantial equivalence to identify how similar new products were to existing ones."
"UK scientists","Other","Have not been able to demonstrate the safety of GM crops and have faced protests that destroyed every crop trial attempted since 2000.","United Kingdom","Researchers and academic experts based in the United Kingdom working on agricultural and environmental science.","UK scientists are no nearer to proving that GM crops are safe as protesters have found and destroyed every crop trial attempted since 2000."
"Shell","Organization","Owned the Brent Spar buoy, identified deep‑sea disposal in UK waters as the preferred environmental option, and promoted this plan with technical studies supported by the UK government.","Netherlands","A multinational oil and gas corporation (Royal Dutch Shell).","The Brent Spar was owned by the Shell oil company. Shell had identified deep‑sea disposal in UK waters as the best environmental option at reasonable cost. Its decision was supported by technical studies and by the UK government."
"IPCC","Organization","Produces assessment reports that serve as scientific basis for climate policy and are central to governance efforts to account for nature's wellbeing.","None","Intergovernmental Panel on Climate Change, created to make climate science relevant, understandable and clear.","When the IPCC was created, its purpose was to make climate science relevant, understandable and clear."
"Wall Street Journal","Organization","Amplified industry‑linked criticisms of IPCC findings, shaping public debate and political pressure on climate governance.","United States","U.S. newspaper that reported on alleged procedural violations in IPCC reports.","In 1995 the Wall Street Journal picked up and published claims that editorial changes to the second report on the science of climate change were in violation of IPCC rules of procedure and would 'deceive policy makers and the public into believing that the scientific evidence shows human activities ..."
"Fred Singer","Individual","Provided scientific authority to challenges against the IPCC consensus, influencing public and policy discourse on climate change.","United States","American physicist known for climate‑skeptic positions.","Academics such as the American physicist Fred Singer (b. 1924) ... added scientific authority to a continuous stream of challenges to climate science."
"Bjørn Lomborg","Individual","Contributed scholarly arguments that contested IPCC conclusions, affecting the framing of climate governance debates.","Denmark","Danish statistician and author noted for questioning the cost‑effectiveness of climate policies.","...and the Danish statistician Bjørn Lomborg (b. 1965) added scientific authority to a continuous stream of challenges to climate science."
"Exxon Mobil","Organization","Faced direct challenge from the Royal Society over its stance on climate science, exemplifying corporate resistance to climate governance measures.","United States","World's richest oil and gas company, member of the Global Climate Coalition.","Direct conflict broke out in 2006 when Exxon Mobil, the world's richest company and a member of the Global Climate Coalition, was challenged in an exchange of letters that became public with the Royal Society."
"Royal Society","Organization","Engaged publicly with Exxon Mobil, defending scientific integrity of climate assessments and influencing policy discussions.","United Kingdom","The United Kingdom's oldest scientific academy. The United Kingdom’s national academy of sciences, dedicated to promoting excellence in science.","...was challenged in an exchange of letters that became public with the Royal Society, the world's oldest scientific academy."
"Climatic Research Unit (CRU)","Organization","Produced key climate data used by the IPCC; became a focal point of scrutiny and controversy, affecting trust in climate science governance.","United Kingdom","Research unit at the University of East Anglia that develops global temperature records.","The challenge to climate science reached a new peak after approximately 1000 emails from the Climatic Research Unit (CRU) at the University of East Anglia (UEA) were hacked and posted on the internet in November 2009."
"Muir Russell","Individual","Led a review that assessed the conduct of CRU scientists, influencing public confidence and policy responses to climate science challenges.","United Kingdom","Chair of the independent review of the CRU email controversy.","The Muir Russell emails review found 'their rigour and honesty as scientists are not in doubt'..."
"Daily Telegraph","Organization","Reported on the hostile climate‑science environment, shaping public perception of scientific debates and influencing political pressure on climate governance.","United Kingdom","UK broadsheet newspaper.","the Daily Telegraph, the most widely circulated broadsheet in the UK, summarised the atmosphere of hostility..."
"E. O. Wilson","Individual","Provides a scholarly observation that new scientific ideas face resistance but can endure, underscoring the persistence needed in climate‑change advocacy.","United States","Edward O. Wilson (born 1929) is an American biologist, naturalist, and author known for his work on biodiversity and sociobiology.","The biologist E. O. Wilson (b. 1929) has observed that 'any new idea will take some serious hits', but that if sound, ideas will ultimately survive."
"Adam Smith","Individual","Identified rent from land as a stable source of public revenue, laying early groundwork for recognizing natural resources in economic analysis.","United Kingdom","Scottish moral philosopher and economist, author of *The Wealth of Nations*.","Adam Smith (1723-90) described rent from the use of land, the wages of labour and profits of stock as 'the three original sources of all revenue as well as of all exchangeable value.'"
"David Ricardo","Individual","Developed early economic theories that later informed discussions of land and resource economics.","United Kingdom","British classical economist known for the theory of comparative advantage and rent.","political economists David Ricardo (1772-1823) and, later, Karl Marx (1818-83) set out their work on economics."
"Karl Marx","Individual","Described land as a reservoir of resources and a fundamental element of production, influencing later environmental economic thought.","Germany","German philosopher, economist, and revolutionary socialist.","Karl Marx described land as providing a 'reservoir' of resources for coal and minerals, as 'powers of nature' driving mills, and as the 'element of production' for agriculture."
"Anne‑Robert‑Jacques Turgot","Individual","Outlined the concept that land productivity has a maximum, highlighting limits to resource‑based wealth.","France","French economist and statesman, early proponent of the law of diminishing returns in agriculture.","Anne‑Robert‑Jacques Turgot (1727-81) outlined a law of diminishing returns in agriculture, arguing that there was a maximum point of land productivity that was impossible to surpass."
"William Stanley Jevons","Individual","Highlighted the paradox of increased fuel efficiency leading to greater consumption, an early insight into rebound effects on natural resources.","United Kingdom","British economist and logician, author of *The Coal Question*.","In 1865, William Stanley Jevons (1835-82) published The Coal Question: An Inquiry Concerning the Progress of the Nation, and the Probable Exhaustion of our Coal‑mines, in which he argued that improvements in fuel efficiency tended to increase, rather than decrease, fuel use."
"John Stuart Mill","Individual","One of the first economists to treat the environment as more than a production input, advocating for a stationary‑state economy and warning against unlimited growth.","United Kingdom","British philosopher, political economist, and civil servant.","John Stuart Mill (1806-73) was among the first economists to treat the environment as more than a unit of land or a means of production."
"Arthur C. Pigou","Individual","Introduced the concept of negative externalities, arguing for government intervention to address environmental harms.","United Kingdom","British economist, pioneer of welfare economics.","Later economist Arthur C. Pigou (1877-1959) argued that when the detrimental effects of an activity went unrecognised, then the government should intervene."
"International Monetary Fund","Organization","Established at the 1944 Bretton Woods conference to coordinate monetary policy and provide financial stability, shaping the global economic framework that later influences discussions on nature‑based accounting.","International","An international financial institution created to ensure post‑war peace and prosperity through economic cooperation.","The meeting led to the establishment of the IMF and the International Bank for Reconstruction and Development (now the World Bank)."
"Paley Commission","Organization","Provided a comprehensive assessment of natural‑resource usage and advocated for measured resource planning in the United States.","United States","A U.S. presidential commission chaired by William Paley that produced the five‑volume report "Resources for Freedom: Foundations for Growth and Security".","the Paley Commission, chaired by William Paley (1901-90), produced a five-volume report: Resources for Freedom: Foundations for Growth and Security."
"William Paley","Individual","Led the commission that highlighted unprecedented increases in natural‑resource consumption and argued for strategic planning.","United States","Chair of the Paley Commission and author of its landmark resource‑assessment report.","the Paley Commission, chaired by William Paley (1901-90), produced a five-volume report: Resources for Freedom: Foundations for Growth and Security."
"John Kenneth Galbraith","Individual","Critiqued the dominance of production‑centric measures of progress, laying intellectual groundwork for questioning growth‑only paradigms.","United States","Canadian‑American economist and author of *The Affluent Society* (1958).","In The Affluent Society (1958), the American economist John Kenneth Galbraith (1908-2006), reflecting on the continued focus on production as a measure of progress, observed:"
"Henry Fairfield Osborn Jr.","Individual","Raised early alarm about overexploitation of natural resources, contributing to the Malthusian discourse that fed later environmental movements.","United States","Conservationist and author of *Our Plundered Planet* (1948).","These included Henry Fairfield Osborn Jr's (1887-1969) Our Plundered Planet and William Vogt's (1902-68) Road to Survival, both published in 1948."
"William Vogt","Individual","Highlighted the ecological limits of unchecked population and resource growth, influencing early environmental advocacy.","United States","Ecologist and author of *Road to Survival* (1948).","These included Henry Fairfield Osborn Jr's (1887-1969) Our Plundered Planet and William Vogt's (1902-68) Road to Survival, both published in 1948."
"David Brower","Individual","Encouraged Paul Ehrlich to frame population issues as an environmental concern, linking demographic trends to the environmental movement.","United States","Executive Director of the Sierra Club (1969‑1973) and prominent environmental leader.","David Brower (1912-2000), Executive Director of the Sierra Club, suggested to biologist Paul R. Ehrlich (b. 1932) that he summarise in book form the argument that the population issue should be addressed by the environmental movement."
"Paul R. Ehrlich","Individual","Popularized the link between rapid population growth and environmental degradation, shaping public discourse on sustainability.","United States","Biologist and author of *The Population Bomb* (1968).","David Brower (1912-2000), Executive Director of the Sierra Club, suggested to biologist Paul R. Ehrlich (b. 1932) that he summarise in book form the argument that the population issue should be addressed by the environmental movement."
"Richard Nixon","Individual","Delivered a special message to Congress in 1969 highlighting concerns about population growth, signaling federal attention to demographic‑environmental issues.","United States","42nd President of the United States. President of the United States (1969‑1974).","US President Richard Nixon (1913-94) gave a special message to Congress on 'the problems of population growth'."
"Kenneth E. Boulding","Individual","Introduced the “Spaceship Earth” metaphor, challenging the notion of limitless economic growth and emphasizing finite planetary resources.","United Kingdom/United States","British‑American economist and author of the essay “The Economics of the Coming Spaceship Earth” (1966).","In his 1966 essay 'The Economics of the Coming Spaceship Earth', Kenneth E. Boulding (1910-93) challenged neoclassical economic ideas of an 'open' economic system without finite resources and a limited assimilative capacity to absorb waste."
"Paul Ehrlich","Individual","Co‑author of critiques of economic growth; helped formulate the IPAT equation linking population, affluence and technology to environmental impact.","United States","American biologist and author who co‑advocated the public service functions of the environment. American biologist and population scholar, prominent critic of growth‑centric development.","Ehrlich and Barry Commoner (b. 1917) became two of the most prominent critics of the focus on economic growth as a measure of progress."
"Barry Commoner","Individual","Critic of growth‑centric metrics; his work was debated by Ehrlich and Holdren in the development of the IPAT framework.","United States","American ecologist and environmental activist, known for linking ecological limits to social policy.","Ehrlich and Barry Commoner (b. 1917) became two of the most prominent critics of the focus on economic growth as a measure of progress."
"John P. Holdren","Individual","Collaborated with Ehrlich in critiquing Commoner’s emphasis on technology and contributed to the reformulation of the IPAT equation.","United States","American physicist and science advisor, specialist in energy and environmental policy.","Ehrlich and his colleague John P. Holdren (b. 1944) accused Commoner of placing too great an emphasis on 'faulty technology' and of underplaying the role of population and affluence."
"Robert F. Kennedy","Individual","Delivered a high‑profile speech in 1968 condemning gross national product as an inadequate measure of societal wellbeing.","United States","American senator and former U.S. Attorney General, noted for his advocacy on social justice and environmental issues.","In March 1968, Robert F. Kennedy (1925-68) delivered a campaign speech at the University of Kansas where he explained the shortcomings of using gross national product (GNP) to measure progress."
"Aurelio Peccei","Individual","Co‑organized the 1968 Rome meeting that led to the creation of the Club of Rome, a platform for interdisciplinary dialogue on resource consumption.","Italy","Italian industrialist and co‑founder of the Club of Rome, influential in global sustainability discourse.","In 1968, the industrialist Aurelio Peccei (1908-84) and Scottish scientist Alexander King (1909-2007) invited an international group of professionals from industry, academia and civil society to a villa in Rome."
"Alexander King","Individual","Co‑organized the 1968 Rome meeting that seeded the Club of Rome, fostering interdisciplinary research on global limits to growth.","United Kingdom","Scottish scientist and futurist, co‑founder of the Club of Rome.","In 1968, the industrialist Aurelio Peccei (1908-84) and Scottish scientist Alexander King (1909-2007) invited an international group of professionals from industry, academia and civil society to a villa in Rome."
"Club of Rome","Organization","Published *The Limits to Growth* (1972), a seminal report linking economic activity with environmental constraints and sparking worldwide debate on planetary boundaries.","Italy","International think‑tank founded in 1968 that studies global challenges and promotes sustainable development.","Following the meeting, the participants established the Club of Rome as a focal point for their shared concerns."
"Massachusetts Institute of Technology","Organization","Provided the scientific team that developed the first integrated global model used in *The Limits to Growth* report.","United States","Leading U.S. research university, home to a group of systems scientists who built early integrated global models.","The Club's first report, The Limits to Growth (1972), was underpinned by the work of a group of systems scientists at the Massachusetts Institute of Technology (MIT), who had developed the first integrated global model linking the world economy and the environment."
"Julian Simon","Individual","Prominent academic who publicly challenged the notion of physical limits to growth and engaged in a high‑profile wager with Ehrlich over metal prices.","United States","American economist known for his optimistic view of human ingenuity and resource abundance.","Julian Simon (1932-98) was among the most prominent academics to challenge the idea that there are physical limits to resources that must ultimately constrain economic growth."
"Kenneth Boulding","Individual","Made the resource limitations of the economic system understandable to the wider public, laying conceptual groundwork for ecological economics.","None","Economist who introduced the ‘spaceship Earth’ metaphor to illustrate resource limits.","Boulding's use of the spaceship Earth metaphor made the resource limitations of the economic system understandable to the wider public."
"Nicholas Georgescu‑Roegen","Individual","Challenged the dominance of price‑based solutions to environmental problems, arguing that values must precede prices.","United States","Economist and ecological thinker known for critiquing the reliance on purely economic methods for environmental policy. Mathematical economist known for applying the second law of thermodynamics to ec...","Georgescu‑Roegen was among those who challenged this emphasis on using economic methods to solve environmental policy questions:"
"Herman E. Daly","Individual","Observed Georgescu‑Roegen’s predictions and advanced the steady‑state economy concept as an alternative to conventional growth.","None","Ecological economist and proponent of the steady‑state economy.","As Herman E. Daly (b. 1938) later observed, Georgescu‑Roegen predicted that the need for biofuels would place land for energy crops in competition with land for food 'when most economists were talking about feeding the world with petroleum'."
"Ernst F. Schumacher","Individual","Advocated treating natural resources as capital and promoted ecologically efficient distribution of resources.","None","Economist and author of *Small is Beautiful* who championed appropriate technology.","This argument was shared by Ernst F. Schumacher (1911-77), who championed the use of appropriate technology in Small is Beautiful: A Study of Economics as if People Mattered (1973)."
"Marilyn Waring","Individual","Highlighted the need for alternative wellbeing metrics that value non‑market activities and environmental health.","None","Feminist economist known for critiquing GDP as a measure of wellbeing.","In the 1980s, the need to provide alternatives to the gross domestic product (GDP) was highlighted by feminist economist Marilyn Waring (b. 1952), who criticised the GDP as a system which 'counts oil spills and wars as contributors to economic growth, while child-rearing and housekeeping are deemed ..."
"John B. Cobb","Individual","Co‑constructed an index of sustainable economic welfare intended to replace GNP as a measure of economic wellbeing.","None","Theologian and economist who co‑authored an early sustainable‑welfare index.","Following this, Daly and John B. Cobb (b. 1925) constructed an index of sustainable economic welfare intended to replace GNP as a measure of economic wellbeing."
"Government of India","Government","Backed the World Bank’s 2010 natural‑wealth accounting initiative, supporting the development of alternative wellbeing metrics.","India","National government of the Republic of India.","In 2010 the World Bank launched a plan, backed by India, Mexico and a number of other countries, to create an accounting measure that puts the natural wealth of nations alongside financial measurements such as GDP."
"Government of Mexico","Government","Supported the World Bank’s 2010 plan to integrate natural wealth into national accounting systems.","Mexico","National government of the United Mexican States.","In 2010 the World Bank launched a plan, backed by India, Mexico and a number of other countries, to create an accounting measure that puts the natural wealth of nations alongside financial measurements such as GDP."
"United States Environmental Protection Agency (EPA)","Government","Uses cost‑benefit analysis extensively to evaluate environmental protection options and regulatory decisions.","United States","The federal agency responsible for environmental regulation in the United States.","Agencies responsible for environmental regulations such as the EPA in the USA have used cost‑benefit analysis extensively, but its application can be complex and controversial and is not always trusted by environmental campaigners or regulated industries."
"Roskill Commission","Organization","Applied social cost‑benefit analysis to justify a runway location, illustrating challenges of valuing noise pollution and other public environmental values.","United Kingdom","A UK commission that examined locations for a third runway at London Heathrow Airport in the early 1970s.","When the Roskill Commission proposed a location for a third runway in London in the early 1970s, it used social cost‑benefit analysis to support its case."
"John Holdren","Individual","Advocated for recognizing ecosystem functions as public services, influencing early ecosystem‑services discourse.","United States","American scientist and policy advisor who, together with Paul Ehrlich, promoted the concept of public service functions of the environment.","Holdren and Ehrlich advocated this idea and in an article for American Scientist described the 'public service functions of the environment'."
"Millennium Ecosystem Assessment","Organization","Provided a comprehensive, worldwide overview of ecosystem conditions and quantified the four categories of ecosystem services.","International","A global, UN‑sponsored scientific assessment (2001‑2005) of ecosystem changes and their impacts on human wellbeing.","The Millennium Ecosystem Assessment examined the consequences of ecosystem change on human wellbeing, and provided a global overview of conditions of the world's ecosystems and the services they provide to humanity."
"Massachusetts Institute of Technology (MIT)","Organization","Issued a 1970 report that identified nine environmental services, laying groundwork for the ecosystem‑services framework.","United States","A leading research university in the United States that produced an early report on environmental services.","An 1970 MIT report of the Study of Critical Environmental Problems, entitled Man's Impact on the Global Environment: Assessment and Recommendations for Action, described nine 'environmental services' that would decline if the functioning of ecosystems were damaged."
"Sir Nicholas Stern","Individual","Provided a high‑profile economic analysis that framed climate change as a massive market failure and advocated a near‑zero discount rate, shaping international debate on valuing the future and influencing climate policy discussions.","United Kingdom","British economist and author of the 2006 Stern Review on the economics of climate change.","In his review of the economics of climate change, Sir Nicholas Stern (b. 1946) described climate change as 'market failure on the greatest scale the world has seen'. The 2006 Stern Review is the most highprofile example of economic theory presenting the case for environmental action."
"William Nordhaus","Individual","Critiqued Stern’s low discount‑rate approach by using higher discount rates, arguing that early climate action may be less cost‑effective, thereby contributing to the scholarly debate on climate‑change economics.","United States","American economist known for his work on climate economics and the DICE integrated assessment model.","Some economists, such as William Nordhaus (b. 1941), use much higher discount rates that lead them to conclude that Stern's approach is inefficient because early action is more expensive than necessary."
"United Nations Environment Programme","Organization","Produced a 2010 report estimating the scale of environmental damage caused by listed companies, highlighting the economic magnitude of ecological liabilities.","International (headquartered in Kenya, secretariat in Nairobi; administrative office in Geneva, Switzerland)","UN agency that coordinates the UN’s environmental activities and assists developing countries in implementing environmentally sound policies.","In 2010, a UNEP report estimated that 3000 listed companies were responsible for US$2.15 trillion worth of environmental damage in 2008, equivalent to 7 per cent off their combined revenues."
"Elinor Ostrom","Individual","Criticised Hardin’s arguments and advocated for durable, cooperative institutions governed by resource users themselves.","USA","Nobel Prize‑winning economist known for her work on the governance of common‑pool resources.","The Nobel Prize-winning economist Elinor Ostrom (b. 1933) has argued that Hardin's work has been used to rationalise central government control of all common pool resources such as fisheries, groundwater basins and irrigation systems, and to paint a disempowering and pessimistic picture of the human..."
"Evo Morales","Individual","His political rise was propelled by protests against water privatisation in Cochabamba, linking community mobilisation to national leadership.","Bolivia","Indigenous peoples’ leader who later became President of Bolivia.","When a privately run water company increased the price of water and sanitation in the Bolivian town of Cochabamba, this set in motion a chain of protests against privatisation and a political upheaval that swept the indigenous people's leader Evo Morales (b. 1959) to electoral victory in 2003."
"Franklin D. Roosevelt","Individual","Implemented the New Deal, a series of economic programmes that serve as a historical reference for later green recovery initiatives.","USA","32nd President of the United States (1933‑1945).","US President Franklin D. Roosevelt's (1882-1945) response to the 1929 Great Depression was a series of economic programmes called the New Deal, which focused on relief, recovery and reform."
"Gordon Brown","Individual","Hosted the G20 London Summit in 2009 to discuss the international response to the financial crisis and the Global Green New Deal.","United Kingdom","UK Labour Party Prime Minister (2007‑2010).","In April 2009, UK's then Labour Prime Minister Gordon Brown (b. 1951) held the G20 London Summit to discuss the international response to the financial crisis."
"G20","Coalition","Issued communiqués pledging clean‑technology transitions, climate action, and support for green fiscal spending as part of the GGND response.","International","Group of the world’s major economies that coordinates policy on global economic issues.","A G20 communiqué from the meeting stated 'We will make the transition towards clean, innovative, resource efficient, low carbon technologies and infrastructure [...] We will identify and work together on further measures to build sustainable economies.'"
"G20 governments","Coalition","Adopted policies with a green fiscal component to boost demand and growth during the 2009 recession.","None","The group of governments that are members of the G20, coordinating macro‑economic policies.","some G20 governments adopted policies to boost aggregate demand and growth, which included a sizeable green fiscal component."
"South Korea","Government","Allocated 5 % of its fiscal spending to a green stimulus, aiming for long‑term competitiveness in clean technology and reduced dependence on foreign oil.","South Korea","The national government of the Republic of Korea.","Only China (3 per cent) and South Korea (5 per cent) devoted a sizeable proportion of fiscal spending to a green stimulus..."
"Edward B. Barbier","Individual","Critiqued the G20 for failing to launch a worldwide green recovery and called for measures to curb fossil‑fuel subsidies and improve environmental pricing.","None","Consultant on the Green Growth and Development (GGND) agenda.","Edward B. Barbier, a consultant on the GGND, has argued that the G20 failed to instigate a worldwide green recovery, and called for further measures to reduce market distortions such as the fossil fuel subsidies and develop effective environmental pricing policies and regulations."
"Pavan Sukhdev","Individual","Described global fossil‑fuel subsidies as a ‘gross misallocation of capital’ and promoted investment in green sectors.","None","Head of UNEP’s green economy work.","Pavan Sukhdev, head of UNEP's green economy work, described existing economic measures, such as the US$600 billion a year spent on global fossil fuel subsidies, as a 'gross misallocation of capital'."
"post‑war Labour government","Government","Maintained food and resource rationing after the war, shaping public attitudes toward scarcity and resource efficiency, which are referenced in discussions of decoupling and sustainable consumption.","United Kingdom","The United Kingdom's Labour administration that governed in the immediate post‑World War II period.","As European countries began to rebuild their economies, the post‑war Labour government continued rationing, and it was not until July 1954 that all food rationing in the UK came to an end."
"US Marshall Plan","Government","Introduced American economic models, reduced trade barriers, and helped rebuild European economies, thereby influencing the post‑war growth trajectory that the text critiques in relation to consumerism and ecological limits.","United States","A United States‑led program (officially the European Recovery Program) that provided economic aid to rebuild war‑torn Europe after World II.","In order to modernise industrial and business practices in war‑torn Europe, the US Marshall Plan introduced American economic models to reduce trade barriers and rebuild and create a strong economic foundation."
"Ralph Nader","Individual","Catalyzed consumer advocacy and influenced government regulation on vehicle safety and emissions, contributing to the emergence of environmental governance around automobiles.","United States","Author of *Unsafe at Any Speed*, which examined the car industry's reluctance to improve vehicle pollution and safety.","In 1965, Ralph Nader (b. 1934) published Unsafe at Any Speed, which examined the reluctance of the car industry to improve both vehicle pollution and safety."
"Victor Lebow","Individual","Highlighted the influence of television advertising on consumer culture, helping to raise awareness of consumption‑driven environmental impacts.","None","Marketing consultant who wrote about television as a "powerful weapon" for producers.","Writing in the 1955 Journal of Retailing, marketing consultant Victor Lebow acknowledged that television was a 'powerful weapon' for producers."
"J. K. Galbraith","Individual","Provided scholarly critique of post‑war consumerism and its ecological consequences, informing public discourse and early environmental thought.","None","Economist who identified the imbalance between private wealth and environmental effects in *The Affluent Society*.","The economist J. K. Galbraith (1908-2006) eloquently identified the imbalance between the new-found private wealth and its environmental effects in his book The Affluent Society (1956)."
"Queen Elizabeth II","Individual","Served as a symbolic event that accelerated television adoption, thereby expanding the medium that later drove consumer‑driven environmental awareness.","United Kingdom","Monarch whose coronation in 1953 prompted many UK families to purchase their first television sets.","In 1953 many families in the UK bought their first television for the coronation of Queen Elizabeth II."
"BBC","Organization","Controlled early TV content and shaped the initial media environment before competition introduced advertising, influencing public perception of consumption.","United Kingdom","British public broadcaster that held a monopoly on television until the mid‑1950s. British public service broadcaster known for news, documentaries, and educational programming.","Two years later, the BBC's monopoly of television came to an end when the first independent television station, ITV, went on air."
"ITV","Organization","Pioneered TV advertising, expanding commercial messaging and contributing to the growth of consumer culture linked to environmental impacts.","United Kingdom","The first independent television station in the UK, which introduced television advertising to British audiences.","Two years later, the BBC's monopoly of television came to an end when the first independent television station, ITV, went on air."
"Bulova","Organization","Early adopter of TV advertising, demonstrating the commercial potential of the medium and influencing the spread of consumerist messaging.","United States","Watchmaker that aired the first United States television advertisement.","The first US television advertisement, for watchmaker Bulova, had been broadcast twelve years earlier and an industry was already developing around this advertising medium."
"Gaylord Nelson","Government","Proposed the first Earth Day on 22 April 1970, initiating a nationwide environmental mobilization.","United States","U.S. Senator who championed environmental legislation.","A year after the moon landing, US senator Gaylord Nelson (1916-2005) proposed the first Earth Day on 22 April 1970."
"Sir Fred Hoyle","Individual","Predicted that seeing Earth from space would transform human consciousness, influencing early environmental thought.","United Kingdom","British astronomer and prolific science writer.","Twenty-four years earlier, British astronomer Sir Fred Hoyle (1915-2001) had predicted that, when spaceflight enabled us to see the whole of Earth from space, the view would change us forever."
"Keep America Beautiful","NGO","Launched the iconic ‘Crying Indian’ public‑announcement campaign in 1971, raising public awareness of personal responsibility for pollution.","United States","U.S. nonprofit organization founded in 1953 to promote a national cleanliness ethic and reduce litter.","In 1971, Keep America Beautiful (KAB) launched the 'Crying Indian' public announcement campaign, which was to become an iconic symbol of personal environmental responsibility."
"CBS News","Organization","Provided primetime coverage of the inaugural Earth Day through the special report “Earth Day: A Question of Survival,” amplifying the movement’s message.","United States","American television news division of the Columbia Broadcasting System.","Media coverage included a primetime CBS News Special Report called Earth Day: A Question of Survival."
"Friends of the Earth (UK)","NGO","Published the pamphlet *The Aerosol Connection* and organised a consumer boycott against CFC‑based aerosols.","United Kingdom","UK branch of the international environmental organization Friends of the Earth.","In 1986, the UK FoE published a pamphlet, The Aerosol Connection, detailing a list of aerosols that were CFC‑free."
"Jonathon Porritt","Individual","Led FoE’s campaign strategy and publicly reflected on the power of consumer awareness.","United Kingdom","British environmentalist and former Director of Friends of the Earth (UK).","The then FoE Director, Jonathon Porritt (b. 1950), reflecting on the power of consumer awareness, wrote:"
"Prince of Wales","Individual","Publicly announced a personal ban on aerosols, influencing industry and consumer perception.","United Kingdom","Heir apparent to the British throne, known for environmental advocacy.","Once the Prince of Wales declared that he had banned all aerosols from his household, they knew they were fighting a losing battle."
"John Elkington","Individual","Co‑author of *The Green Consumer Guide*, promoting green consumerism.","United Kingdom","British sustainability consultant and author.","In 1988, John Elkington (b. 1949) and Julia Hailes (b. 1961) published The Green Consumer Guide, which reflected the growing interest in green consumerism..."
"Julia Hailes","Individual","Co‑author of *The Green Consumer Guide*, encouraging green purchasing decisions.","United Kingdom","British author and sustainability advocate.","In 1988, John Elkington (b. 1949) and Julia Hailes (b. 1961) published The Green Consumer Guide, which reflected the growing interest in green consumerism..."
"Environmental Defense Fund (EDF)","NGO","Joined other groups in a 1988 campaign targeting McDonald’s for its waste generation.","United States","U.S. environmental nonprofit organization.","In 1988, the US environmental groups EDF, Earth Action Network and Kids Against Pollution attacked McDonald's, the largest US fast-food chain, for the amount of rubbish it produced."
"Earth Action Network","NGO","Participated in the 1988 consumer‑action campaign against McDonald’s waste practices.","United States","U.S. environmental advocacy network.","In 1988, the US environmental groups EDF, Earth Action Network and Kids Against Pollution attacked McDonald's, the largest US fast-food chain, for the amount of rubbish it produced."
"Kids Against Pollution","NGO","Joined EDF and Earth Action Network in pressuring McDonald’s over non‑recyclable waste.","United States","U.S. youth‑focused environmental organization.","In 1988, the US environmental groups EDF, Earth Action Network and Kids Against Pollution attacked McDonald's, the largest US fast-food chain, for the amount of rubbish it produced."
"McDonald’s","Organization","Target of consumer‑action campaigns; responded by agreeing in 1990 to shift to paper‑based packaging.","United States","Global fast‑food corporation headquartered in the United States.","The company was subjected to mounting pressure on its nonrecyclable waste and in 1990 agreed to move to paper‑based packaging."
"Anita Roddick","Individual","Established a natural‑beauty retail chain that championed environmentally friendly products and partnerships.","United Kingdom","British entrepreneur and founder of The Body Shop.","In 1976, Anita Roddick (1942-2007) founded The Body Shop in Brighton, UK to sell natural beauty products."
"The Body Shop","Organization","Sponsored Greenpeace posters, supported community‑trade products, and co‑ran the ‘Save the whale’ window campaign with Greenpeace.","United Kingdom","International cosmetics retailer founded in the UK, known for ethical sourcing and environmental campaigns.","The Body Shop appealed to the environmentally conscious consumer by sponsoring Greenpeace posters and supporting community trade products. In 1986 it created its own window campaign, 'Save the whale', in collaboration with Greenpeace."
"Marks & Spencer","Organization","Launched a £200 million ‘Plan A’ programme aimed at carbon neutrality through energy reduction and recycled‑material products.","United Kingdom","British retailer.","Marks & Spencer launched a £200 million 'Plan A' programme to make the company carbon neutral by cutting energy consumption and stocking more products from recycled materials."
"Jacques Cousteau","Individual","Brought marine life to public attention through the 1966 US broadcast of *The Undersea World of Jacques Cousteau*, helping to raise environmental awareness.","France","French oceanographer and filmmaker.","The 1966 US broadcast of The Undersea World of Jacques Cousteau brought life under the seas to public attention for the very first time."
"David Bellamy","Individual","Contributed to popularising environmental knowledge on UK television.","United Kingdom","British botanist and TV presenter.","UK TV botanist David Bellamy (b. 1933)"
"David Attenborough","Individual","Produced influential documentaries (e.g., *Life on Earth*) that reshaped public perspectives on the natural world.","United Kingdom","British naturalist and broadcaster.","naturalist David Attenborough (b. 1926). In 1979, Attenborough produced a highly acclaimed documentary, Life on Earth, which told the story of the evolution of life on the planet."
"Paul Newman","Individual","Participated in the 1970 Earth Day celebration, linking celebrity culture with environmental activism.","United States","American actor and philanthropist.","US actors Paul Newman (1925-2008) ... took part in the 1970 Earth Day celebration at Union Square in New York City."
"Ali McGraw","Individual","Participated in the 1970 Earth Day celebration, linking celebrity culture with environmental activism.","United States","American actor.","US actors Paul Newman (1925-2008) and Ali McGraw (b. 1939) took part in the 1970 Earth Day celebration at Union Square in New York City."
"Pete Seeger","Individual","Performed at a 1970 Earth Day event in Washington, DC, helping to raise environmental awareness through music.","United States","American folk singer and activist.","Folk singer Pete Seeger (b. 1919) was one of a number of artists who performed at a similar event in Washington, DC."
"Trudie Styler","Individual","Co‑founder of the Rainforest Foundation International, supporting indigenous rainforest protection.","United Kingdom","British actress and producer, wife of Sting.","British musician Sting (b. 1951) founded the Rainforest Foundation International with his wife Trudie Styler (b. 1954) ..."
"Jean‑Pierre Dutilleux","Individual","Co‑founder of the Rainforest Foundation International, contributing to its media and advocacy work.","Belgium","Belgian film‑maker.","...and Belgian film‑maker Jean‑Pierre Dutilleux."
"Rainforest Foundation International","NGO","Responded to the request of Kayapo leader Raoni Metuktire and led an international campaign that achieved legal recognition and demarcation of over 27,000 km² of Amazon rainforest.","International","International non‑governmental organization focused on rainforest protection and indigenous rights.","The Foundation responded to the request of Kayapo indigenous leader Raoni Metuktire, who joined Sting in an international campaign to support their fight for the right to own their own land in the Brazilian state of Amazonas."
"Raoni Metuktire","Individual","Partnered with Sting and the Rainforest Foundation International to secure legal recognition and demarcation of Kayapo territory.","Brazil","Indigenous leader of the Kayapo people in Brazil.","The Foundation responded to the request of Kayapo indigenous leader Raoni Metuktire, who joined Sting in an international campaign to support their fight for the right to own their own land in the Brazilian state of Amazonas."
"Vanity Fair","Organization","Published the 2006 'Green Issue' to highlight global warming and promote sustainability to a broad audience.","United States","US magazine covering popular culture, fashion and politics.","In May 2006, US Vanity Fair, a magazine of popular culture, fashion and politics, reflected popular environmental awareness when it published its 'Green Issue'."
"Julia Roberts","Individual","Featured on the Vanity Fair 'Green Issue' cover to draw public attention to climate change.","United States","Hollywood movie star and actress.","The cover featured Hollywood movie stars Julia Roberts (b. 1967) and George Clooney (b. 1961)..."
"George Clooney","Individual","Featured on the Vanity Fair 'Green Issue' cover to draw public attention to climate change.","United States","Hollywood movie star and actor.","The cover featured Hollywood movie stars Julia Roberts (b. 1967) and George Clooney (b. 1961)..."
"Robert Kennedy Jr","Individual","Appeared on the Vanity Fair 'Green Issue' cover to signal political support for climate awareness.","United States","American environmental attorney and political figure.","The cover featured ... politicians Al Gore (b. 1948) and Robert Kennedy Jr (b. 1954)..."
"Annie Leibovitz","Individual","Photographed the Vanity Fair 'Green Issue' cover, visually linking celebrities with environmental messaging.","United States","American portrait photographer.","The four celebrities were photographed by American portrait photographer Annie Leibovitz (b. 1949)..."
"Leonardo DiCaprio","Individual","Produced and narrated the documentary *The 11th Hour* to raise awareness of planetary health challenges.","United States","American actor and environmental activist.","In 2007, US actor Leonardo DiCaprio (b. 1974) produced and narrated the feature film documentary The 11th Hour on the state of the natural environment."
"Franny Armstrong","Individual","Produced the climate‑change film *The Age of Stupid* and founded the 10:10 campaign to encourage emission reductions.","United Kingdom","British environmental campaigner and filmmaker.","In 2009 British environmental campaigner Franny Armstrong (b. 1972) produced the film The Age of Stupid... This inspired Armstrong to found the 10:10 campaign, which encouraged individuals, businesses and organisations to commit to reducing their carbon emissions."
"Pete Postlethwaite","Individual","Starred in *The Age of Stupid*, a film used to communicate climate‑change risks to the public.","United Kingdom","British actor.","The Age of Stupid stars British actor Pete Postlethwaite (1946-2011), who depicted a man living alone in the devastated world of 2055..."
"Public Interest Research Centre","NGO","Authored the *Climate Safety* report that called for a 10 % emissions reduction, providing evidence that spurred the 10:10 campaign.","United Kingdom","UK‑based research organization focused on public‑interest issues.","In 2008, the Public Interest Research Centre's report Climate Safety concluded the need for a 10 per cent reduction in the developed world's emissions by the end of 2010."
"10:10 campaign","Coalition","Mobilises individuals, businesses and organisations worldwide to commit to measurable emission reductions.","United Kingdom","International climate‑action campaign encouraging a 10 % carbon‑emission cut.","This inspired Armstrong to found the 10:10 campaign, which encouraged individuals, businesses and organisations to commit to reducing their carbon emissions."
"Vivenne Westwood","Individual","Launched the 'Active Resistance' project to promote humanitarian and environmental engagement through fashion.","United Kingdom","British fashion designer.","In 2005, the designer Vivenne Westwood (b. 1941) set up 'Active Resistance' as a project to encourage engagement with humanitarian and environmental issues."
"Anya Hindmarch","Individual","Created a high‑visibility reusable‑bag campaign for Sainsbury's to discourage plastic‑bag use.","United Kingdom","British bag designer.","In 2007, bag designer Anya Hindmarch (b.1968) designed an unbleached £5 cotton bag with 'I am not a plastic bag' written on it for Sainsbury's supermarket."
"Sainsbury's","Organization","Partnered with designer Anya Hindmarch to sell an eco‑friendly reusable bag, supporting anti‑plastic consumer behaviour.","United Kingdom","Major UK supermarket chain.","In 2007, bag designer Anya Hindmarch (b.1968) designed an unbleached £5 cotton bag with 'I am not a plastic bag' written on it for Sainsbury's supermarket."
"HRH Prince Charles, Prince of Wales","Individual","Promotes sustainable living, influences policy (e.g., calling for EU climate leadership), and mobilises public engagement through high‑profile initiatives such as the bio‑fuel‑powered Royal Train tour and sustainability festivals.","United Kingdom","British royal who has championed environmental issues, launched the organic brand Duchy Originals, set household carbon‑reduction targets, and advocated for climate action in public speeches and tours...","HRH Prince Charles, Prince of Wales (b. 1948) has long had an interest in green issues and the natural environment."
"European Parliament","Government","Serves as the audience for Prince Charles’s 2008 speech urging EU leadership in combating climate change, thereby providing a political platform for high‑level environmental advocacy.","European Union","The directly elected legislative body of the European Union that debates and adopts EU policies and legislation.","Following this, in his first speech to the European Parliament on 14 February 2008, the Prince called for EU leadership in the war against climate change."
"Ronald Inglehart","Individual","Provided the theoretical concept of ‘post‑materialism’, explaining how shifting values make populations more receptive to environmental issues, thereby informing the sociocultural context of environmental movements.","United States","American political scientist and scholar of cultural change, known for his work on post‑materialist values.","Ronald Inglehart (b. 1934) defined this phenomenon as 'post-materialism'."
"Yale University","Organization","Produced empirical research on public understanding and attitudes toward climate change, informing the environmental movement, policymakers, and educators about knowledge gaps and trust in scientific sources.","United States","A private research university in the United States that conducted a 2010 study on U.S. public attitudes toward climate change.","A 2010 Yale University study of US public attitudes to climate change found that 63 per cent of Americans believed that global warming is happening."
"Elmer Wheeler","Individual","His marketing concept is cited as an early example of how environmental messages have been framed, influencing contemporary communication strategies within the environmental movement.","United States","US salesman who advised businesses on the 'Don't sell the sausage, sell the sizzle!' marketing approach in the 1940s.","In the 1940s, US salesman Elmer Wheeler advised businesses on his 'Don't sell the sausage, sell the sizzle!' marketing approach."
"Futerra","Organization","Authored a report arguing for new, positive climate messaging to re‑engage the public and media, shaping contemporary campaign approaches for greener behaviour.","None","A sustainability communications consultancy that produced the report 'Sizzle: The New Climate Message'.","A report by the sustainability communications consultancy Futerra, Sizzle: The New Climate Message, argues that in order to reinvigorate public and media interest, campaigns need to focus on a vision of a greener life that is positive and appealing to all."
