Name,Definition,Significance,Domain,Supporting_Text
"National income","The term most commonly used before the 1950s to refer to the headline indicator of the national accounts.",{'primary_category': 'unclear', 'justification': 'Referenced only as a generic term; no clear relevance to the initiative is provided.', 'supporting_text': 'I sometimes also use the generic term “national income” for the periods around the Second World War.'},"","Before the 1950s the term most commonly used was "national income"."
"Gross National Product (GNP)","An indicator of national economic activity used in the first two official versions of the System of National Accounts (1953 and 1968).",{'primary_category': 'revealing_potential_for_system_change', 'justification': 'Serves as the predecessor metric that was later replaced, indicating the possibility of metric transformation.', 'supporting_text': 'The first two official versions of the System of National Accounts (1953 and 1968) used the indicator Gross National Product (GNP).'},"","The first two official versions of the System of National Accounts (1953 and 1968) used the indicator Gross National Product (GNP)."
"Gross Domestic Product (GDP)","A statistical measure of the size of an economy that is widely used as a proxy for a society’s overall wellbeing, even though it actually only quantifies economic output.",{'primary_category': 'exposing_prevailing_condition', 'justification': 'The text critiques GDP for not measuring crucial societal aspects.', 'supporting_text': 'The realisation that GDP does not measure crucial aspects of society has inspired many researchers...'},"","GDP measures the size of the economy yet the perception is that it measures whether a society is doing well or not. ... GDP figures are collected and disseminated by all the major international institutions, such as the World Bank, International Monetary Fund, OECD and the European Commission."
"System of National Accounts (SNA)","An international handbook that provides methodological guidelines for recording the economic transactions and resources of a society; the primary reference framework for calculating GDP.",{'primary_category': 'undermining_changes_and_progress', 'justification': 'SNA underlies the statistical infrastructure that keeps GDP central.', 'supporting_text': 'Thirdly, macroeconomists have agreed on a formal macroeconomic language: the System of National Accounts.'},"","These are recorded in an international handbook called the System of National Accounts (SNA), which was last updated in 2008. It is a 722‑page manual on how to record the economic transactions and resources of a society."
"Gross National Income (GNI)","A macro‑economic aggregate included in the System of National Accounts, used as the basis for calculating contributions to Official Development Assistance.",{'primary_category': 'unclear', 'justification': 'Mentioned only as a basis for ODA without linking to the harmony‑with‑nature agenda.', 'supporting_text': 'For Official Development Assistance (ODA), for example, country contributions are based on GNI.'},"","The SNA includes other macroeconomic aggregates such as Gross National Income (GNI). For Official Development Assistance (ODA), for example, country contributions are based on GNI."
"Official Development Assistance (ODA)","International aid contributions that are calculated on the basis of a country’s Gross National Income.",{'primary_category': 'exposing_prevailing_condition', 'justification': 'ODA allocations are based on macro‑economic figures, linking aid to GDP‑centric metrics.', 'supporting_text': 'International agreements such as the contributions to Official Development Assistance (ODA) ... are made on the basis of macroeconomic figures.'},"","For Official Development Assistance (ODA), for example, country contributions are based on GNI."
"Common language for the well‑being and sustainability community","A shared terminology and set of concepts aimed at aligning economic decision‑making with well‑being and sustainability goals, proposed as an alternative to GDP‑centric metrics.",{'primary_category': 'fostering_collective_action', 'justification': 'Provides a shared terminology that can unite actors around alternative well‑being metrics.', 'supporting_text': 'Replacing GDP by 2030 Towards a Common Language for the Well‑being and Sustainability Community'},"","Replacing GDP by 2030 Towards a Common Language for the Well‑being and Sustainability Community"
"GDP multinational (metaphor)","A metaphorical framing of GDP as a global brand or multinational corporation, emphasizing its worldwide presence, standardized product specifications, and the difficulty of altering its structure.",{'primary_category': 'exposing_prevailing_condition', 'justification': 'The metaphor depicts GDP as a powerful, entrenched global brand that resists change.', 'supporting_text': 'It has a worldwide presence and vast logistical infrastructure... the GDP multinational.'},"","It is easy to argue that GDP has a lot in common with a multinational company. ... The GDP multinational is no different."
"Beyond‑GDP","A collective term for the diverse set of alternatives to Gross Domestic Product that aim to measure societal progress, including green accounting, subjective wellbeing, ecological footprint, composite...",{'primary_category': 'exposing_prevailing_condition', 'justification': 'The text highlights the dominance of GDP and the inability of Beyond‑GDP initiatives to compete.', 'supporting_text': 'The Beyond‑GDP cottage industry cannot compete with this GDP multinational.'},"","These are known under the collective term "Beyond‑GDP" but defining the boundaries of this field are difficult."
"green accounting","An approach that adjusts traditional GDP (or other SNA aggregates) by subtracting monetary estimates of environmental damage and adding monetary values for welfare‑enhancing dimensions such as leisure...",{'primary_category': 'revealing_potential_for_system_change', 'justification': 'The movement succeeded in elevating an index to a statistical standard.', 'supporting_text': 'green accounting movement has managed to get an index elevated to a statistical standard.'},"","Among economists, the best known are ""green accounting"" indicators. This approach includes indicators such as the Measure of Economic Well‑being (MEW), Sustainable National Income (SNI), Index of Sustainable Economic Welfare (ISEW), Genuine Progress Indicator (GPI), Genuine/Adjusted Net Savings or..."
"Measure of Economic Well‑being (MEW)","A green‑accounting indicator that adjusts GDP by accounting for welfare‑reducing impacts and adding monetary values for welfare‑enhancing dimensions.",{'primary_category': 'revealing_potential_for_system_change', 'justification': 'Conceptualizes welfare‑adjusted economic measurement.', 'supporting_text': 'green accounting includes indicators such as the Measure of Economic Well‑being (MEW)'},"","This approach includes indicators such as the Measure of Economic Well‑being (MEW)..."
"Sustainable National Income (SNI)","A green‑accounting approach that treats environmental limits as the foundation, asking how high national income could be if current technology were used while staying within sustainability limits.",{'primary_category': 'revealing_potential_for_system_change', 'justification': 'Proposes a novel baseline—environmental limits—to calculate national income, highlighting a systemic alternative.', 'supporting_text': 'A different, rather unique, approach was proposed in 1974 by Roefie Hueting: Sustainable National Income.'},"","A different, rather unique, approach was proposed in 1974 by Roefie Hueting: Sustainable National Income."
"Index of Sustainable Economic Welfare (ISEW)","A green‑accounting composite that adjusts GDP for environmental degradation and adds values for non‑market welfare components.",{'primary_category': 'revealing_potential_for_system_change', 'justification': 'Provides an alternative metric that adjusts GDP for environmental damage and welfare gains, opening pathways for systemic re‑evaluation.', 'supporting_text': 'This approach includes indicators such as ... Index of Sustainable Economic Welfare (ISEW) ...'},"","...Index of Sustainable Economic Welfare (ISEW)..."
"Genuine Progress Indicator (GPI)","A green‑accounting metric that starts from GDP and then subtracts environmental costs and adds positive social contributions to gauge true progress.",{'primary_category': 'fostering_collective_action', 'justification': 'Adopted by US states as official measures, demonstrating concrete policy implementation.', 'supporting_text': 'Two US states, Maryland and Vermont, have introduced official GPI measures...'},"","...Genuine Progress Indicator (GPI)..."
"Genuine/Adjusted Net Savings (or Wealth Index)","A green‑accounting measure that adjusts national savings for environmental depletion and investment in human capital, providing a broader view of wealth.",{'primary_category': 'revealing_potential_for_system_change', 'justification': 'Adjusts national accounts for resource depletion and environmental costs, indicating a possible systemic change in accounting.', 'supporting_text': 'This approach includes indicators such as ... Genuine/Adjusted Net Savings (Wealth Index) ...'},"","...Genuine/Adjusted Net Savings or Wealth Index."
"subjective wellbeing (SWB)","A field that gauges the "life satisfaction" or "happiness" of a population by asking respondents to rate their life situation on a numerical scale, often used to contrast with GDP.",{'primary_category': 'revealing_potential_for_system_change', 'justification': 'SWB introduces a non‑monetary dimension of welfare, challenging GDP‑centric assessments.', 'supporting_text': 'The field of subjective wellbeing (SWB) includes approaches which provide data on the “life satisfaction” ...'},"","The field of subjective wellbeing (SWB) includes approaches which provide data on the "life satisfaction" or "happiness" of a population."
"ecological footprint","An indicator that quantifies the amount of biologically productive land and water area required to sustain a population’s consumption and waste, frequently cited in grey literature and policy document...",{'primary_category': 'revealing_potential_for_system_change', 'justification': 'Quantifies environmental demand, offering a concrete alternative to GDP for assessing sustainability.', 'supporting_text': 'For example, the ecological footprint is cited frequently, including in the Living Planet Report of the World Wildlife Fund.'},"","For example, the ecological footprint is cited frequently, including in the Living Planet Report of the World Wildlife Fund."
"Human Development Index (HDI)","A composite indicator that aggregates health, education and GDP into a single index to assess human development across countries.",{'primary_category': 'fostering_collective_action', 'justification': 'Aggregates health, education and income, guiding policy and development programmes.', 'supporting_text': 'The HDI aggregates numerically the economy, health and education into a single index.'},"","There are "composite indicators" such as the Human Development Index (HDI), which aggregates health, education and GDP into a single index."
"indicator set (dashboard / suite of indicators)","A multidimensional collection of separate metrics—covering economy, health, education, environment, social cohesion, etc.—that are measured individually rather than aggregated into a single monetary f...",{'primary_category': 'fostering_collective_action', 'justification': 'Provides a structured, multidimensional framework that governments and agencies can adopt collectively.', 'supporting_text': 'A popular approach in the grey literature is the use of a “set of indicators”. This is also known as a “dashboard” or a “suite” of indicators.'},"","A popular approach in the grey literature is the use of a "set of indicators". This is also known as a "dashboard" or a "suite" of indicators."
"United Nations Sustainable Development Goals (SDG)","A globally agreed set of targets for sustainable development that functions as an indicator set, guiding national and international policy and measurement efforts.",{'primary_category': 'impacting_salience_and_social_acceptance', 'justification': 'Globally agreed targets give the SDG high political relevance and public legitimacy.', 'supporting_text': 'The United Nations’ Sustainable Development Goals (SDG), which are a global agreed set of targets for sustainable development ...'},"","The United Nations' Sustainable Development Goals (SDG), which are a global agreed set of targets for sustainable development, are probably the most famous example of an indicator set."
"Creative destruction","A process in which a new innovation emerges and replaces an old innovation, leading to the decline of the former.",{'primary_category': 'revealing_potential_for_system_change', 'justification': 'Described as the mechanism by which a new innovation supplants an old one.', 'supporting_text': 'In Schumpeter’s theory… a new innovation emerges and replaces the old innovation in a process called “creative destruction”.'},"","In Schumpeter's theory, a new innovation emerges and replaces the old innovation in a process called "creative destruction"."
"Innovation theory (Schumpeterian innovation cycle)","A framework describing the stages that innovations go through: early adoption, take‑off, saturation and decline.",{'primary_category': 'revealing_potential_for_system_change', 'justification': 'Provides the theoretical framework that explains how GDP and Beyond‑GDP evolve.', 'supporting_text': 'If an innovation is successful it will increase its market share… Schumpeterian innovation cycle.'},"","Joseph Schumpeter, one of the pillars of thinking on innovation, defined the stages that innovations go through: early adoption, take‑off, saturation and decline."
"Schumpeterian dream","The aspiration that Beyond‑GDP will one day lead to the creative destruction of GDP, replacing the current dominant metric.",{'primary_category': 'fostering_collective_action', 'justification': 'Calls on researchers to mobilise toward a transition from GDP to Beyond‑GDP.', 'supporting_text': 'The Schumpeterian dream… is that Beyond‑GDP will one day lead to the creative destruction of GDP.'},"","The Schumpeterian dream for many researchers is that Beyond‑GDP will one day lead to the creative destruction of GDP, as depicted on the right side of Figure 1.2."
"Economic imperialism","The expansion of economics into ""non‑economic"" fields such as social interactions, politics, time use, education and the environment, perceived by other social sciences as economics encroaching on t...",{'primary_category': 'exposing_prevailing_condition', 'justification': 'The term signals economics’ encroachment on other social‑science domains, perpetuating a narrow metric focus.', 'supporting_text': 'This is sometimes referred to as “economic imperialism” by other social sciences that feel that economics is encroaching on their field.'},"","It also led to many terms from economics becoming commonplace in other fields: human capital, social capital, natural capital, ecosystems services, externalities, etc. ... This is sometimes referred to as ""economic imperialism"" by other social sciences that feel that economics is encroaching on th..."
"human capital","A framing of education and science policy that evaluates these domains based on their contribution to economic growth.",{'primary_category': 'exposing_prevailing_condition', 'justification': 'Illustrates the extension of economic valuation to all social domains, sidelining ecological considerations.', 'supporting_text': 'Education policy became "human capital" policy.'},"","Education policy became "human capital" policy."
"Social capital","An economic term that has become commonplace in other fields, denoting the value of social networks, trust and norms that facilitate cooperation.",{'primary_category': 'unclear', 'justification': 'Mentioned only as an example of borrowed terminology, without clear relevance to ecological goals.', 'supporting_text': 'It also led to many terms from economics becoming commonplace in other fields: human capital, social capital, natural capital, ecosystems services, externalities, etc.'},"","It also led to many terms from economics becoming commonplace in other fields: human capital, social capital, natural capital, ecosystems services, externalities, etc."
"Natural capital","An economic term that has become commonplace in other fields, representing the stock of natural resources and ecosystem services that provide economic value.",{'primary_category': 'revealing_potential_for_system_change', 'justification': 'Its inclusion shows economics can expand to value nature, opening pathways for new metrics.', 'supporting_text': 'It also led to many terms from economics becoming commonplace in other fields: human capital, social capital, natural capital, ecosystems services, externalities, etc.'},"","It also led to many terms from economics becoming commonplace in other fields: human capital, social capital, natural capital, ecosystems services, externalities, etc."
"Ecosystem services","An economic term that has become commonplace in other fields, describing the benefits that humans obtain from ecosystems.",{'primary_category': 'revealing_potential_for_system_change', 'justification': 'The term signals a shift toward recognizing ecological contributions within economic accounting.', 'supporting_text': 'It also led to many terms from economics becoming commonplace in other fields: human capital, social capital, natural capital, ecosystems services, externalities, etc.'},"","It also led to many terms from economics becoming commonplace in other fields: human capital, social capital, natural capital, ecosystems services, externalities, etc."
"Externalities","An economic concept referring to costs or benefits of economic activities that affect third parties and are not reflected in market prices.",{'primary_category': 'exposing_prevailing_condition', 'justification': 'Highlights that current accounting omits environmental costs, perpetuating disharmony.', 'supporting_text': 'It also led to many terms from economics becoming commonplace in other fields: human capital, social capital, natural capital, ecosystems services, externalities, etc.'},"","It also led to many terms from economics becoming commonplace in other fields: human capital, social capital, natural capital, ecosystems services, externalities, etc."
"Beyond-GDP","A field of alternatives to Gross Domestic Product that seeks a better societal ‘compass’, encompassing various theoretical and philosophical traditions but lacking a coherent community and common lang...",{'primary_category': 'revealing_potential_for_system_change', 'justification': 'The whole discourse frames a systemic shift away from GDP‑centric measurement.', 'supporting_text': 'The term “Beyond‑GDP” immediately reveals a problem: it is a negatively defined term which only makes clear what should not be measured.'},"","Since national income started in the 1930s, there has been criticism from economists and non-economists. As a result, hundreds of alternatives have been proposed which would do a better job as the ""compass"" for society. They come from an eclectic set of theoretical and philosophical traditions (gr..."
"Subjective well‑being","A metric of personal happiness and life satisfaction that became a major focus of measurement efforts in the 1970s and later, influencing policy programmes and guidelines.",{'primary_category': 'revealing_potential_for_system_change', 'justification': 'Core alternative metric that can replace or complement GDP in assessing societal progress.', 'supporting_text': 'The OECD defines Subjective well‑being as: “Good mental states, including all of the various evaluations...”.'},"","The main result was a major boost in the measurement of subjective well‑being… David Cameron, Prime Minister of the UK, started a process to measure subjective well‑being, including a programme to measure SWB on a quarterly basis."
"indicator sets","A category of alternative measurement frameworks mentioned as part of the broader Beyond‑GDP literature.",{'primary_category': 'revealing_potential_for_system_change', 'justification': 'Indicator sets are mentioned as part of the suite of alternatives to GDP.', 'supporting_text': 'They come from an eclectic set of theoretical and philosophical traditions (green accounting, subjective well‑being, indicator sets, composite indicators, etc.).'},"","They come from an eclectic set of theoretical and philosophical traditions (green accounting, subjective well‑being, indicator sets, composite indicators, etc.)."
"composite indicators","A type of aggregated metric discussed as one of the many approaches proposed to go beyond GDP.",{'primary_category': 'revealing_potential_for_system_change', 'justification': 'Composite indicators are highlighted as possible tools for a post‑GDP measurement regime.', 'supporting_text': 'They come from an eclectic set of theoretical and philosophical traditions (green accounting, subjective well‑being, indicator sets, composite indicators, etc.).'},"","They come from an eclectic set of theoretical and philosophical traditions (green accounting, subjective well‑being, indicator sets, composite indicators, etc.)."
"macroeconomics","The policy science layer of the GDP multinational community, focused on understanding sources of economic growth and shaping related policies.",{'primary_category': 'exposing_prevailing_condition', 'justification': 'Macroeconomics is described as the policy science that reinforces the GDP multinational.', 'supporting_text': 'The community has a clear structure with three layers: an accounting framework (SNA), a key indicator (GDP) and the policy science (macroeconomics).'},"","the community has a clear structure with three layers: an accounting framework (SNA), a key indicator (GDP) and the policy science (macroeconomics)."
"GDP multinational","A scientific community centred on macroeconomics, the System of National Accounts, and GDP as a key indicator, characterised by a clear goal to understand economic growth, a shared statistical framewo...",{'primary_category': 'undermining_changes_and_progress', 'justification': 'Described as a powerful scientific community that institutionalises GDP worldwide.', 'supporting_text': 'The GDP multinational is a scientific community which has four important features.'},"","The bottom line is that in the period after the war, the GDP multinational was created. The GDP multinational is a scientific community which has four important features. Firstly, it has a clear goal, which is to understand the sources of economic growth and to create policies to stimulate growth. S..."
"Beyond‑GDP cottage industry","The loosely organised collection of initiatives and scholars developing alternative metrics to GDP, noted for its heterogeneity and lack of a unified community.",{'primary_category': 'undermining_changes_and_progress', 'justification': 'The text states the cottage industry has failed to provide a coherent alternative strong enough to challenge GDP.', 'supporting_text': 'The Beyond‑GDP cottage industry has not proven capable of providing a coherent alternative which is strong enough to challenge this dominance.'},"","Despite the fact that the Beyond‑GDP cottage industry has grown, there is still a lot of heterogeneity in the field."
"Affect","A term listed among the selection of Beyond‑GDP terminology.",{'primary_category': 'revealing_potential_for_system_change', 'justification': 'Included in the set of concepts proposed to replace GDP‑centric measures.', 'supporting_text': 'A selection of Beyond‑GDP terminology Affect, A‑growth, …'},"","Affect"
"A-growth","A term listed among the selection of Beyond‑GDP terminology.",{'primary_category': 'revealing_potential_for_system_change', 'justification': 'Appears in the Beyond‑GDP list, indicating a growth alternative.', 'supporting_text': 'A selection of Beyond‑GDP terminology … A‑growth, …'},"","A-growth"
"Basic Needs","A term listed among the selection of Beyond‑GDP terminology.",{'primary_category': 'revealing_potential_for_system_change', 'justification': 'Cited as a core element of the Beyond‑GDP paradigm.', 'supporting_text': 'A selection of Beyond‑GDP terminology … Basic Needs, …'},"","Basic Needs"
"Capability approach","A philosophical framework that argues welfare should be measured not only by realized functionings but also by the real freedoms (capabilities) people have to lead the lives they value, and that criti...",{'primary_category': 'revealing_potential_for_system_change', 'justification': 'Provides a normative foundation for alternative welfare metrics like the HDI.', 'supporting_text': 'The framework argues that welfare should not only be measured according to realisations of people’s lives… but also the potential people have…'},"","The capability approach is philosophically challenging and critiques welfare economics in particular. This framework argues that welfare should not only be measured according to realisations of people's lives (functionings) but also the potential people have to live the life that they want (capabili..."
"Capital Approach","A term listed among the selection of Beyond‑GDP terminology.",{'primary_category': 'revealing_potential_for_system_change', 'justification': 'Part of the Beyond‑GDP terminology set, indicating a different accounting lens.', 'supporting_text': 'A selection of Beyond‑GDP terminology … Capital Approach, …'},"","Capital Approach"
"Circular Economy","A term listed among the selection of Beyond‑GDP terminology.",{'primary_category': 'revealing_potential_for_system_change', 'justification': 'Included as a systemic alternative to linear growth models.', 'supporting_text': 'A selection of Beyond‑GDP terminology … Circular Economy, …'},"","Circular Economy"
"Comprehensive Wealth","A term listed among the selection of Beyond‑GDP terminology.",{'primary_category': 'revealing_potential_for_system_change', 'justification': 'Appears in the list of metrics that broaden GDP’s scope.', 'supporting_text': 'A selection of Beyond‑GDP terminology … Comprehensive Wealth, …'},"","Comprehensive Wealth"
"Current Well-being","A term listed among the selection of Beyond‑GDP terminology.",{'primary_category': 'revealing_potential_for_system_change', 'justification': 'Named among alternatives that focus on wellbeing rather than output.', 'supporting_text': 'A selection of Beyond‑GDP terminology … Current Well‑being, …'},"","Current Well-being"
"Degradation","A term listed among the selection of Beyond‑GDP terminology.",{'primary_category': 'revealing_potential_for_system_change', 'justification': 'Listed to highlight environmental decline as a metric beyond GDP.', 'supporting_text': 'A selection of Beyond‑GDP terminology … Degradation, …'},"","Degradation"
"Depletion","A term listed among the selection of Beyond‑GDP terminology.",{'primary_category': 'revealing_potential_for_system_change', 'justification': 'Included to signal resource‑use accounting beyond GDP.', 'supporting_text': 'A selection of Beyond‑GDP terminology … Depletion, …'},"","Depletion"
"Degrowth","A term listed among the selection of Beyond‑GDP terminology.",{'primary_category': 'revealing_potential_for_system_change', 'justification': 'Cited as a strategic alternative to growth‑centric GDP.', 'supporting_text': 'A selection of Beyond‑GDP terminology … Degrowth, …'},"","Degrowth"
"Distribution","A term listed among the selection of Beyond‑GDP terminology.",{'primary_category': 'revealing_potential_for_system_change', 'justification': 'Mentioned as a dimension to be measured beyond GDP.', 'supporting_text': 'A selection of Beyond‑GDP terminology … Distribution, …'},"","Distribution"
"Economic Welfare","A term listed among the selection of Beyond‑GDP terminology.",{'primary_category': 'revealing_potential_for_system_change', 'justification': 'Listed among Beyond‑GDP terminology, showing it is proposed as an alternative metric to GDP.', 'supporting_text': '... Economic Welfare, Economic Well-being, Ecosystem Services ...'},"","Economic Welfare"
"Economic Well-being","A term listed among the selection of Beyond‑GDP terminology.",{'primary_category': 'revealing_potential_for_system_change', 'justification': 'Included in the Beyond‑GDP term set, indicating a shift from traditional GDP measurement.', 'supporting_text': '... Economic Welfare, Economic Well-being, Ecosystem Services ...'},"","Economic Well-being"
"Environmental Accounts","A term listed among the selection of Beyond‑GDP terminology.",{'primary_category': 'revealing_potential_for_system_change', 'justification': 'Named as part of Beyond‑GDP vocabulary, suggesting a new accounting framework.', 'supporting_text': '... Ecosystem Services, Environmental Accounts, Footprint ...'},"","Environmental Accounts"
"Footprint","A term listed among the selection of Beyond‑GDP terminology.",{'primary_category': 'revealing_potential_for_system_change', 'justification': 'Its inclusion indicates a move toward ecological impact metrics.', 'supporting_text': '... Environmental Accounts, Footprint, Functionings ...'},"","Footprint"
"Functionings","A term listed among the selection of Beyond‑GDP terminology.",{'primary_category': 'revealing_potential_for_system_change', 'justification': 'Listed as a Beyond‑GDP concept, pointing to capability‑based wellbeing measures.', 'supporting_text': '... Footprint, Functionings, Genuine Progress ...'},"","Functionings"
"Genuine Progress","A term listed among the selection of Beyond‑GDP terminology.",{'primary_category': 'revealing_potential_for_system_change', 'justification': 'Appears in the terminology set, indicating an alternative to GDP.', 'supporting_text': '... Functionings, Genuine Progress, Green Accounting ...'},"","Genuine Progress"
"Green Economy","A term listed among the selection of Beyond‑GDP terminology.",{'primary_category': 'revealing_potential_for_system_change', 'justification': 'Presence in the list signals a systemic re‑orientation toward sustainability.', 'supporting_text': '... Green Accounting, Green Economy, Green GDP ...'},"","Green Economy"
"Green GDP","A term listed among the selection of Beyond‑GDP terminology.",{'primary_category': 'revealing_potential_for_system_change', 'justification': 'Listed as a Beyond‑GDP alternative, indicating a modified GDP metric.', 'supporting_text': '... Green Economy, Green GDP, Green Growth ...'},"","Green GDP"
"Green Growth","A term listed among the selection of Beyond‑GDP terminology.",{'primary_category': 'revealing_potential_for_system_change', 'justification': 'Its inclusion reflects a proposed growth model compatible with ecological limits.', 'supporting_text': '... Green GDP, Green Growth, Human Capital ...'},"","Green Growth"
"Human Development","A term listed among the selection of Beyond‑GDP terminology.",{'primary_category': 'revealing_potential_for_system_change', 'justification': 'Appears in the terminology set, indicating a development‑centric alternative to GDP.', 'supporting_text': '... Human Capital, Human Development, Human Well-being ...'},"","Human Development"
"Human Well-being","A term listed among the selection of Beyond‑GDP terminology.",{'primary_category': 'revealing_potential_for_system_change', 'justification': 'Listed as a Beyond‑GDP concept, emphasizing wellbeing over monetary output.', 'supporting_text': '... Human Development, Human Well-being, Inclusive Growth ...'},"","Human Well-being"
"Inclusive Growth","A term listed among the selection of Beyond‑GDP terminology.",{'primary_category': 'revealing_potential_for_system_change', 'justification': 'Inclusion signals a move toward growth that is socially and environmentally inclusive.', 'supporting_text': '... Human Well-being, Inclusive Growth, Inclusive Wealth ...'},"","Inclusive Growth"
"Inclusive Wealth","A term listed among the selection of Beyond‑GDP terminology.",{'primary_category': 'revealing_potential_for_system_change', 'justification': 'Appears in the Beyond‑GDP terminology list, signalling it as an alternative metric to GDP.', 'supporting_text': 'Inclusive Wealth'},"","Inclusive Wealth"
"Inequality","A term listed among the selection of Beyond‑GDP terminology.",{'primary_category': 'revealing_potential_for_system_change', 'justification': 'Included among Beyond‑GDP terms, indicating a shift toward measuring distributional outcomes.', 'supporting_text': 'Inequality'},"","Inequality"
"Life Satisfaction","A term listed among the selection of Beyond‑GDP terminology.",{'primary_category': 'revealing_potential_for_system_change', 'justification': 'Listed as a Beyond‑GDP concept, suggesting a move to well‑being‑based metrics.', 'supporting_text': 'Life Satisfaction'},"","Life Satisfaction"
"Natural Capital Accounting","A term listed among the selection of Beyond‑GDP terminology.",{'primary_category': 'revealing_potential_for_system_change', 'justification': 'Named in the list, indicating a methodological shift toward accounting for ecosystem assets.', 'supporting_text': 'Natural Capital Accounting'},"","Natural Capital Accounting"
"Needs","A term listed among the selection of Beyond‑GDP terminology.",{'primary_category': 'revealing_potential_for_system_change', 'justification': 'Included as a Beyond‑GDP term, pointing to a focus on basic human and ecological needs.', 'supporting_text': 'Needs'},"","Needs"
"Planetary Boundaries","A term listed among the selection of Beyond‑GDP terminology.",{'primary_category': 'revealing_potential_for_system_change', 'justification': 'Listed, showing integration of ecological limits into economic evaluation.', 'supporting_text': 'Planetary Boundaries'},"","Planetary Boundaries"
"Produced Capital","A term listed among the selection of Beyond‑GDP terminology.",{'primary_category': 'revealing_potential_for_system_change', 'justification': 'Appears in the Beyond‑GDP set, indicating a broader capital framework beyond GDP.', 'supporting_text': 'Produced Capital'},"","Produced Capital"
"Progress","A term listed among the selection of Beyond‑GDP terminology.",{'primary_category': 'revealing_potential_for_system_change', 'justification': 'Presence in the terminology list suggests redefining progress beyond monetary growth.', 'supporting_text': 'Progress'},"","Progress"
"Quality of Life","A term listed among the selection of Beyond‑GDP terminology.",{'primary_category': 'revealing_potential_for_system_change', 'justification': 'Included as a Beyond‑GDP concept, highlighting a shift toward well‑being indicators.', 'supporting_text': 'Quality of Life'},"","Quality of Life"
"Resilience","A term listed among the selection of Beyond‑GDP terminology.",{'primary_category': 'revealing_potential_for_system_change', 'justification': 'Listed, indicating the importance of system resilience in alternative metrics.', 'supporting_text': 'Resilience'},"","Resilience"
"Subjective Well-being","A term listed among the selection of Beyond‑GDP terminology.",{'primary_category': 'revealing_potential_for_system_change', 'justification': 'Appears in the list, pointing to inclusion of personal well‑being in economic assessment.', 'supporting_text': 'Subjective Well-being'},"","Subjective Well-being"
"Social Welfare","A term listed among the selection of Beyond‑GDP terminology.",{'primary_category': 'revealing_potential_for_system_change', 'justification': 'Listed, indicating a broader welfare focus beyond GDP.', 'supporting_text': 'Social Welfare'},"","Social Welfare"
"Societal Progress","A term listed among the selection of Beyond‑GDP terminology.",{'primary_category': 'revealing_potential_for_system_change', 'justification': 'Included as a Beyond‑GDP term, suggesting a redefinition of progress metrics.', 'supporting_text': 'Societal Progress'},"","Societal Progress"
"Standard of Living","A term listed among the selection of Beyond‑GDP terminology.",{'primary_category': 'revealing_potential_for_system_change', 'justification': 'Appears in the list of Beyond‑GDP terminology, signalling an alternative metric to GDP that could shift economic assessment toward nature‑aligned wellbeing.', 'supporting_text': '..., Standard of Living, Sustainable Development, Sustainable Development Goals, ...'},"","Standard of Living"
"Sustainable development","Development that meets the needs of the present without compromising the ability of future generations to meet their own needs; it stresses the wellbeing of the current generation and the wellbeing of...",{'primary_category': 'revealing_potential_for_system_change', 'justification': 'Linked to the capital‑based definition of income, framing sustainability as a core economic principle.', 'supporting_text': 'This is sometimes seen by economists as the conceptual equivalent of the term “sustainable development”.'},"","This is the underlying philosophy of the Brundtland Report which was the seminal publication that led to the institutionalisation of the term sustainable development as "development that meets the needs of the present without compromising the ability of future generations to meet their own needs"."
"Sustainable Development Goals","A term listed among the selection of Beyond‑GDP terminology.",{'primary_category': 'revealing_potential_for_system_change', 'justification': 'Listed as a Beyond‑GDP concept, showing its role as a target for systemic transformation of economic priorities.', 'supporting_text': '..., Sustainable Development Goals, Sustainable National Income, Sustainability, ...'},"","Sustainable Development Goals"
"Sustainable National Income","A term listed among the selection of Beyond‑GDP terminology.",{'primary_category': 'revealing_potential_for_system_change', 'justification': 'Included in the Beyond‑GDP lexicon, representing an alternative aggregate measure that can embed natural capital.', 'supporting_text': '..., Sustainable Development Goals, Sustainable National Income, Sustainability, ...'},"","Sustainable National Income"
"Sustainability","A term listed among the selection of Beyond‑GDP terminology.",{'primary_category': 'fostering_collective_action', 'justification': 'Sustainability is a core objective of the community, guiding coordinated action toward long‑term outcomes.', 'supporting_text': 'Goal ... understand well‑being and sustainability and to create policies to enhance them.'},"","Sustainability"
"Utility","A term listed among the selection of Beyond‑GDP terminology.",{'primary_category': 'revealing_potential_for_system_change', 'justification': 'Cited among Beyond‑GDP concepts, suggesting a shift from monetary utility to broader wellbeing metrics.', 'supporting_text': '..., Sustainability, Utility, Wealth, Welfare, Well-being.'},"","Utility"
"Wealth","A term listed among the selection of Beyond‑GDP terminology.",{'primary_category': 'revealing_potential_for_system_change', 'justification': 'Listed as a Beyond‑GDP term, indicating a move toward comprehensive wealth accounting that includes nature.', 'supporting_text': '..., Utility, Wealth, Welfare, Well-being.'},"","Wealth"
"Welfare","A term listed among the selection of Beyond‑GDP terminology.",{'primary_category': 'revealing_potential_for_system_change', 'justification': 'Appears in the Beyond‑GDP terminology, pointing to a welfare‑based assessment alternative to GDP.', 'supporting_text': '..., Wealth, Welfare, Well-being.'},"","Welfare"
"Well-being","A term listed among the selection of Beyond‑GDP terminology.",{'primary_category': 'revealing_potential_for_system_change', 'justification': 'Included in the list of Beyond‑GDP concepts, highlighting a shift toward human and ecological wellbeing as a metric.', 'supporting_text': '..., Welfare, Well-being.'},"","Well-being"
"Well‑being","The current state of humanity, focusing on the temporal dimension of sustainable development referred to as "Here and now".",{'primary_category': 'fostering_collective_action', 'justification': 'Understanding well‑being is a stated goal of the WSS community and underpins policy creation.', 'supporting_text': 'Goal ... understand well‑being and sustainability and to create policies to enhance them.'},"","In essence, it is to understand the current state of humanity ("Here and now") and its future on a finite planet ("Later")."
"Well‑being and Sustainability Science","A multidisciplinary scientific field that provides the knowledge base for assessing well‑being and sustainability, requiring input from heterodox economics, social sciences, and natural sciences.",{'primary_category': 'fostering_collective_action', 'justification': 'The scientific community is said to require this interdisciplinary science, enabling the community’s work.', 'supporting_text': 'The scientific community requires three elements: a science (Well‑being and Sustainability Science)...'},"","The scientific community requires three elements: a science (Well‑being and Sustainability Science), accounting framework (System of Global and National Accounts) and indicators (Quality and System Indicators)."
"System of Global and National Accounts (SGNA)","An accounting framework proposed to replace GDP by 2030, composed of five sub‑accounts, quality accounts and quality indicators that together form a new common language for measuring sustainable devel...",{'primary_category': 'revealing_potential_for_system_change', 'justification': 'Repeated as a concept, it signals the intended systemic transformation.', 'supporting_text': 'Long‑term process to replace GDP with the System of Global and National Accounts (SGNA) by 2030'},"",""the five sub‑accounts of the System of Global and National Accounts (SGNA)" and "Chapter 10 covers the quality accounts and the (quality) indicators of the SGNA which will replace GDP by 2030""
"Global Environmental Accounts (GENA)","One of the four system accounts within the SGNA that records and describes the state and changes of global environmental systems.",{'primary_category': 'revealing_potential_for_system_change', 'justification': 'GENA is part of SGNA’s system accounts, offering a neutral description of environmental states.', 'supporting_text': 'The SGNA is subdivided into four “system accounts”: 1. Global Environmental Accounts (GENA)...'},"","The SGNA is subdivided into four "system accounts": 1. Global Environmental Accounts (GENA) 2. Global Societal Accounts (GSA) 3. Global Economic Accounts (GECA) 4. Global Distribution Accounts (GDA)."
"Global Societal Accounts (GSA)","A system account of the SGNA that provides uncontroversial descriptions of the functioning of global societal systems.",{'primary_category': 'revealing_potential_for_system_change', 'justification': 'GSA provides systematic, non‑normative data on societal conditions, enabling new policy metrics.', 'supporting_text': 'The SGNA is subdivided into four “system accounts”: 2. Global Societal Accounts (GSA)...'},"","The SGNA is subdivided into four "system accounts": ... 2. Global Societal Accounts (GSA) ..."
"Global Economic Accounts (GECA)","A system account of the SGNA that records the functioning of global economic systems.",{'primary_category': 'revealing_potential_for_system_change', 'justification': 'GECA extends accounting to the global economic system, supporting a shift from national GDP.', 'supporting_text': 'The SGNA is subdivided into four “system accounts”: 3. Global Economic Accounts (GECA)...'},"","The SGNA is subdivided into four "system accounts": ... 3. Global Economic Accounts (GECA) ..."
"Global Distribution Accounts (GDA)","A system account of the SGNA that captures the distribution of resources and outcomes within global societies.",{'primary_category': 'revealing_potential_for_system_change', 'justification': 'GDA captures distributional data globally, a novel element for equity‑focused metrics.', 'supporting_text': 'The SGNA is subdivided into four “system accounts”: 4. Global Distribution Accounts (GDA)...'},"","The SGNA is subdivided into four "system accounts": ... 4. Global Distribution Accounts (GDA)."
"Global Quality Accounts (GQA)","A fifth ""quality account"" within the SGNA that provides quality assessment criteria (e.g., welfare economics, capital approach, hedonic psychology) to judge whether systems are improving or deterior...",{'primary_category': 'revealing_potential_for_system_change', 'justification': 'GQA supplies quality assessment criteria and alternative aggregate indicators to GDP.', 'supporting_text': 'The global quality accounts provide quality assessment criteria ... They also provide aggregate quality indicators which can act as an alternative to GDP.'},"","In addition, there is a fifth "quality account": 5. Global Quality Accounts (GQA). The global quality accounts provide quality assessment criteria to understand whether the systems are improving or deteriorating."
"Stock‑flow accounting","A neutral concept used across the SGNA system accounts to describe levels and changes in environmental, societal, and economic systems without value judgments.",{'primary_category': 'revealing_potential_for_system_change', 'justification': 'Stock‑flow accounting underpins the SGNA system accounts, enabling new measurement approaches.', 'supporting_text': 'The system accounts are based on neutral concepts ... stock‑flow accounting, networks and limits.'},"","The system accounts are based on neutral concepts which exist in many scientific disciplines: stock‑flow accounting, networks and limits."
"Quality assessment approaches","A set of methodological perspectives—including welfare economics, capital approach, hedonic psychology, happiness economics, behavioural and neuro‑economics, exergy, and resilience—used to evaluate th...",{'primary_category': 'revealing_potential_for_system_change', 'justification': 'These approaches furnish criteria to judge whether systems improve, offering pathways beyond GDP.', 'supporting_text': 'Each of the quality assessment approaches (welfare economics, capital approach, ... exergy, resilience, etc.) provide vital criteria ...'},"","Each of the quality assessment approaches (welfare economics, capital approach, methods from hedonic psychology/happiness economics/ behavioural/neuro‑economics, exergy, resilience, etc.) provide vital criteria with which to judge whether the natural, societal and economic systems are changing for t..."
"Sustainable Development Goals (SDGs)","A globally endorsed set of targets for sustainable development that is frequently cited as a Beyond‑GDP alternative, backed by substantial institutional support.",{'primary_category': 'revealing_potential_for_system_change', 'justification': 'The SDGs are presented as the most influential initiative that achieved unprecedented harmonisation, indicating strong system‑change potential.', 'supporting_text': 'By far the most influential initiative is the Sustainable Development Goals, introduced in 2015… this process has managed to achieve a level of harmonisation that is unprecedented in Beyond‑GDP.'},"",""The SDG process also has a lot of institutional support""
"Subjective Well‑Being (SWB) measures","Metrics that assess individuals' self‑reported happiness and life satisfaction, presented as another alternative to GDP with a large following.",{'primary_category': 'exposing_prevailing_condition', 'justification': 'SWB measures are described as a widely‑followed approach, indicating the current state of alternatives.', 'supporting_text': 'SWB measures, which have garnered a large following'},"",""some might prefer SWB measures, which have garnered a large following""
"post‑GDP world","A envisioned future in which GDP is no longer the central metric for economic policy, replaced by broader wellbeing and sustainability indicators.",{'primary_category': 'revealing_potential_for_system_change', 'justification': 'The post‑GDP world is framed as the desired future state that the process aims to create.', 'supporting_text': 'my hope is that this will shift the conversation towards the process of creating a post‑GDP world'},"",""shift the conversation towards the process of creating a post‑GDP world""
"well‑being and sustainability","A guiding principle calling for policies and a new societal compass that prioritize human wellbeing and ecological sustainability over traditional economic growth metrics.",{'primary_category': 'impacting_salience_and_social_acceptance', 'justification': 'The values are used to attract a broad audience and legitimize the new strategy.', 'supporting_text': 'who believe that society requires a new compass and policies which are based on well‑being and sustainability'},"",""new compass and policies which are based on well‑being and sustainability""
"hegemony of growth","An era in which economic growth is treated as the dominant goal and the most influential indicator in society.",{'primary_category': 'exposing_prevailing_condition', 'justification': 'The concept is used to describe the dominant growth‑centric paradigm that the text critiques.', 'supporting_text': 'To understand how society has come to live an era of “hegemony of growth” it is important to look at historical developments.'},"","To understand how society has come to live an era of "hegemony of growth" it is important to look at historical developments."
"comprehensive production system","A production boundary that includes all goods and services as productive activities.",{'primary_category': 'revealing_potential_for_system_change', 'justification': 'The concept shows how redefining productive activity can shift the basis of economic measurement.', 'supporting_text': 'Petty and King’s systems included all goods and services, which is known as the comprehensive production system.'},"","Petty and King's systems included all goods and services, which is known as the comprehensive production system... Alfred Marshall, reintroduced the comprehensive production concept."
"physiocratic view of productivity","The belief that only agriculture should be considered a productive sector.",{'primary_category': 'exposing_prevailing_condition', 'justification': 'Shows a historic narrow definition of productive activity limited to agriculture, excluding broader ecological contributions.', 'supporting_text': 'Later on, the Physiocrats believed that only agriculture was to be seen as a productive sector.'},"","Later on, the Physiocrats believed that only agriculture was to be seen as a productive sector."
"production boundary","The conceptual limit that determines which economic activities are deemed "productive" and counted in national accounts.",{'primary_category': 'exposing_prevailing_condition', 'justification': 'Defines what counts as economic output, underpinning GDP’s exclusion of many natural values.', 'supporting_text': 'His theory was founded on the premise that any good or service that fetched a price ... The current national accounts are also based on this production boundary.'},"","One of the core questions was which activities in society were deemed to be "productive", i.e. contributing to "the economy"."
"Studenski's Paradox","The observation that the development of national income estimates accelerates during periods of political and economic stress and slows during periods of tranquility.",{'primary_category': 'exposing_prevailing_condition', 'justification': 'Highlights the persistent dominance of national income accounting even when the original stressors fade.', 'supporting_text': 'Studenski’s Paradox... development of national income estimates has been particularly rapid during periods of political and economic stress and ... sluggish during periods of tranquillity.'},"","Studenski does however make an intriguing observation: "It is noteworthy that the development of national income estimates has been particularly rapid during periods of political and economic stress and, on the other hand, has been sluggish during periods of tranquillity.""
"big government","A post‑World War II condition in which both national and international governments expanded their roles and responsibilities in economic planning and social policy.",{'primary_category': 'fostering_collective_action', 'justification': 'Expanded state capacity enabled large‑scale data collection and policy coordination, a prerequisite for new nature‑centric metrics.', 'supporting_text': 'Out of every crisis come winners and losers... government turned into "big government".'},"","Out of every crisis come winners and losers... Government, at both national and international level, turned into "big government"."
"Trente Glorieuses","The French term for the post‑war period of rapid economic growth (approximately 1945‑1975).",{'primary_category': 'exposing_prevailing_condition', 'justification': 'Represents a period where rapid growth was celebrated, reinforcing GDP‑centric development.', 'supporting_text': 'The confidence of society ... unprecedented growth rates of the 1950s and 1960s ... French refer to it as the Trente Glorieuses.'},"","The confidence of society in economics... this period is so extraordinary in terms of economic growth that the French refer to it as the Trente Glorieuses."
"Wirtschaftswunder","The German term for the post‑war economic miracle characterized by high growth rates.",{'primary_category': 'exposing_prevailing_condition', 'justification': 'German term for post‑war growth boom, underscoring the era’s growth‑focused mindset.', 'supporting_text': 'the Germans call it the Wirtschaftswunder.'},"","The Germans call it the Wirtschaftswunder."
"Golden Age","The English‑language label for the mid‑20th‑century era of sustained high economic growth.",{'primary_category': 'exposing_prevailing_condition', 'justification': 'Denotes the celebrated high‑growth period that cemented GDP as the primary success metric.', 'supporting_text': 'the English speakers refer to it as the Golden Age.'},"","English speakers refer to it as the Golden Age."
"Expand or Die","A Cold‑War slogan expressing the imperative for continuous economic expansion to maintain political and military superiority.",{'primary_category': 'exposing_prevailing_condition', 'justification': 'Slogan encapsulating the growth imperative that marginalises ecological limits.', 'supporting_text': 'It was symbolised by the term "Expand or Die".'},"","This was symbolised by the term "Expand or Die". Economic growth became imperative to escape Soviet oppression."
"Harrod‑Domar model","A post‑war growth model that stressed the importance of economic growth for achieving full employment.",{'primary_category': 'exposing_prevailing_condition', 'justification': 'Growth‑oriented model that reinforces the primacy of economic expansion over ecological balance.', 'supporting_text': 'The Harrod‑Domar model stressed the importance of economic growth for full employment.'},"","The Harrod‑Domar model stressed the importance of economic growth for full employment."
"Solow‑Swan growth model","A seminal mid‑20th‑century model of economic growth that builds on capital accumulation, labour, and technological progress.",{'primary_category': 'exposing_prevailing_condition', 'justification': 'Classic growth model that underpins policies focused on increasing GDP rather than ecological wellbeing.', 'supporting_text': 'Another classic is the Solow‑Swan growth model.'},"","Another classic is the Solow‑Swan growth model, which followed a couple of years later."
"general equilibrium model","A 1954 economic model that became a classic in the discipline, representing the simultaneous equilibrium of all markets.",{'primary_category': 'exposing_prevailing_condition', 'justification': 'Economic framework that treats the economy as a closed system, often excluding environmental externalities.', 'supporting_text': 'The general equilibrium model, published in 1954, is one of the classics in economics.'},"","The general equilibrium model, published in 1954, is one of the classics in economics."
"input‑output economics","An analytical framework that links economic inputs to outputs, first introduced by Wassily Leontief for the United States in 1919.",{'primary_category': 'revealing_potential_for_system_change', 'justification': 'Shows inter‑sectoral linkages that can be extended to map ecosystem services within national accounts.', 'supporting_text': 'Wassily Leontief published his first paper on input‑output economics, in which a model that linked the economic input to the outputs was created.'},"","Wassily Leontief published his first paper on input‑output economics, in which a model that linked the economic input to the outputs was created for the United States for the year 1919."
"econometrics","The quantitative study of economic relationships, exemplified by early work of Jan Tinbergen and later recognized with a Nobel Prize.",{'primary_category': 'revealing_potential_for_system_change', 'justification': 'Provides quantitative tools that could be repurposed to evaluate nature‑based metrics alongside GDP.', 'supporting_text': 'Jan Tinbergen also published his first work... produced an econometric model for business cycle analysis.'},"","Jan Tinbergen also published his first work, in which he produced an econometric model for business cycle analysis. Tinbergen shared the first economics Nobel Prize with Ragnar Frisch in 1969 (for econometrics)."
"contested hegemony","A period in which criticism of GDP and the dominance of traditional economic thinking grew significantly, challenging the prevailing economic hegemony.",{'primary_category': 'exposing_prevailing_condition', 'justification': 'Denotes the challenge to GDP’s dominance in economic thinking.', 'supporting_text': 'the criticism from other domains grew significantly in the period of “contested hegemony”.'},"","The criticism from other domains grew significantly in the period of "contested hegemony"."
"Great Moderation","A period that began in the mid‑1980s during which major economic variables such as GDP growth, industrial production, unemployment and inflation showed reduced volatility.",{'primary_category': 'exposing_prevailing_condition', 'justification': 'Identifies a stable macro‑economic phase that reinforced existing growth models.', 'supporting_text': 'the “Great Moderation”, a period ... when economic variables ... began to decline in volatility.'},"","One other prominent voice of that period was Alan Greenspan, the Chairman of the Federal Reserve Bank, who was credited with the ""Great Moderation"", a period which started in the mid‑1980s when economic variables such as GDP growth, industrial production, unemployment and inflation began to declin..."
"Affluent Society","A critique of post‑war prosperity that highlighted the gap between private wealth and public squalor and argued that GDP is an inadequate measure of welfare.",{'primary_category': 'fostering_collective_action', 'justification': 'Provides a scholarly foundation for collective critique of GDP‑centric policy.', 'supporting_text': 'The Affluent Society ... addressed ... the inadequacy of GDP as a measure of welfare.'},"","Influential was the Affluent Society by John Kenneth Galbraith, which addressed the inequality of "private wealth and public squalor" and the inadequacy of GDP as a measure of welfare."
"new classical school","A school of economic thought that emerged in the 1970s, emphasizing supply‑side analysis, rational expectations, and a reduced role for government intervention.",{'primary_category': 'undermining_changes_and_progress', 'justification': 'Promoted supply‑side, deregulation‑focused economics that sidelined ecological concerns.', 'supporting_text': 'invigorated different schools of economic thought, such as the new classical school ... increasing deregulation and privatisation.'},"","This dented the confidence of the economists in Keynesian policy and invigorated different schools of economic thought, such as the new classical school or the monetarists... Robert Lucas, Nobel Prize winner and founder of the new classical school..."
"Keynesian policy","Economic policies derived from the ideas of John Maynard Keynes, focusing on demand‑side management and government intervention to achieve full employment and growth.",{'primary_category': 'exposing_prevailing_condition', 'justification': 'Shows that mainstream economics still prioritised growth, a condition that hinders harmony with nature.', 'supporting_text': '"both Keynesian and new classical economics are based on achieving economic growth"'},"","This dented the confidence of the economists in Keynesian policy and invigorated different schools of economic thought..."
"mixed economy","The post‑war growth model that combined market mechanisms with state intervention, which began to appear fragile during the 1970s crises.",{'primary_category': 'exposing_prevailing_condition', 'justification': 'The post‑war mixed‑economy growth model is presented as fragile, highlighting a prevailing growth‑centric condition.', 'supporting_text': '"The post‑war “mixed economy” growth machine started to look fragile"'},"","The post‑war "mixed economy" growth machine started to look fragile."
"supply‑side economics","An economic approach that emphasizes policies aimed at increasing production capacity, such as reducing taxes and regulation, rather than stimulating demand.",{'primary_category': 'exposing_prevailing_condition', 'justification': 'Identifies a shift toward supply‑side policies that reinforce growth over ecological considerations.', 'supporting_text': '"different economic policies that looked more at the supply side of the economy and smaller government, increasing deregulation and privatisation"'},"","different economic policies that looked more at the supply side of the economy and smaller government, increasing deregulation and privatisation."
"deregulation","The policy of reducing or eliminating government rules and regulations on economic activity, intended to increase efficiency and market freedom.",{'primary_category': 'undermining_changes_and_progress', 'justification': 'Linking deregulation to Reagan and Thatcher suggests weakening of environmental safeguards.', 'supporting_text': '"Ronald Reagan ... ran on platforms of smaller government and deregulation"'},"","different economic policies that looked more at the supply side of the economy and smaller government, increasing deregulation and privatisation."
"privatisation","The transfer of ownership of enterprises or services from the public sector to private hands, often pursued to improve efficiency and reduce state involvement.",{'primary_category': 'undermining_changes_and_progress', 'justification': 'Privatisation is presented alongside deregulation as part of a growth‑first agenda that can erode ecological governance.', 'supporting_text': '"increasing deregulation and privatisation"'},"","different economic policies that looked more at the supply side of the economy and smaller government, increasing deregulation and privatisation."
"GDP (Gross Domestic Product)","A monetary measure of the market value of all final goods and services produced within a country in a given period, traditionally used as the central indicator of economic growth and welfare.",{'primary_category': 'revealing_potential_for_system_change', 'justification': 'Critiques of GDP in the text point to alternatives that could re‑orient policy toward wellbeing and nature.', 'supporting_text': '"The importance of GDP did not diminish" and "The Affluent Society ... the inadequacy of GDP as a measure of welfare"'},"","The importance of GDP did not diminish... the inadequacy of GDP as a measure of welfare."
"environmental movement","A social movement that began to gain prominence in the 1950s‑1960s, raising public awareness of environmental problems such as smog, pollution, and later issues like acid rain, ozone depletion, climat...",{'primary_category': 'fostering_collective_action', 'justification': 'Described as gaining prominence, indicating mobilisation of people around nature.', 'supporting_text': 'The environmental movement started to gain prominence in the 1950s–1960s'},"","The environmental movement started to gain prominence in the 1950s-1960s."
"environmental economics","An emerging field of economics in the 1970s that examines effective environmental policies, modelling, and scenario studies to address environmental problems.",{'primary_category': 'revealing_potential_for_system_change', 'justification': 'Represents a new analytical framework linking economy and ecology.', 'supporting_text': 'emergence of environmental economics as a separate field in economics'},"","There were also scientific advances such as the emergence of environmental economics as a separate field in economics in the 1970s."
"Post-Keynesian economics","An economic approach that favours demand stimulation as a policy response to crises.",{'primary_category': 'fostering_collective_action', 'justification': 'Advocates demand‑stimulus policies that could be mobilised to support broader wellbeing goals.', 'supporting_text': 'Some economists favoured a return to demand stimulation (post‑Keynesians)'},"","Some economists favoured a return to demand stimulation (postKeynesians) while the new classical economics supported austerity measures."
"New classical economics","An economic approach that supports austerity measures as a policy response to crises.",{'primary_category': 'exposing_prevailing_condition', 'justification': 'Supports austerity, reinforcing growth‑centric paradigms that marginalise nature’s value.', 'supporting_text': 'new classical economics supported austerity measures'},"","Some economists favoured a return to demand stimulation (postKeynesians) while the new classical economics supported austerity measures."
"Freshwater vs. Saltwater economists","A rift in macroeconomics dividing economists into ‘freshwater’ (Great Lakes region) and ‘saltwater’ (East/West coasts) schools, reflecting differing policy perspectives.",{'primary_category': 'exposing_prevailing_condition', 'justification': 'Shows the existing split in macro‑economic schools, highlighting a prevailing division that hampers unified action.', 'supporting_text': 'Krugman terms this rift freshwater versus saltwater economists, referring to the proximity of the universities of the two factions to the Great Lakes versus the East/West coasts of the United States.'},"","Krugman terms this rift freshwater versus saltwater economists, referring to the proximity of the universities of the two factions to the Great Lakes versus the East/West coasts of the United States."
"Globalisation paradox","The idea that while additional free trade can modestly boost the economy, it also reduces democratic control and fuels societal disenchantment.",{'primary_category': 'revealing_potential_for_system_change', 'justification': 'Points to trade‑offs between economic gains and democratic control, indicating pathways for systemic re‑evaluation.', 'supporting_text': 'Dani Rodrik, in The Globalisation Paradox, shows that although additional free trade might boost the economy a little, it also leads to less democratic control and societal disenchantment.'},"","Dani Rodrik, in The Globalisation Paradox, shows that although additional free trade might boost the economy a little, it also leads to less democratic control and societal disenchantment."
"Big data (as a concept affecting GDP)","The widespread availability of electronic data generated by automation and the internet, which could transform the speed and granularity of economic indicators such as GDP.",{'primary_category': 'revealing_potential_for_system_change', 'justification': 'Suggests that new data streams could transform how economic activity is measured, enabling a shift away from traditional GDP.', 'supporting_text': 'By far the biggest unknown for GDP is the emergence of “big data”. This is a generic term which refers to the widespread availability of electronic data...'},"","By far the biggest unknown for GDP is the emergence of "big data". This is a generic term which refers to the widespread availability of electronic data which has come about because of automation of registers and the internet."
"Low growth (low growth rates)","The prospect that economic growth rates could approach zero in coming decades, diminishing the relevance of GDP as a primary indicator of progress.",{'primary_category': 'revealing_potential_for_system_change', 'justification': 'Highlights a projected slowdown that could diminish GDP’s relevance and open space for alternative wellbeing metrics.', 'supporting_text': 'Economists such as Robert Gordon ... argue that high growth rates are behind us for the foreseeable future.'},"","Economists such as Robert Gordon in his book The Rise and Fall of American Growth argue that high growth rates are behind us for the foreseeable future."
"Populism","A political movement characterized by anti‑establishment sentiment and a disdain for science, experts, and statistics.",{'primary_category': 'exposing_prevailing_condition', 'justification': 'Describes the rise of parties that distrust experts and statistics, a condition that challenges evidence‑based policy.', 'supporting_text': 'Since the middle of the 2000s, populist parties have been gaining ground in many nations. In Europe, these parties have started overtaking the traditional parties...'},"","At the moment, the rise of populism in many developed countries is often coupled with a disdain for science, experts and statistics."
"Post‑truth narrative","A discourse in which objective facts are less influential than appeals to emotion and personal belief.",{'primary_category': 'exposing_prevailing_condition', 'justification': 'Illustrates a discourse that erodes factual consensus, undermining rational policy deliberation.', 'supporting_text': 'Trump has taken this “post‑truth” narrative to new levels.'},"","Trump has taken this "post-truth" narrative to new levels."
"Alternative facts","The notion of presenting falsehoods as facts, used to challenge established truths.",{'primary_category': 'exposing_prevailing_condition', 'justification': 'Represents a rhetorical device that weakens trust in objective data, impeding progress toward nature‑centric metrics.', 'supporting_text': 'An adviser to the president famously referred to the existence of “alternative facts”.'},"","An adviser to the president famously referred to the existence of "alternative facts"."
"Cult of the market","The belief that market mechanisms are always correct, often linked to distrust of statistical figures and an unquestioned faith in market outcomes.",{'primary_category': 'exposing_prevailing_condition', 'justification': 'Highlights a dominant ideology that prioritises market logic over ecological wellbeing.', 'supporting_text': 'Behind the cult of figures, behind all these statistical and accounting structures, there is also the cult of the market that is always right.'},"","Nicolas Sarkozy ... linked this scepticism to the dominance of economic ("market") thinking ... "Behind the cult of figures, behind all these statistical and accounting structures, there is also the cult of the market that is always right.""
"Material Product System (MPS)","An alternative accounting framework to the SNA that was used in centrally planned communist countries to measure economic output, later phased out after the end of the Cold War.",{'primary_category': 'exposing_prevailing_condition', 'justification': 'Represents a divergent accounting tradition that limited early adoption of the SNA.', 'supporting_text': 'Even within the UN there was an alternative accounting framework, the Material Product System (MPS), which was used in over a dozen centrally planned communist countries.'},"","Even within the UN there was an alternative accounting framework, the Material Product System (MPS), which was used in over a dozen centrally planned communist countries."
"National income accounting","The methodological practice of estimating a nation's total income, production, and consumption, forming the basis for constructing national accounts such as the SNA.",{'primary_category': 'exposing_prevailing_condition', 'justification': 'Historical framing shows how GDP‑focused accounting has long dominated economic measurement.', 'supporting_text': 'In the first era of national income accounting (1665–1930) there was an ebb and flow of interest...'},"","the newly founded Statistical Office of the UN started to work on two initial tasks: survey sampling theory and national income accounting."
"Studenski paradox","The observed paradox that, despite wars, crises, and criticism, there has been an unrelenting expansion and entrenchment of national income aggregates—especially GDP—since the 1930s‑1940s, driven by a...",{'primary_category': 'exposing_prevailing_condition', 'justification': 'It diagnoses why the GDP‑centric community persists despite criticism.', 'supporting_text': 'This chapter has referred to this as the “Studenski paradox”.'},"","The second era (1930-now) displayed a different pattern: there has been an unrelenting expansion of the use of national income aggregates. This chapter has referred to this as the "Studenski paradox"."
"Subjective Well-being (SWB)","An area of Beyond‑GDP measurement that uses sources such as the World Happiness Database and the European/World Values Survey to assess individuals' self‑reported happiness and life satisfaction, with...",{'primary_category': 'revealing_potential_for_system_change', 'justification': 'SWB measurement is expanding globally, showing an alternative to GDP that could shift economic assessment.', 'supporting_text': 'The measurement of SWB started just after the war and the number of countries has shown steady growth ever since.'},"","Figure 4.1 provides a partial view of the development of three areas of Beyond‑GDP: namely Subjective Well‑being (SWB), the System of Environmental and Economics Accounts (SEEA) and Sustainable Development Indicators (SDI). For SWB two sources have been used (World Happiness Database and the Europea..."
"System of Environmental and Economic Accounts (SEEA)","A framework for integrating environmental data with economic accounts; estimates by Edens (2013) and the United Nations Statistics Division’s Global Assessment of Environmental‑Economic Accounting are...",{'primary_category': 'revealing_potential_for_system_change', 'justification': 'Provides a standardized framework that can integrate green accounting into official statistics.', 'supporting_text': 'The System of Environmental and Economic Accounts… also includes a couple of indexes which follow this theoretical approach.'},"","For the SEEA, estimates by Edens (2013) are used as well as responses to the Global Assessment of Environmental‑Economic Accounting which is carried out by the United Nations Statistics Division."
"Sustainable Development Indicators (SDI)","Indicator sets promoted to measure sustainable development; first advanced by the Brundtland Report (1987) and the Rio Earth Summit (1992), later formalised by the Commission for Sustainable Developme...",{'primary_category': 'revealing_potential_for_system_change', 'justification': 'SDI were promoted as a systematic alternative to GDP.', 'supporting_text': 'The Brundtland Report in 1987 and the Rio Earth Summit in 1992 were instrumental in promoting Type 3 Sustainable Development Indicators (SDI).'},"","The Brundtland Report in 1987 and the Rio Earth Summit in 1992 were instrumental in promoting Type 3 Sustainable Development Indicators (SDI). In 1995 the Commission for Sustainable Development (CSD) proposed such an indicator set."
"Sustainable Society Index","A composite index that assesses the sustainability performance of nations across social, environmental and economic dimensions, with data for 154 countries.",{'primary_category': 'impacting_salience_and_social_acceptance', 'justification': 'Data for 154 countries gives the index visibility as a beyond‑GDP metric.', 'supporting_text': 'the Sustainable Society Index has data for 154 countries.'},"","the Sustainable Society Index has data for 154 countries."
"Limits to Growth","A seminal 1972 report of the Club of Rome that projected population and economic scenarios showing that resources would run out within several decades and argued that exponential growth could not cont...",{'primary_category': 'exposing_prevailing_condition', 'justification': 'Highlighted the unsustainability of exponential economic and population growth.', 'supporting_text': '1972 was also the year that the seminal Limits to Growth report... played a major role in raising environmental awareness.'},"","1972 was also the year that the seminal Limits to Growth report of the Club of Rome was published. This report played a major role in raising environmental awareness… The main message was that exponential growth could not continue indefinitely."
"Green Movement","An environmental activism current that emerged in the 1950s/1960s and helped institutionalise environmental concerns, notably through the 1972 Stockholm Conference.",{'primary_category': 'revealing_potential_for_system_change', 'justification': 'The movement’s emergence set the stage for institutional environmental action, indicating a shift in system dynamics toward harmony with nature.', 'supporting_text': 'First, the Green Movement had emerged in the 1950s/1960s but the Conference on the Human Environment in Stockholm institutionalised environmental concerns.'},"","First, the Green Movement had emerged in the 1950s/1960s but the Conference on the Human Environment in Stockholm institutionalised environmental concerns."
"Social indicator movement","An eclectic movement that aimed to overcome the dominance of purely economic indicators by promoting the measurement of broader social and well‑being metrics.",{'primary_category': 'fostering_collective_action', 'justification': 'It organized efforts to replace economic dominance with broader wellbeing metrics, enabling coordinated measurement initiatives.', 'supporting_text': 'The social indicator movement was an eclectic movement that aimed to overcome the dominance of economic indicators. The main result was a major boost in the measurement of subjective well‑being.'},"","The social indicator movement was an eclectic movement that aimed to overcome the dominance of economic indicators."
"Easterlin paradox","An academic observation that higher income does not necessarily lead to higher reported happiness, influencing the debate on well‑being measurement.",{'primary_category': 'revealing_potential_for_system_change', 'justification': 'The paradox highlighted limits of income growth for happiness, suggesting a need for alternative development paradigms.', 'supporting_text': 'The importance of subjective well‑being measures was further bolstered by the academic discussion about the Easterlin paradox.'},"","The importance of subjective well‑being measures was further bolstered by the academic discussion about the Easterlin paradox in the early 1970s."
"Alternative indicators into policy","A research and policy agenda that seeks to develop and integrate non‑GDP metrics—such as well‑being, true wealth, and sustainability indicators—into governmental decision‑making.",{'primary_category': 'fostering_collective_action', 'justification': 'Funding projects that translate alternative metrics into policy demonstrates organized effort to implement new measures.', 'supporting_text': 'funded projects such as e-Frame and BRAINPOoL (Bringing Alternative Indicators into Policy), which dealt specifically with Beyond‑GDP indicators.'},"","The European Commission held a large‑scale conference on "Beyond‑GDP: Measuring progress, true wealth, and the well‑being of nations" in 2007 and funded projects such as e‑Frame and BRAINPOoL (Bringing Alternative Indicators into Policy), which dealt specifically with Beyond‑GDP indicators."
"Beyond‑GDP initiatives","A set of alternative measurement approaches that aim to capture societal progress and wellbeing instead of relying on Gross Domestic Product (GDP) as the primary metric.",{'primary_category': 'fostering_collective_action', 'justification': 'Beyond‑GDP initiatives are cited as early efforts (e.g., Gross National Happiness) that mobilise alternative measurement of wellbeing.', 'supporting_text': 'One of the earliest and most cited Beyond‑GDP initiatives is the programme on Gross National Happiness which was initiated by the King of Bhutan in the early 1970s.'},"","The next couple of sections will provide a more detailed overview of the various Beyond‑GDP initiatives."
"Hedonic psychology","A field of research that focuses on measuring affect—people’s moment‑to‑moment feelings—as a component of well‑being.",{'primary_category': 'revealing_potential_for_system_change', 'justification': 'Provides a theoretical foundation for affect‑based wellbeing measurement.', 'supporting_text': 'This type of approach is advocated by a field called hedonic psychology, the proponents of which include Daniel Kahneman...'},"","This type of well‑being research is advocated by a field called hedonic psychology, the proponents of which include Daniel Kahneman, a psychologist, one of the founders of behavioural economics and winner of the Nobel Prize in economics in 2002."
"U‑index","A metric that records the percentage of time an individual spends on unpleasant activities, quantifying episodes as positive or negative.",{'primary_category': 'revealing_potential_for_system_change', 'justification': 'Introduces a novel quantitative indicator of negative experiences, expanding the metric toolbox.', 'supporting_text': 'Kahneman and Krueger (2006) suggest... they propose the “U‑index”, which records the percentage of time spent on unpleasant activities.'},"","Kahneman and Krueger (2006) suggest that any episode can be quantified as positive or negative. Based on this, they propose the "U‑index", which records the percentage of time spent on unpleasant activities."
"Eudaimonia","A deeper psychological conception of well‑being that refers to motivations such as competence, engagement, meaning, optimism, positive relationships, resilience, self‑esteem, emotional stability and v...",{'primary_category': 'revealing_potential_for_system_change', 'justification': 'Adds a deeper, purpose‑oriented dimension to wellbeing measurement, enriching beyond‑GDP frameworks.', 'supporting_text': 'The third SWB approach, Eudaimonia, refers to deeper psychological motivations such as Competence, Engagement, Meaning...'},"","The third SWB approach, Eudaimonia, refers to deeper psychological motivations such as Competence, Engagement, Meaning, Optimism, Positive relationships, Resilience, Self‑esteem, Emotional stability and Vitality."
"Social indicators movement","An early‑1970s movement that raised the profile of social measures, including subjective well‑being, though it did not create a unified framework comparable to national accounts.",{'primary_category': 'impacting_salience_and_social_acceptance', 'justification': 'The movement raised the profile of social‑measure approaches such as subjective well‑being, increasing their visibility in policy and research.', 'supporting_text': '…the “social indicators movement” in the early 1970s…did raise the profile of social measures, notably SWB.'},"","SWB survey life evaluations got a boost from the "social indicators movement" in the early 1970s. Overall, this movement was unsuccessful in creating a similar framework to the SNA but did raise the profile of social measures, notably SWB."
"Measure of Economic Welfare (MEW)","An early green‑accounting aggregate created in 1972 that adds the value of leisure time and home production to welfare and subtracts monetary estimates of environmental damage.",{'primary_category': 'revealing_potential_for_system_change', 'justification': 'Introduces a green‑accounting aggregate that adds welfare‑positive factors and subtracts environmental damage, offering a new way to assess welfare.', 'supporting_text': 'This was the first prominent example of a “green accounting” aggregate.'},"","That was the year the Measure of Economic Welfare was created by Yale economists Nordhaus and Tobin. This was the first prominent example of a ""green accounting"" aggregate. For example, for the MEW, the value of leisure time and home production were added because these provide a positive contribut..."
"Index for Sustainable Economic Welfare (ISEW)","A green‑accounting indicator inspired by the MEW, proposed in 1989 to measure economic welfare by adjusting national income for environmental and social factors.",{'primary_category': 'revealing_potential_for_system_change', 'justification': 'Built on MEW, it extends the concept of welfare‑oriented accounting, showing a pathway toward alternative macro‑metrics.', 'supporting_text': 'The MEW methodology inspired the Index for Sustainable Economic Welfare (ISEW), which was proposed in 1989 by Daly and Cobb.'},"","The MEW methodology inspired the Index for Sustainable Economic Welfare (ISEW), which was proposed in 1989 by Daly and Cobb."
"Genuine savings indicator","A capital‑approach metric introduced in 1993 that records additions to and depletions of various capital stocks (human, natural, produced, etc.) to assess whether wealth is being maintained over time.",{'primary_category': 'revealing_potential_for_system_change', 'justification': 'Introduces a capital‑based metric that tracks additions and depletions of all capital stocks.', 'supporting_text': 'Based on this capital theory, the genuine savings indicator was suggested in 1993.'},"","Based on this capital theory, the genuine savings indicator was suggested in 1993."
"Wealth accounting","An idea that gained prominence in the 1990s, popular at the World Bank, focusing on accounting for wealth rather than solely monetary capital stocks.",{'primary_category': 'exposing_prevailing_condition', 'justification': 'The concept is noted as having gained prominence, reflecting the existing focus on monetising capital stocks.', 'supporting_text': 'The group built on the idea of wealth accounting, which had gained prominence in the 1990s and is also popular at the World Bank.'},"","The group built on the idea of wealth accounting, which had gained prominence in the 1990s and is also popular at the World Bank."
"Adjusted net savings","A World Bank‑published indicator that adjusts traditional savings by accounting for depreciation of natural capital and other environmental factors.",{'primary_category': 'fostering_collective_action', 'justification': 'World Bank publishes this indicator, providing an institutional tool for green accounting.', 'supporting_text': 'The World Bank has adopted this approach and publishes “adjusted net savings”...'},"","This variety of green accounting is influential because the World Bank has adopted this approach and publishes "adjusted net savings" and "total (or comprehensive) wealth" indicators."
"Total (or comprehensive) wealth","A World Bank indicator that aggregates the value of all forms of capital—produced, natural, human, and social—into a single measure of national wealth.",{'primary_category': 'revealing_potential_for_system_change', 'justification': 'Extends accounting to encompass all forms of wealth, supporting a systemic shift in measurement.', 'supporting_text': '…and “total (or comprehensive) wealth” indicators.'},"","This variety of green accounting is influential because the World Bank has adopted this approach and publishes "adjusted net savings" and "total (or comprehensive) wealth" indicators."
"Inclusive Wealth Index (IWI)","An index that measures a country's wealth by accounting for produced, human, natural, and social capital, reflecting sustainable development goals.",{'primary_category': 'impacting_salience_and_social_acceptance', 'justification': 'UN‑University endorsement raises global visibility and legitimacy of alternative wealth metrics.', 'supporting_text': 'The United Nations University… proposed the Inclusive Wealth Index (IWI).'},"","The United Nations University, under the leadership of Partha Dasgupta, proposed the Inclusive Wealth Index (IWI)."
"Carbon footprint","A related indicator derived from the ecological footprint that quantifies the land area required to sequester the carbon dioxide emitted from fossil‑fuel use.",{'primary_category': 'revealing_potential_for_system_change', 'justification': 'Provides a quantifiable metric for emissions, enabling targeted mitigation strategies.', 'supporting_text': 'It also includes the absorption of carbon dioxide from fossil fuel use by estimating the area of forest that will need to be planted…'},"","It also includes the absorption of carbon dioxide from fossil fuel use by estimating the area of forest that will need to be planted to compensate for these emissions."
"Water footprint","An indicator that measures the amount of water resources required to produce the goods and services consumed by a population.",{'primary_category': 'revealing_potential_for_system_change', 'justification': 'Adds a water‑use dimension to the ecological accounting suite.', 'supporting_text': 'It has also led to the development of other related indicators, such as the carbon footprint, water footprint and material footprint.'},"","It has also led to the development of other related indicators, such as the carbon footprint, water footprint and material footprint."
"Material footprint","An indicator that quantifies the total amount of material extraction associated with the consumption of a population.",{'primary_category': 'revealing_potential_for_system_change', 'justification': 'Extends the footprint approach to material extraction and use.', 'supporting_text': 'It has also led to the development of other related indicators, such as the carbon footprint, water footprint and material footprint.'},"","It has also led to the development of other related indicators, such as the carbon footprint, water footprint and material footprint."
"Biocapacity","The biologically productive area available within a region or on the planet, used as a reference against which the ecological footprint is compared.",{'primary_category': 'exposing_prevailing_condition', 'justification': 'Serves as the benchmark against which ecological overshoot is measured.', 'supporting_text': 'The ecological footprint works very well because it can be contrasted to the biologically productive area available… (biocapacity).'},"","Communicatively, the ecological footprint works very well because it can be contrasted to the biologically productive area available within a region or the world (biocapacity)."
"Life Situation Index (LSI)","An early composite index produced in the 1970s in the Netherlands that combined multiple dimensions of well‑being.",{'primary_category': 'revealing_potential_for_system_change', 'justification': 'The LSI is an early alternative to GDP, showing the possibility of new measurement systems.', 'supporting_text': 'in the early 1970s the Life Situation Index (LSI) was produced in the Netherlands'},"","For example, in the early 1970s the Life Situation Index (LSI) was produced in the Netherlands."
"Composite indicator","A non‑conceptual index that aggregates multiple sub‑components using a mathematical procedure, providing a simple basis for combining indicators into a single ranking.",{'primary_category': 'revealing_potential_for_system_change', 'justification': 'Composite indicators aggregate multiple dimensions, enabling a shift from single‑metric GDP assessments.', 'supporting_text': 'A non‑conceptual index aggregates multiple sub‑components using a mathematical procedure'},"","A non-conceptual index aggregates multiple sub-components using a mathematical procedure. It is not based on a conceptual framework but provides a simple basis upon which to combine indicators into a single index."
"Gross National Happiness","A Beyond‑GDP initiative that measures multiple dimensions of wellbeing through population surveys; it was initiated by the King of Bhutan in the early 1970s.",{'primary_category': 'revealing_potential_for_system_change', 'justification': 'Conceptual basis for a happiness‑centred metric beyond GDP.', 'supporting_text': 'One of the earliest and most cited Beyond‑GDP initiatives is the programme ... Gross National Happiness.'},"","One of the earliest and most cited Beyond-GDP initiatives is the programme on Gross National Happiness which was initiated by the King of Bhutan in the early 1970s."
"Millennium Development Goals (MDGs)","A set of development goals that ran from 2000 to 2015 and were replaced by the Sustainable Development Goals.",{'primary_category': 'exposing_prevailing_condition', 'justification': 'The MDGs are described as the prior framework that was replaced, highlighting the existing condition before change.', 'supporting_text': 'At that conference, it was decided that the Millennium Development Goals (MDGs), which ran from 2000 to 2015, would be replaced by the SDGs.'},"","At that conference, it was decided that the Millennium Development Goals (MDGs), which ran from 2000 to 2015, would be replaced by the SDGs."
"Conceptual Indicator Sets","Indicator frameworks that are grounded in a conceptual basis rather than purely statistical aggregation; exemplified by the Stiglitz Report.",{'primary_category': 'unclear', 'justification': 'The text mentions the type but provides no detail on its role or impact.', 'supporting_text': 'Type 4: Conceptual Indicator Sets (e.g., Stiglitz Report)'},"","Type 4: Conceptual Indicator Sets (e.g., Stiglitz Report)"
"Stiglitz Report","An example of a conceptual indicator set that provides a theory‑driven framework for measuring wellbeing beyond GDP.",{'primary_category': 'unclear', 'justification': 'The Stiglitz Report is listed without any description of its significance.', 'supporting_text': 'Type 4: Conceptual Indicator Sets (e.g., Stiglitz Report)'},"","Type 4: Conceptual Indicator Sets (e.g., Stiglitz Report)"
"Conceptual framework (of the Stiglitz Report)","A framework that underpins the TFSD’s Type 4 indicator set, built on the Stiglitz Report’s approach that balances monetary and non‑monetary sustainability measures.",{'primary_category': 'revealing_potential_for_system_change', 'justification': 'The framework underpins the TFSD and Type\u202f4 indicator development, indicating a pathway for systemic change.', 'supporting_text': 'The TFSD built on the conceptual framework of the Stiglitz Report.'},"","The TFSD built on the conceptual framework of the Stiglitz Report and also created a set of (Type 4) indicators."
"Type 4 indicator sets","Indicator sets based on conceptual frameworks, first adopted by Switzerland, Norway, and New Zealand in the mid‑2000s and later by the Netherlands and Belgium, influential in harmonisation efforts.",{'primary_category': 'revealing_potential_for_system_change', 'justification': 'Type\u202f4 sets are described as influential in harmonisation efforts, suggesting they can shift measurement paradigms.', 'supporting_text': 'Later the Netherlands and Belgium also introduced Type 4 indicator sets... Type 4 has been influential in the various harmonisation efforts.'},"","In the mid‑2000s a couple of countries started to create indicator sets based on conceptual frameworks: Switzerland, Norway and New Zealand. Later the Netherlands and Belgium also introduced Type 4 indicator sets."
"Type 1 indicator sets","Monetary indexes that the Stiglitz Report criticises for reducing sustainability to a single monetary measure.",{'primary_category': 'exposing_prevailing_condition', 'justification': 'The text critiques Type\u202f1 as a purely monetary index, highlighting a dominant but contested approach.', 'supporting_text': 'The Stiglitz Report is highly critical of creating monetary indexes (i.e. Type 1).'},"","the Stiglitz Report is highly critical of creating monetary indexes (i.e. Type 1)."
"Type 3 indicator sets","Non‑conceptual indicator sets that the SDG process has shifted momentum back towards.",{'primary_category': 'exposing_prevailing_condition', 'justification': 'The text notes a shift back toward Type\u202f3 sets, highlighting the current dominant approach.', 'supporting_text': 'SDG process seems to have shifted the momentum back towards nonconceptual indicator sets (Type 3).'},"","the SDG process seems to have shifted the momentum back towards nonconceptual indicator sets (Type 3)."
"Better Life Index (BLI)","An OECD‑launched indicator set that can be aggregated into a single index, initially using equal weights but allowing users to define their own weights via a web‑based application.",{'primary_category': 'fostering_collective_action', 'justification': 'BLI lets users choose indicator weights, enabling public participation in wellbeing measurement.', 'supporting_text': 'the website also allows users to define their own weights to calculate the BLI.'},"","An influential indicator set is the Better Life Index (BLI), which was launched by the OECD at its fiftieth anniversary. It is actually an indicator set but it can also be aggregated into a single index using a web‑based application. Initially, equal weights are set for the indicators to calculate t..."
"System of Environmental Economic Accounting (SEEA)","A modular accounting framework with both a physical and monetary dimension that is recognised as a statistical standard on an equal footing with the System of National Accounts (SNA). It provides envi...",{'primary_category': 'revealing_potential_for_system_change', 'justification': 'Established as a statistical standard equal to the SNA, opening systemic adoption.', 'supporting_text': 'The SEEA has the same standing as the SNA since they are both “statistical standards”.'},"","The SEEA is therefore a modular accounting framework with both a physical and monetary dimension... The SEEA has the same standing as the SNA since they are both "statistical standards". In fact, the SEEA has also dropped the term "satellite account" and is seen as on an equal footing with the SNA."
"eco‑domestic product (EDP)","A green‑accounting indicator obtained by subtracting environmental costs from Net Domestic Product.",{'primary_category': 'revealing_potential_for_system_change', 'justification': 'Provides a concrete metric that adjusts GDP for environmental costs.', 'supporting_text': 'The SEEA 1993 includes a green accounting indicator called the eco‑domestic product (EDP).'},"","The SEEA 1993 includes a green accounting indicator called the eco‑domestic product (EDP) which is obtained by subtracting environmental costs from the Net Domestic Product."
"physical accounts","Accounts that record the flows and stocks of an economy in mass and energy units, including resource use and emissions by industry, which can be used for policy or to create green‑accounting indexes.",{'primary_category': 'revealing_potential_for_system_change', 'justification': 'Physical accounts provide the data foundation for managing economies within environmental limits.', 'supporting_text': 'The largest part of the SEEA handbook deals with the physical accounts which record the flows and stocks of an economy.'},"","The largest part of the SEEA handbook deals with the physical accounts which record the flows and stocks of an economy. This includes physical flows in terms of mass and energy units as well as resource use or emissions by industry."
"depletion‑adjusted net value added","A green‑accounting aggregate obtained by deducting consumption of fixed capital and depletion from gross value added.",{'primary_category': 'exposing_prevailing_condition', 'justification': 'The metric only adjusts for resource depletion, omitting other environmental damages, highlighting a limited accounting scope.', 'supporting_text': 'The SEEA also proposed green accounting aggregates called “depletion‑adjusted net value added” …'},"","The SEEA also proposed green accounting aggregates called "depletion‑adjusted net value added" ... which are obtained by deducting consumption of fixed capital and depletion from gross value added."
"depletion‑adjusted net domestic product","A green‑accounting aggregate obtained by deducting consumption of fixed capital and depletion from gross domestic product.",{'primary_category': 'exposing_prevailing_condition', 'justification': 'Focuses solely on resource depletion, exposing the omission of broader environmental externalities.', 'supporting_text': 'The SEEA also proposed … “depletion adjusted net domestic product”, which are obtained by deducting consumption of fixed capital and depletion.'},"","The SEEA also proposed green accounting aggregates called ... "depletion adjusted net domestic product", which are obtained by deducting consumption of fixed capital and depletion from gross value added and GDP."
"environmental macroeconomics","A field of study that aims to manage the economy within environmental limits, using a common language such as the SEEA framework.",{'primary_category': 'revealing_potential_for_system_change', 'justification': 'Positions the SEEA as a common language for a new discipline that integrates economy and environment.', 'supporting_text': 'The SEEA is in a good position to become the “common language” for environmental macroeconomics.'},"","The SEEA is in a good position to become the "common language" for environmental macroeconomics. The goal of this community is to manage the economy within environmental limits."
"Beyond‑GDP initiative","A collective effort to develop alternatives to Gross Domestic Product as a measure of wellbeing, exemplified by the development and adoption of the SEEA.",{'primary_category': 'fostering_collective_action', 'justification': 'Identifies the SEEA as the culminating collective effort to replace GDP with broader wellbeing metrics.', 'supporting_text': 'The final Beyond‑GDP initiative that will be discussed in this chapter is the SEEA.'},"","The final Beyond‑GDP initiative that will be discussed in this chapter is the SEEA."
"Well‑being and sustainability community","A loosely connected group of initiatives focused on well‑being, environmental issues and broader measures of sustainable development, lacking a unified language and institutional structure.",{'primary_category': 'undermining_changes_and_progress', 'justification': 'Characterised as loosely connected with poor communication, limiting its effectiveness against the macro‑economic community.', 'supporting_text': 'The well‑being and sustainability community is a loosely connected group ... The various communities ... speak different languages ... This makes mutual communication difficult.'},"","The well‑being and sustainability community is a loosely connected group of initiatives. Some are aimed at well‑being, some at environmental issues, some at broader measures of sustainable development."
"System of Environmental‑Economic Accounting (SEEA)","An accounting framework that provides a clear goal, structure and common language for integrating environmental and economic data; its harmonisation process took less than twenty years, making it a su...",{'primary_category': 'fostering_collective_action', 'justification': 'Same as the expression entry: offers a coherent framework supporting alternative metrics.', 'supporting_text': 'The SEEA is probably the most successful example ... clear goal, structure and common language ...'},"","The SEEA is probably the most successful example in the Beyond‑GDP scene. It has a clear goal, structure and common language (SEEA), and the harmonisation process took less than twenty years."
"Sustainable Development Goals (SDG) process","An international, goal‑oriented process that has demonstrated the ability of global institutions to foster agreement and advance coordinated action on sustainability and well‑being.",{'primary_category': 'fostering_collective_action', 'justification': 'Shows how a coordinated international process can advance global agreements on sustainability.', 'supporting_text': 'The SDG process also proved that international institutes can be very effective in fostering a global agreement.'},"","The SDG process also proved that international institutes can be very effective in fostering a global agreement."
"Motivational Interviewing (MI)","A therapeutic approach that engages individuals in a positive discussion of their goals, motives and futures; proposed as a metaphorical tool to address society’s ‘addiction’ to GDP.",{'primary_category': 'revealing_potential_for_system_change', 'justification': 'Highlights MI as a novel methodological bridge to address GDP addiction.', 'supporting_text': 'Motivational Interviewing (MI) is based on engaging addicts ... Costanza and colleagues explore what the MI therapy might look like if applied to society’s addiction to GDP.'},"","For example, Motivational Interviewing (MI) is based on engaging addicts in a positive discussion of their goals, motives and futures."
"Addiction to GDP","A metaphor describing society’s fixation on economic growth as an addiction, suggesting that methods used to treat addicts could be adapted to shift societal priorities away from GDP.",{'primary_category': 'exposing_prevailing_condition', 'justification': 'Frames the prevailing economic focus as an addiction, underscoring a barrier to change.', 'supporting_text': 'Costanza et al. (2017) liken society’s focus on economic growth to a real addiction.'},"","In a novel paper, Costanza et al. (2017) liken society's focus on economic growth to a real addiction."
