Title,Year,Type,Significance,Description,Supporting_Text
"Live Earth concert organized by Al Gore",2007,"Other",,"Al Gore held a Live Earth concert to raise public awareness and mobilise action against climate change.","2007 Al Gore holds a Live Earth concert to raise awareness to combat climate change"
"Publication of IPCC Fourth Assessment Report",2007,"Publication",,"The Intergovernmental Panel on Climate Change released its fourth comprehensive assessment of climate science, impacts and mitigation options.","2007 ... IPCC publishes its fourth assessment report on climate change"
"Adoption of the Climate Change Act by the United Kingdom",2008,"Policy",,"The UK became the first country to pass a legally binding Climate Change Act, committing to reduce carbon emissions according to set targets.","2008 UK adopts the world's first Climate Change Act with a legally binding commitment to reduce carbon emissions"
"Launch of the Global Green New Deal by UNEP",2008,"Policy",,"The United Nations Environment Programme introduced a Global Green New Deal initiative aimed at integrating ecological sustainability into economic recovery plans.","2008 ... UNEP launches a Global Green New Deal"
"COP 15 climate change talks in Copenhagen",2009,"Conference",,"The 15th Conference of the Parties (COP 15) to the UNFCCC convened in Copenhagen, Denmark, to negotiate international climate agreements.","2009 COP 15 climate change talks held in Copenhagen (Denmark)"
"Publication of Prosperity Without Growth by Tim Jackson",2009,"Publication",,"Economist Tim Jackson released the book *Prosperity Without Growth*, presenting an alternative framework for economic wellbeing beyond GDP growth.","2009 Tim Jackson publishes Prosperity Without Growth"
"Introduction of the Climate Change Bill by President Obama",2010,"Policy",,"U.S. President Barack Obama formally introduced a legislative Climate Change Bill aimed at reducing greenhouse‑gas emissions.","2010 US President Obama introduces the Climate Change Bill"
"BP Deepwater Horizon oil spill in the Gulf of Mexico",2010,"Other",,"The Deepwater Horizon drilling rig exploded, causing a massive oil spill in the Gulf of Mexico, one of the worst environmental disasters in U.S. history.","2010 ... BP Deepwater Horizon oil spill in the Gulf of Mexico"
"COP 16 climate talks in Cancun",2010,"Conference",,"The 16th Conference of the Parties (COP 16) to the UNFCCC was held in Cancun, Mexico, continuing negotiations on global climate policy.","2010 COP 16 UN climate talks take place in Cancun Mexico"
"Election of Caroline Lucas as Britain's first Green Party MP",2010,"Other",,"Caroline Lucas became the first Member of Parliament elected for the UK Green Party, marking a milestone for green politics in Britain.","2010 ... Caroline Lucas is elected as Britain's first Green Party Member of Parliament"
"Publication of Towards a Green Economy report by UNEP",2011,"Publication",,"UNEP released the *Towards a Green Economy* report, outlining pathways for integrating environmental sustainability into economic planning.","2011 UNEP publishes Towards a Green Economy report"
"Abolition of the Royal Commission on Environmental Pollution and the Commission on Sustainable Development by the UK coalition government",2011,"Policy",,"The UK coalition government dissolved two major advisory bodies: the Royal Commission on Environmental Pollution and the Commission on Sustainable Development.","2011 UK coalition government abolishes the Royal Commission on Environmental Pollution and the Commission on Sustainable Development"
"Earthquake and tsunami threaten nuclear power plants in Japan",2011,"Other",,"A major earthquake and subsequent tsunami raised concerns about the safety and operation of Japan's nuclear power facilities.","2011 An earthquake and tsunami threaten the operation of nuclear power plants in Japan"
"UN Earth Summit (Rio+20) in Rio de Janeiro, Brazil",2012,"Conference",,"The United Nations Conference on Sustainable Development, known as Rio+20, convened in Rio de Janeiro to assess progress and set new agendas for global sustainability.","2012 UN Earth Summit (Rio+20) takes place in Rio de Janeiro, Brazil"
"Publication of IPCC Fifth Assessment Report",2014,"Publication",,"The Intergovernmental Panel on Climate Change issued its fifth comprehensive assessment report, updating scientific understanding of climate change and its impacts.","2014 IPCC publishes its fifth assessment report on climate change"
"Founding of major environmental NGOs (Friends of the Earth, Greenpeace, NRDC)",1969,"Process",,"Between 1969 and 1972, three influential environmental campaign groups—Friends of the Earth, Greenpeace, and the Natural Resources Defense Council—were established, marking a rapid expansion of organi...","In just three years between 1969 and 1972, the campaign groups Friends of the Earth (FoE), Greenpeace and the Natural Resources Defense Council (NRDC) were founded"
"Publication of Silent Spring",1962,"Publication",,"Rachel Carson's book Silent Spring was published, linking the dangers of the atomic bomb to the misuse of pesticides and emphasizing humanity's capacity to destroy nature and itself.","Rachel Carson's book Silent Spring (1962) was among the first to link the dangers of the atomic bomb to the misuse of pesticides, emphasising humanity's capacity to destroy nature and itself."
"Publication of The Tragedy of the Commons",1968,"Publication",,"Garrett Hardin published The Tragedy of the Commons, a seminal essay that highlighted the problem of shared resource overuse and raised anxieties about the future of the planet.","'The Tragedy of the Commons' (Garrett Hardin, 1968) ... raised wider anxieties about the future of the planet"
"Publication of The Limits to Growth",1972,"Publication",,"The Limits to Growth, authored by Meadows and colleagues, was published, presenting computer‑modelled scenarios of exponential economic and population growth within a finite planet.","'The Tragedy of the Commons' (Garrett Hardin, 1968) and The Limits to Growth (Meadows et al., 1972) raised wider anxieties about the future of the planet"
"Publication of A Blueprint for Survival",1972,"Publication",,"The Ecologist released A Blueprint for Survival, outlining a set of green alternatives and strategies for confronting environmental crises.","'A Blueprint for Survival' (The Ecologist, 1972) ... sketched out green alternatives."
"Publication of Small is Beautiful",1973,"Publication",,"E. F. Schumacher published Small is Beautiful, advocating for sustainable, human‑scale economics and presenting green alternatives to conventional growth models.","Small is Beautiful (E. F. Schumacher, 1973) sketched out green alternatives."
"Torrey Canyon oil spill",1967,"Other",,"The super‑tanker Torrey Canyon struck a reef between the UK mainland and the Isles of Scilly in March 1967, creating an oil slick that covered 120 miles of the Cornish coast and killed tens of thousan...","The first major oil spill in Britain occurred when the super tanker Torrey Canyon struck a reef between the UK mainland and the Isles of Scilly in March 1967. The resulting oil slick covered 120 miles of Cornish coast, killing tens of thousands of birds."
"Union Oil Company platform explosion (Santa Barbara oil spill)",1969,"Other",,"An explosion on the Union Oil Company offshore platform six miles off Santa Barbara, California, released hundreds of thousands of gallons of crude oil into the ocean.","Two years later, an explosion on the Union Oil Company oil platform, six miles off the coast of Santa Barbara in California, resulted in the release of hundreds of thousands of gallons of crude oil."
"First nature reserve purchase by the Royal Society for the Protection of Birds (RSPB)",1930,"Event",,"The RSPB acquired its first nature reserves, marking the start of its direct land‑conservation activities.","did not purchase its first nature reserves until 1930"
"RSPB managing fifteen nature reserves",1941,"Event",,"By 1941 the RSPB was responsible for the management of fifteen nature reserves across the UK.","by 1941 it was managing fifteen reserves"
"Securing early planning restrictions through Acts of Parliament by the Council for the Preservation of Rural England (CPRE)",None,"Process",,"During the 1930s and 1940s the CPRE focused on the planning system and succeeded in obtaining early statutory restrictions on town‑and‑country development.","In the 1930s and 1940s, the Council for the Preservation of Rural England (CPRE) ... focused on the planning system and secured early restrictions to town and country development through Acts of Parliament."
"Formation of community‑based offshoots of the environmental movement",None,"Process",,"Throughout the 1980s and 1990s new, community‑oriented strands of the environmental movement emerged in response to globalisation.","the 1980s and 1990s saw the formation of distinct, community‑based offshoots of the environmental movement"
"Emergence of a new environmental social movement",None,"Event",,"The 1960s experienced a surge in environmental activity that gave rise to a new social movement mobilising public opinion and pressuring governments and businesses.","The 1960s saw a surge in environmental activity ... This resulted in the emergence of a new social movement"
"Establishment of the Wilderness Society",1935,"Organization",,"Founding of the Wilderness Society, an environmental organization dedicated to protecting wilderness areas.","the Wilderness Society (est. 1935)"
"Establishment of the National Wildlife Federation",1936,"Organization",,"Founding of the National Wildlife Federation, an organization focused on wildlife conservation.","National Wildlife Federation (est.1936)"
"Establishment of Defenders of Wildlife",1947,"Organization",,"Founding of Defenders of Wildlife, an organization working to protect wildlife and their habitats.","Defenders of Wildlife (est. 1947)"
"Establishment of the World Wildlife Fund",1961,"Organization",,"Founding of the World Wildlife Fund (now World Wide Fund for Nature) in Switzerland.","World Wildlife Fund in Switzerland (WWF) (est. 1961"
"Establishment of the Environmental Defense Fund",1967,"Organization",,"Founding of the Environmental Defense Fund, a U.S. nonprofit environmental advocacy group.","Environmental Defense Fund (EDF) (est. 1967"
"Establishment of Friends of the Earth",1969,"Organization",,"Founding of Friends of the Earth (FoE), an international network of environmental organizations.","FoE (est. 1969"
"Establishment of the Natural Resources Defense Council",1970,"Organization",,"Founding of the Natural Resources Defense Council (NRDC), a U.S. environmental advocacy group.","NRDC (est. 1970"
"Establishment of Greenpeace",1971,"Organization",,"Founding of Greenpeace, an international environmental activist organization.","Greenpeace (est. 1971"
"FoE and EDF lawsuit to stall Alaskan oil pipeline",1971,"Court decision",,"Friends of the Earth and the Environmental Defense Fund filed a lawsuit that delayed construction of a $2.5 billion oil pipeline in Alaska.","A 1971 Associated Press article published as 'Revolt of the Bird Watchers' documents a lawsuit by FoE and the EDF stalling construction of a US$2.5 billion Alaskan oil pipeline."
"Publication of ""Revolt of the Bird Watchers"" article",1971,"Publication",,"Associated Press released an article titled "Revolt of the Bird Watchers" reporting on the FoE and EDF lawsuit against the Alaskan oil pipeline.","A 1971 Associated Press article published as 'Revolt of the Bird Watchers' documents a lawsuit by FoE and the EDF stalling construction of a US$2.5 billion Alaskan oil pipeline."
"Establishment of major environmental organisations (1961‑1971)",None,"Process",,"A ten‑year period during which many leading environmental NGOs were founded, including WWF (1961), EDF (1967), FoE (1969), NRDC (1970) and Greenpeace (1971).","Over a ten-year period (1961-71), many major environmental organisations were established. These included the World Wildlife Fund in Switzerland (WWF) (est. 1961; now the World Wide Fund for Nature)11; and in North America, the Environmental Defense Fund (EDF) (est. 1967), FoE (est. 1969), NRDC (est..."
"Publication of ""Silent Spring""",1962,"Publication",,"Rachel Carson’s bestselling book brought the dangers of aerial DDT spraying to widespread public attention, catalising environmental concern about the pesticide.","In 1962, Rachel Carson brought DDT aerial spraying to widespread public attention through her bestselling book Silent Spring"
"Court order forcing U.S. federal government to consider a national DDT ban",1971,"Court decision",,"The Environmental Defense Fund, supported by the Izaak Walton League and the National Audubon Society, won a court order compelling the federal government to evaluate a nationwide ban on DDT.","In 1971 the EDF, with support from the Izaak Walton League and National Audubon Society, won a court order forcing the federal government to consider a national DDT ban"
"Adoption of national DDT ban by U.S. Congress",1972,"Policy",,"Following the 1971 court order, the United States Congress formally adopted a ban on the pesticide DDT.","won a court order forcing the federal government to consider a national DDT ban, which Congress adopted a year later"
"FoE inaugural international meeting",1971,"Meeting",,"Friends of the Earth (FoE) convened representatives from France, Sweden, the United Kingdom and the United States, marking the first step toward an international network.","In 1971, FoE took its first steps towards becoming an international network with a meeting of representatives from France, Sweden, UK and the USA"
"FoE UK launch of campaign against non‑returnable bottles",1971,"Movement",,"Friends of the Earth UK began its first anti‑single‑use‑bottle campaign, staging a publicity stunt that dumped hundreds of glass bottles at Schweppes’ London headquarters.","In 1971, FoE UK launched its first campaign against non-returnable bottles... Hundreds of glass bottles were dumped outside the front door of the London headquarters of Schweppes"
"Brice Lalonde candidacy in French presidential election",1981,"Other",,"Brice Lalonde ran as the candidate of the Mouvement d’Ecologie Politique in the 1981 French presidential election, receiving 3.9 % of the vote.","Brice Lalonde (b. 1946) as a candidate for the Mouvement d'Ecologie Politique in the 1981 Presidential elections and won 3.9 per cent of the total vote"
"Founding of Miljöpartiet de gröna (Swedish Green Party)",1981,"Organization",,"Sweden’s Miljöpartiet de gröna was established as a green political party, becoming one of the first such parties in Europe.","Founded in 1981, it took less than a decade to establish itself on the national scene"
"Miljöpartiet electoral breakthrough in Swedish parliamentary election",1988,"Other",,"Miljöpartiet secured 5.5 % of the vote and won twenty seats in the Swedish parliament, the first new party to enter parliament in seventy years.","By 1988, environmental issues were at the top of the political agenda... Miljöpartiet received 5.5 per cent of the vote and gained twenty seats in parliament"
"Finnish Green League parliamentary recognition",1991,"Political recognition",,"The Finnish Green League (Vihreä liitto) achieved formal parliamentary recognition in Finland.","the Finnish Green League (Vihreä liitto) secured parliamentary recognition in 1991"
"Finnish Green League enters national government",1995,"Government participation",,"The Finnish Green League became the first green party in Western Europe to join a national government.","became the first green party in Western Europe to enter a national government in 1995"
"Development of environmental movements in Central and Eastern Europe",None,"Process",,"During the 1990s, countries such as the Czech Republic, Hungary and Poland saw the emergence and growth of environmental movements.","In Central and Eastern Europe during the 1990s, communist-ruled countries such as the Czech Republic, Hungary and Poland also saw the development of environmental movements"
"Environmental activism as safe critique during Gorbachev leadership",None,"Process",,"From 1988 to 1991, environmental activism in Soviet‑controlled countries was used as a relatively safe avenue to criticize the regime, mobilising substantial public support.","During the Soviet leadership of Mikhail Gorbachev (1988-91), environmental activism in communist countries was seen as a safe way of criticising the Soviet regime, and environmental groups mobilised a great deal of public support"
"Shift in environmental issue prominence during post‑communist transition",None,"Process",,"Following the collapse of communist regimes, environmental issues receded on political agendas as citizens focused on institutional, political and economic reforms.","During the transition from communist rule, environmental issues dropped down the political agenda as the focus of citizens turned to institutional change and political and economic reform"
"Establishment of the West German Green Party",1979,"Organization",,"Founding of the West German Green Party, emerging from student protests of the late 1960s and becoming a key environmental political force in West Germany.","West German Green Party (est. 1979)"
"Formation of Bündnis 90/Die Grünen",1993,"Organization",,"Merger of the West German Green Party with an East German alliance of parties, creating the unified German Green party (Bündnis 90/Die Grünen).","grew out of a partnership of the West German Green Party (est. 1979) and an East German alliance of parties in 1993"
"Renaming of the People Party to the Ecology Party",1975,"Organization",,"The UK‑based People Party changed its name to the Ecology Party, signalling a clearer environmental focus.","People Party, which changed its name to the Ecology Party in 1975"
"Renaming of the Ecology Party to the Green Party of England and Wales",1990,"Organization",,"The Ecology Party adopted its current name, the Green Party of England and Wales, further consolidating the green political brand in the UK.","later to the Green Party of England and Wales in 1990"
"First‑anniversary Chernobyl protest in the United Kingdom",1987,"Other",,"Friends of the Earth (FoE) and the Campaign for Nuclear Disarmament (CND) organised a mass protest in the UK to mark the first anniversary of the 1986 Chernobyl disaster, drawing about 100,000 partici...","To mark the first anniversary of the disaster, FoE and the Campaign for Nuclear Disarmament (CND) organised a protest in the UK attended by 100,000 people."
"1989 European Parliamentary Elections – UK Green Party vote share",1989,"Other",,"In the 1989 European Parliamentary Elections the UK Green Party received 2.2 million votes (about 15 % of the total), demonstrating significant public support for green politics.","In the 1989 European Parliamentary Elections, the UK Green Party won the support of 2.2 million people - equivalent to 15 per cent of the vote."
"Election of Caroline Lucas as Britain’s first Green MP",2010,"Other",,"Caroline Lucas was elected Member of Parliament for Brighton Pavilion, becoming the first Green Party representative in the UK House of Commons.","it took until 2010 for Caroline Lucas (b. 1960) to be elected as Britain's first Green Party Member of Parliament, for Brighton Pavilion."
"Internal reforms within the UK Green Party (approx. 1989–2010)",None,"Process",,"A gradual, two‑decade‑long process of internal reforms aimed at improving the party’s electability and organisational structure, culminating in the 2010 election of a Green MP.","Over the next two decades internal reforms were slowly put into place, but it took until 2010 for Caroline Lucas (b. 1960) to be elected as Britain's first Green Party Member of Parliament, for Brighton Pavilion."
"Julian Huxley's wildlife conservation trip to East Africa",1960,"Other",,"British biologist Sir Julian Huxley, then Director General of UNESCO, traveled to East Africa on a wildlife‑conservation mission and later warned the public about habitat destruction.","In 1960, British biologist Sir Julian Huxley (1887-1975), first Director General of the UN Educational, Scientific and Cultural Organization (UNESCO), undertook a wildlife conservation trip to East Africa."
"WWF launch of first British fundraising appeal",1961,"Other",,"The World Wide Fund for Nature (WWF) issued a special issue of the Daily Mirror featuring black rhinos and its panda logo to raise funds for environmental projects, raising US$1.9 million in its first...","In 1961, WWF launched its first British fundraising appeal with a special issue of the Daily Mirror newspaper. Pictures of black rhinos featured on the front page of the tabloid with the headline 'Doomed', together with WWF's panda logo..."
"Establishment of the Don't Make a Wave Committee",1970,"Organization",,"A group of peace activists formed the Don't Make a Wave Committee to oppose U.S. nuclear bomb testing at Amchitka Island, later chartering a ship named Greenpeace.","Greenpeace engaged global audiences in a very different way. It can trace its beginnings to a group of peace activists who wanted to stop US nuclear bomb testing at Amchitka Island off the west coast of Alaska. The group called themselves the Don't Make a Wave Committee (est. 1970)..."
"Establishment of Greenpeace",1971,"Organization",,"Key members of the Don't Make a Wave Committee founded Greenpeace as a campaign organization, adopting the name of their ship.","Taking the name of the ship as an inspiration, key members of the Don't Make a Wave Committee established Greenpeace (est. 1971) as a campaign organisation."
"International Whaling Commission decision to ban commercial whaling",1982,"Policy",,"Following lobbying by the United States and other governments, the IWC voted to prohibit commercial whaling; the ban entered into force in 1986.","Following lobbying by the US government among others, the International Whaling Commission finally took the decision to ban commercial whaling in 1982, with the ban coming into force in 1986."
"Bombing of the Rainbow Warrior in Auckland",1985,"Other",,"A diver attached a limpet mine to the Greenpeace vessel Rainbow Warrior while docked in Auckland; the explosion killed a crew member and was later traced to the French intelligence agency.","In 1985, a diver attached a limpet mine to the Greenpeace boat Rainbow Warrior while it was docked in Auckland, New Zealand. The mine exploded, causing a hole in the side of the boat, and killed one of the ship's crew. Later it emerged that the mine had been planted by the French Intelligence Agency..."
"Cessation of nuclear testing on Amchitka Island",1971,"Other",,"After Greenpeace's first direct‑action voyage, the United States halted nuclear testing at Amchitka Island.","Greenpeace's first voyage failed to stop the Amchitka test, but gained national media coverage. Nuclear testing on Amchitka ended that same year..."
"Discovery of toxic waste in Love Canal",1978,"Event",,"The first publicised incident of toxic waste discovery that raised awareness of hazardous waste contamination in the United States, occurring in the Love Canal neighbourhood of New York State.","the 1978 discovery of toxic waste in the Love Canal neighbourhood in New York State"
"Emergency clean‑up of the Valley of the Drums",1979,"Event",,"A rapid response operation to remove toxic waste from a 23‑acre dump in Kentucky, highlighted by extensive media coverage.","media coverage of the 1979 emergency clean up of the Valley of the Drums - a twenty-three-acre toxic waste dump in Kentucky"
"Permanent evacuation of Times Beach, Missouri",1983,"Event",,"The federal government ordered the complete evacuation of the town of Times Beach after a severe dioxin contamination scare.","the 1983 permanent evacuation of Times Beach in Missouri due to a toxin scare"
"Afton hazardous‑waste landfill protest",1982,"Protest",,"Residents of the predominantly Black community of Afton, Warren County, North Carolina, staged a protest and six weeks of marches against the construction of a hazardous‑waste landfill, resulting in o...","the beginning of the movement is widely associated with a 1982 protest against a newly constructed hazardous waste landfill site by residents of Afton, a predominantly black community in Warren County in North Carolina"
"Establishment of the U.S. Superfund program",1980,"Policy",,"The United States created the Superfund (Comprehensive Environmental Response, Compensation, and Liability Act) to fund the cleanup of abandoned hazardous‑waste sites.","the US authorities had attempted to respond to the issue of abandoned hazardous waste sites through measures such as the 1980 Superfund set up to fund site clean ups"
"Publication of ""Toxic Wastes and Race"" report",1987,"Publication",,"The United Church of Christ's Commission for Racial Justice released a landmark study showing race as the strongest predictor of hazardous‑waste facility siting, galvanising the environmental‑justice ...","in 1987, the United Church of Christ's Commission for Racial Justice published Toxic Wastes and Race"
"Signing of Executive Order on Environmental Justice",1994,"Court decision",,"President Bill Clinton signed an executive order that reinforced civil‑rights and environmental laws and required federal agencies to consider environmental justice in all their actions.","in 1994, President Bill Clinton recognised the importance of this issue when he signed an Executive Order reinforcing civil rights and environmental laws and requiring federal regulatory agencies to consider environmental justice in all their work"
"Emergence of a new wave of high‑profile grassroots and community‑based movements",None,"Process",,"During the 1980s and 1990s, a series of high‑profile grassroots and community‑based movements arose, including the US environmental‑justice movement and the UK anti‑roads movement, reshaping activism ...","The 1980s and 1990s saw the emergence of a new wave of high-profile grassroots and community-based movements."
"Development of the 1990s global countercultural movement",None,"Process",,"Coalitions and campaign tactics emerging from US and UK grassroots movements contributed to a broader global countercultural movement in the 1990s, linking environmental, social and economic justice c...","This led to new and distinctive coalitions and campaign tactics that contributed to the development of the 1990s global countercultural movement."
"Establishment of Global Witness",1993,"Organization",,"Specialist group Global Witness was founded in 1993 to address the links between trade in natural resources, human rights abuses, corruption and conflict.","So too are specialist groups such as Global Witness (est. 1993), which tackles the links between trade in natural resources, human rights abuses, corruption and conflict."
"Margaret Thatcher speech on climate change at the UN",1989,"Other",,"Conservative Prime Minister Margaret Thatcher delivered a speech on climate change at the United Nations in 1989.","in the same year that the UK Green Party had achieved success in the 1989 European elections, the Conservative Prime Minister Margaret Thatcher gave a speech on climate change at the UN."
"Publication of Roads for Prosperity White Paper",1989,"Publication",,"The Conservative government set out its road‑building plans in the 1989 transport White Paper “Roads for Prosperity”.","the Conservative government's plans for the 'largest road-building programme in the UK since the Romans', set out in the 1989 transport White Paper Roads for Prosperity (1989)."
"Publication of This Common Inheritance White Paper",1990,"Publication",,"The British Government published “This Common Inheritance”, the first ever White Paper on the environment, in 1990.","A year later, the British Government published This Common Inheritance (1990), the first ever White Paper on the environment."
"Publication of Getting Nowhere Fast",1976,"Publication",,"Friends of the Earth published “Getting Nowhere Fast” in 1976, questioning the desirability of increased car use.","FoE had campaigned against road schemes since 1972, and in 1976 published Getting Nowhere Fast, questioning the desirability of increased car use."
"Twyford Down road protest",1991,"Other",,"The first road protest camp to hit national news; the protest lasted one year and was followed by mass trespass events along the motorway.","Twyford Down was the first road protest camp to hit the national news in 1991. The protest lasted one year and was followed by mass trespass events along the motorway."
"M11 link road protest",1995,"Other",,"Protest against the M11 link road in London in 1995.","Other road protests included ... the M11 link road in London ... in 1995."
"Newbury bypass protest",1995,"Other",,"Protest against the Newbury bypass in 1995.","Other road protests included ... the Newbury bypass in 1995."
"Cancellation of UK road‑building programme",1997,"Policy",,"The incoming Labour Government cancelled the Conservative road‑building programme in 1997.","The Conservative government's road-building programme was scaled down over time and eventually cancelled in 1997 by the incoming Labour Government."
"Emergence of UK anti‑roads movement",None,"Process",,"The UK anti‑roads movement emerged in the early 1990s as a single‑issue campaign supported by a wide range of groups from inside and outside the environmental movement.","The UK anti‑roads movement is an example of a single‑issue campaign that was supported by a wide range of groups from inside and outside the environmental movement. It emerged in the early 1990s with renewed public interest in the environment."
"M17 Glasgow road protest campaign",1993,"Process",,"Road protests on the M17 through Glasgow from 1993 to 1995, known as the “Pollock Free State”.","Other road protests included those on the M17 through Glasgow from 1993 to 1995 ('the Pollock Free State'), ..."
"Campaign for Twyford Down",None,"Process",,"A prolonged campaign opposing the Twyford Down road scheme that lasted almost twenty years, culminating in the 1991 protest.","The campaign for Twyford Down had lasted almost twenty years."
"Launch of Buy Nothing Day (USA)",1992,"Other",,"The anti‑consumerist Buy Nothing Day was first launched in the United States, embodying the ideals of a countercultural movement that opposed global brands and multinational corporations.","The anti-consumerist Buy Nothing Day, first launched in the USA in 1992, encapsulated the ideals of this countercultural movement."
"Greenpeace protest at World Bank anniversary celebrations",1994,"Protest",,"During the World Bank’s anniversary celebrations in Madrid, Greenpeace activists disrupted the event by showering attendees with fake dollar bills while protesters chanted outside.","During the 1994 World Bank anniversary celebrations in Madrid, Spain, Greenpeace activists interrupted proceedings, showering attendees with fake dollar bills while protesters chanted outside."
"Establishment of independent media centre for 1989 WTO Seattle protests",1989,"Organization",,"Activists set up an independent media centre that allowed anyone to upload news and reports from the Seattle WTO protests, attracting over a million hits within a few days.","When activists established an independent media centre for anyone to upload news and reports from the 1989 WTO Seattle protests, the website received over a million hits over a couple of days."
"Protests outside the Seattle WTO negotiations",1999,"Protest",,"Environmental and development activists protested outside the WTO negotiations in Seattle, highlighting concerns that environmental standards could be used as trade protectionism.","Environmental issues were a key concern of activists protesting outside the Seattle WTO negotiations in 1999."
"Global Street Party at the 24th G8 summit",1998,"Protest",,"Veterans of the anti‑roads movement and members of Reclaim the Streets took part in a Global Street Party that coincided with the 24th G8 summit in Birmingham, UK.","In 1998, veterans of the anti-roads movement and Reclaim the Streets participated in the Global Street Party that coincided with the twentyfourth G8 summit in Birmingham in the UK."
"Genoa G8 summit protests",2001,"Protest",,"At the 2001 G8 summit in Genoa, Italy, around 200,000 protestors clashed with police over two days; a protester was shot dead and organizers of the local independent media centre were beaten by Italia...","This came to a head at the 2001 G8 summit in Genoa, Italy attended by an estimated 200,000 protestors. Over two days of running battles between protestors and security forces, a man was shot dead and organisers of the local independent media centre were badly beaten by Italian police."
"Ongoing meetings of the World Social Forum",2001,"Process",,"The World Social Forum has convened regularly since 2001, providing a recurring platform for civil‑society organisations, including environmental groups, to coordinate and exchange ideas.","These networks continue to develop through a number of avenues such as the World Social Forum, which has met on a regular basis since 2001."
"Launch of the Green My Apple campaign",2006,"Other",,"Greenpeace launched the Green My Apple campaign targeting Apple to remove hazardous substances from its products, creating a website for Apple fans to generate campaign material and mobilising interne...","In 2006, Greenpeace launched the Green My Apple campaign when it found Apple less responsive than other computer companies to removing hazardous substances from products."
"Greenpeace corporate campaign activities (past twenty years)",None,"Process",,"Over the past twenty years Greenpeace has run multiple campaigns that secured concessions or changes in corporate policy from major companies such as Apple, Bayer, Coca Cola, Dell, McDonalds, Monsanto...","Over the past twenty years, it has launched campaigns that have brought about concessions or changes in corporate policy by Apple, Bayer, Coca Cola, Dell, McDonalds, Monsanto and Nestlé, among many others."
"Greenpeace activist actions (past forty years)",None,"Process",,"For roughly four decades most Greenpeace actions were carried out by a small core of activists; more recently the organization has expanded to mobilise internet activists globally to support its campa...","Whereas most Greenpeace actions over the past forty years have been undertaken by a handful of committed activists, it now mobilises internet activists across the globe to support its campaigns."
"WWF International joins HSBC in £35 million partnership",2002,"Other",,"WWF International, together with Earthwatch and Botanic Gardens Conservation International, entered a five‑year, £35 million partnership with HSBC bank to fund conservation projects along the Yangtze,...","In 2002, WWF International, together with Earthwatch and Botanic Gardens Conservation International, joined the HSBC bank in a five-year, £35 million partnership."
"Friends of the Earth accuses HSBC of financing forest destruction",2004,"Other",,"Friends of the Earth (FoE) publicly accused HSBC of financing forest destruction and social conflict, alleging the bank had arranged over US$1.6 billion in loans and credit guarantees to the Indonesia...","Two years after the WWF deal, FoE accused HSBC of financing forest destruction and social conflict, and stated that over the previous ten years it had helped arrange over US$1.6 billion in loans and credit guarantees to the palm oil sector in Indonesia."
"Greenpeace publishes investigation of Noel Kempff Climate Action Project",2009,"Publication",,"Greenpeace released findings of its investigation into the Noel Kempff Climate Action Project, labeling it a 'carbon scam' and questioning its claimed carbon emissions reductions and benefits to local...","In 2009, Greenpeace published the findings of its investigation of the Noel Kampff Climate Action Project, a protected forest area set up in 1997 by the Nature Conservancy, BP, Pacificorp, American Electric Power and the Bolivian Government."
"Adoption of the 2008 Climate Change Act by the UK government",2008,"Policy",,"The UK government enacted the Climate Change Act 2008, establishing the world’s first legally binding targets to cut six greenhouse gases by 80 % by 2050 relative to 1990 levels.","FoE's The Big Ask campaign helped create the public momentum needed for the UK government to adopt the 2008 Climate Change Act, which set the world's first legally binding targets to reduce six greenhouse gases by 80 per cent by 2050 compared with a 1990 baseline."
"Establishment of the Committee on Climate Change",2008,"Organization",,"The independent Committee on Climate Change was created to advise the UK government on meeting the targets and policies set out in the Climate Change Act.","The Act ... resulted in the independent Committee on Climate Change being established to provide advice to government on these targets and related policies."
"Shift of environmental groups toward partnership models with governments and corporations",None,"Process",,"Over the past thirty years, many environmental groups have moved from recruiting individual members to forming partnerships with governments and corporations, exemplified by Conservation International...","Over the past thirty years, some environmental groups have shifted their focus from recruiting members of the public to establishing partnerships with governments and corporations. The US‑based group Conservation International (est. 1987) partnered with other organisations from the beginning... Foru..."
"Launch of The Big Ask campaign",2005,"Movement",,"Thom Yorke, lead singer of Radiohead, launched The Big Ask campaign to demand strong climate legislation in the UK.","Thom Yorke (b. 1968), lead singer of the music group Radiohead, launched The Big Ask campaign on 25 May 2005."
"Opening of Early Day Motion 178 parliamentary petition",2005,"Policy",,"A Parliamentary petition (Early Day Motion 178) was opened calling for new legislation requiring annual 3 % cuts in carbon dioxide emissions.","On the same day, a Parliamentary petition (Early Day Motion 178) opened calling for new legislation requiring annual cuts in carbon dioxide emissions of 3 per cent."
"Campaign group urges MPs to sign Early Day Motion",2006,"Advocacy",,"In September 2006 the campaign group behind The Big Ask made an extra effort to encourage MPs to sign the Early Day Motion and to write to the Prime Minister for a new climate law.","In September 2006, the campaign group made an extra effort to encourage MPs to sign the Early Day Motion and to write to the Prime Minister calling for a new climate law."
"Enactment of the UK Climate Change Law",2008,"Policy",,"The UK climate law, the first of its kind in the world, came into force.","On 26 October 2008, the climate law became a reality, and the first law of its kind in the world."
"Launch of European The Big Ask campaign",2009,"Movement",,"A European-wide campaign was launched, extending The Big Ask to eighteen European countries demanding binding annual greenhouse‑gas cuts.","Inspired by the UK success, a European campaign was launched in 2009 with similar laws being submitted to parliament in Austria, Belgium, Finland, Malta, Ireland and Scotland."
"High Court ruling on Heathrow expansion policy",2010,"Court decision",,"A High Court judge ruled that the government’s policy for expanding Heathrow airport needed to be re‑examined.","On 26 March 2010, a High Court judge ruled that the government's policy for the expansion of Heathrow airport, first set out in 2003, would need to be re-examined."
"Cancellation of Heathrow third‑runway plans",2010,"Policy",,"The newly elected Conservative‑Liberal Democrat coalition government cancelled the proposed third runway at Heathrow and ruled out new runways at Stansted and Gatwick.","In May 2010, the newly elected Conservative and Liberal Democrat coalition government cancelled plans for the third runway at Heathrow and ruled out new runways at Stansted and Gatwick airports."
"CAR2 campaign against Manchester second runway",1997,"Movement",,"The Coalition Against Runway 2 (CAR2) campaigned to stop the construction of a second runway at Manchester International Airport; the campaign was unsuccessful.","This compares with the unsuccessful campaign Coalition Against Runway 2 (CAR2) to stop the construction of a second runway at Manchester's International Airport in 1997."
"Introduction of the American Power Act",2010,"Policy",,"The Obama Administration introduced the American Power Act, a Climate Change Bill targeting a 17 % emissions reduction by 2020.","In May 2010, the Obama Administration introduced a long-awaited Climate Change Bill, the American Power Act, which sought to reduce carbon emissions by 17 per cent by 2020 compared with 2005 levels."
"US Senate postponement of Climate Change Bill",2010,"Policy",,"The US Senate announced it was postponing advancement of the Climate Change Bill due to opposition and competing political priorities.","In July 2010, the US Senate announced that it was postponing the advancement of the Climate Change Bill due to wide opposition among Republican lawmakers and some Democrats."
"Multi‑year coalition effort to block Heathrow third runway",None,"Process",,"Over several years a broad coalition of NGOs and campaign groups worked together to make the Heathrow third‑runway proposal politically unpalatable.","Over a number of years, a wide coalition of campaign groups, including Campaign for Better Transport, Climate Camp, FoE, National Trust, Greenpeace, Society for the Protection of Ancient Buildings, and Plane Stupid, worked together to make the proposal for a third runway at London Heathrow airport p..."
"Ongoing green campaign activity in the United States (past 20 years)",None,"Process",,"For roughly the past two decades, green campaigns have been launched in the US to support a series of legislative climate change bills, none of which have succeeded to date.","Over the past twenty years, green campaigns have been launched in support of a series of legislative climate change bills, and at the time of writing each one has failed."
"Friends of the Earth public lobbying of MPs",2006,"Process",,"Following the September 2006 push, FoE mobilised the public over several weeks to personally lobby 620 of 646 MPs to back the climate‑law campaign.","Over the following weeks, FoE mobilised the public to personally lobby 620 out of a total of 646 MPs to back its campaign."
"MoveOn network’s ongoing focus on energy and environmental issues",2003,"Process",,"Since 2003 the progressive MoveOn network has consistently made energy and environmental issues a campaign priority, maintaining a long‑term advocacy process across the United States.","The progressive MoveOn network has approximately 3 million members across the USA, and since 2003 has consistently made energy and environmental issues a campaign priority."
"350 campaign’s global day of action (largest international climate campaign)",2009,"Movement",,"In 2009 the campaign group 350 organised the single largest international campaign on climate change, coordinating a global day of action that saw 5,200 demonstrations in 181 countries, all aimed at a...","In 2009, the campaign group 350 organised the single largest international campaign on climate change. ... Through the internet and other media channels, the 350 campaign organised a global day of action. A total of 5200 demonstrations took place in 181 countries, involving groups from across the en..."
"UN Conference on the Human Environment (UNCHE)",1972,"Conference",,"First international conference that recognized environmental deterioration as an issue requiring attention, held in Stockholm, Sweden, catalyzing multilateral environmental agreements and initiating t...","The international community first recognised the deterioration of the environment as an issue that required attention in its own right at the 1972 UN Conference on the Human Environment (UNCHE), held in Stockholm (Sweden)."
"Establishment of the United Nations",1945,"Organization",,"Founding of the United Nations, creating a multilateral forum for post‑war reconstruction, peace, and later environmental governance.","The post-war era of global environmental governance would not have been possible without the initial commitment to multilateralism shown by world powers when they created the UN in 1945."
"UN Scientific Conference on the Conservation and Utilization of Resources (UNSCCUR)",1949,"Conference",,"Conference organized by the UN Economic and Social Council to consider conservation of natural resources, attended by 640 scientists from 50 countries, held at Lake Success, New York.","In 1949 the UN Scientific Conference on the Conservation and Utilization of Resources (UNSCCUR) was held at Lake Success in New York."
"UN Declaration on Permanent Sovereignty over Natural Resources",1962,"Declaration",,"Declaration secured by developing nations, led by Chile, affirming permanent sovereignty over natural resources.","In 1962 developing nations, led by Chile, secured a UN Declaration on Permanent Sovereignty over Natural Resources."
"UN General Assembly Resolution on Exploitation and Marketing of Natural Wealth",1966,"Resolution",,"Resolution recognizing that developing nations must be able to exploit and market their natural wealth.","This was followed by a 1966 UN General Assembly Resolution, which recognised that developing nations must be able to exploit and market their natural wealth."
"Biosphere Conference (1968)",1968,"Conference",,"UNESCO‑organised conference that examined the scientific basis for rational use and conservation of the biosphere’s resources and discussed the causes of environmental deterioration.","The first major signs of this new environmental focus were displayed at the 1968 Biosphere Conference held in Paris. This UNESCO-organised conference examined the scientific basis for rational use and conservation of the resources of the biosphere, and in doing so discussed the causes of environment..."
"Publication of Problems of the Human Environment",1969,"Publication",,"Report by UN Secretary‑General U Thant that warned the world had a decade to address air and water pollution, soil erosion and the waste of natural resources, generating worldwide newspaper headlines.","Conference delegates expressed concerns over rapid population growth, urbanisation and industrialisation, and these were outlined in a report published the following year by UN Secretary General Thant (1909-74). The report, entitled Problems of the Human Environment (1969), suggested the world had a..."
"Proposal of a Global Conference on the Human Environment by Sweden",1967,"Other",,"Swedish Deputy Permanent Secretary Börje Billner presented to the UN General Assembly the idea of convening a conference to coordinate member states on complex human‑environment problems.","On 13 December 1967, the Swedish Deputy Permanent Secretary, Börje Billner, put forward the idea to the UN General Assembly that a conference be held to facilitate coordination and to focus the interest of member countries on extremely complex problems related to the human environment."
"Adoption of UN General Assembly Resolution 2398 (XXIII) convening UNCHE",1968,"Policy",,"During its twenty‑third session in December 1968, the UN General Assembly adopted resolution 2398 (XXIII), formally convening the UN Conference on the Human Environment in Stockholm and noting the acc...","At its twenty-third session in December 1968, the UN General Assembly supported the Swedish proposal and agreed it would take place in Stockholm. The General Assembly adopted resolution 2398 (XXIII) convening the UNCHE and noting the '[...] continuing and accelerating impairment of the quality of th..."
"Publication of the Founex Report on Development and Environment",1971,"Publication",,"Report emerging from UNCHE preparatory discussions that clearly set out the link between environment and development priorities, helping convince developing countries of the relevance of environmental...","The outcome of these discussions was The Founex Report on Development and Environment (1971), which clearly set out the link between environment and development priorities and helped to convince developing countries that environmental issues were relevant to their situation."
"World Bank President Robert McNamara proposes establishment of an international commission on global development",1977,"Other",,"In January 1977 the president of the World Bank, Robert McNamara, suggested setting up an international commission to formulate basic proposals to break through an international impasse in negotiation...","In January 1977 the president of the World Bank, Robert McNamara (1916-2009), suggested setting up an international commission to formulate basic proposals to break through an international impasse in negotiations on global development."
"Publication of North‑South: A Program for Survival",1980,"Publication",,"The Brandt Commission published the report “North‑South: A Program for Survival”, outlining a comprehensive strategy for restructuring the global economic order and reinforcing mutual interests on dev...","It published two reports, North‑South: A Program for Survival (1980) and Common Crisis North‑South: Cooperation for World Recovery (1983)."
"Publication of Common Crisis North‑South: Cooperation for World Recovery",1983,"Publication",,"The Brandt Commission released “Common Crisis North‑South: Cooperation for World Recovery”, an emergency programme calling for a substantial increase in the flow of resources to the developing world.","It published two reports, North‑South: A Program for Survival (1980) and Common Crisis North‑South: Cooperation for World Recovery (1983)."
"Alignment of UNCHE and UNEP on environment‑development agenda",None,"Process",,"Over roughly twenty years, the United Nations Centre for Human Settlements (UNCHÉ) and the United Nations Environment Programme (UNEP) moved from separate initiatives to a closely aligned stance on th...","However, it took another twenty years for them to be closely aligned on the international stage."
"Adoption of UN General Assembly Resolution 38/161 establishing the World Commission on Environment and Development",1983,"Policy",,"The UN General Assembly passed Resolution 38/161, creating the World Commission on Environment and Development (WCED).","In 1983, the same year that Common Crisis was published, the UN General Assembly passed Resolution 38/161, establishing the World Commission on Environment and Development (WCED)."
"Publication of the World Conservation Strategy",1980,"Publication",,"A coalition of UN agencies and environmental groups released the World Conservation Strategy, emphasizing the interdependence of conservation and development.","the World Conservation Strategy (1980) published by a coalition of UN agencies and environmental groups."
"Publication of the Brundtland Report (Our Common Future)",1987,"Publication",,"The World Commission on Environment and Development released its report, Our Common Future, which defined and popularized the concept of sustainable development.","its report, Our Common Future, also known as the Brundtland Report, was published in 1987."
"Union Carbide chemical explosion at Bhopal",1984,"Other",,"A catastrophic chemical plant explosion in Bhopal, India, caused massive loss of life and highlighted industrial environmental hazards.","the 1984 Union Carbide chemical explosion at Bhopal in India"
"Chernobyl nuclear power plant disaster",1986,"Other",,"A reactor explosion at the Chernobyl nuclear power plant in the Soviet Union released large amounts of radioactive material, becoming a major environmental catastrophe.","the 1986 Chernobyl nuclear power plant disaster in the Soviet Union"
"UN Conference on Environment and Development (Earth Summit)",1992,"Conference",,"The UN held the major Earth Summit in Rio de Janeiro, Brazil, with 172 countries, heads of state, and thousands of NGOs participating to negotiate climate change, biodiversity, and forest policies.","This led to the 1992 UN Conference on Environment and Development (UNCED), also known as the 'Earth Summit', which was held on the 3-12 June in Rio de Janeiro, Brazil"
"Pearson Commission proposal of overseas aid target",1969,"Policy",,"The Pearson Commission put forward a proposal that developed nations should allocate 0.7 % of national income to overseas development aid.","The Pearson Commission originally proposed the overseas aid target in 1969"
"United Nations Conference on Environment and Development (UNCED)",1992,"Conference",,"The 1992 Earth Summit in Rio where negotiators secured the adoption of the UN Framework Convention on Climate Change, the Convention on Biological Diversity, Agenda 21, the Rio Declaration, and the St...","UNCED negotiators eventually secured the adoption of the UN Framework Convention on Climate Change (UNFCCC); the Convention on Biological Diversity (CBD); a global plan of action to promote sustainable development called Agenda 21; the Rio Declaration on Environment and Development, which set out a ..."
"UN Conference on Population (1994)",1994,"Conference",,"A UN conference, influenced by UNCED, that examined population issues.","UNCED influenced a series of subsequent UN conferences, which examined population (1994), social development (1995), rights and roles of women (1995) and human settlements (1996)."
"UN Conference on Social Development (1995)",1995,"Conference",,"A UN conference, influenced by UNCED, that examined social development.","UNCED influenced a series of subsequent UN conferences, which examined population (1994), social development (1995), rights and roles of women (1995) and human settlements (1996)."
"UN Conference on the Rights and Roles of Women (1995)",1995,"Conference",,"A UN conference, influenced by UNCED, that examined the rights and roles of women.","UNCED influenced a series of subsequent UN conferences, which examined population (1994), social development (1995), rights and roles of women (1995) and human settlements (1996)."
"UN Conference on Human Settlements (1996)",1996,"Conference",,"A UN conference, influenced by UNCED, that examined human settlements.","UNCED influenced a series of subsequent UN conferences, which examined population (1994), social development (1995), rights and roles of women (1995) and human settlements (1996)."
"UN General Assembly Special Session on the Environment (Rio+5)",1997,"Meeting",,"A special session of the UN General Assembly to review and appraise the implementation of Agenda 21, calling for poverty eradication as a priority and urging a high‑profile follow‑up conference.","In 1997, the UN General Assembly held a special session on the environment (also known as Rio+5) to review and appraise the implementation of Agenda 21."
"Adoption of UN General Assembly Resolution 55/199",2000,"Policy",,"In December 2000 the UN General Assembly adopted Resolution 55/199, acknowledging that despite many successful efforts since UNCED the environment and natural resource base continued to deteriorate at...","The need for action was further highlighted in December 2000, when the UN General Assembly adopted Resolution 55/199, acknowledging that, despite many successful and continuing efforts of the international community since UNCHE, the environment and the natural resource base continued to deteriorate ..."
"World Summit on Sustainable Development (WSSD)",2002,"Conference",,"The WSSD (Rio+10) was convened to reinvigorate global commitment to sustainable development and conduct a ten‑year review of progress since 1992. It was held in Johannesburg, South Africa from 26 Augu...","Following this, the UN convened a World Summit on Sustainable Development (WSSD) to reinvigorate the global commitment to sustainable development and undertake a ten-year review of progress achieved since 1992. The WSSD (also known as Rio+10) was held in Johannesburg (South Africa) from 26 August to..."
"United States rejection of the Kyoto Protocol",2001,"Policy",,"U.S. President George W. Bush rejected the Kyoto Protocol, arguing it would cripple the U.S. economy and give unfair exemptions to developing nations.","A year earlier, Bush had rejected the Kyoto Protocol to tackle climate change, claiming that it would cripple the US economy and that it gave unfair exemptions to developing nations."
"Adoption of the Ramsar Convention on Wetlands",1971,"Policy",,"International treaty establishing the protection of wetlands as a conservation priority.","Ramsar Convention, 1971"
"Adoption of CITES (Convention on International Trade in Endangered Species of Wild Fauna and Flora)",1973,"Policy",,"Treaty to regulate international trade in endangered wildlife and plant species.","Convention on International Trade in Endangered Species of Wild Fauna and Flora, CITES, 1973"
"Signing of the Vienna Convention for the Protection of the Ozone Layer",1985,"Treaty signing",,"Twenty nations signed the framework agreement that created a platform for negotiating regulations on ozone‑depleting substances.","Public concern over the health and environmental impacts of depletion of the ozone layer first translated into coordinated international action in 1985, when twenty nations signed the Vienna Convention for the Protection of the Ozone Layer."
"Signing of the Montreal Protocol on Substances that Deplete the Ozone Layer",1987,"Treaty signing",,"Forty‑three nations agreed to sign the protocol, freezing CFC production at 1986 levels and committing to a 50 % reduction by 1999.","By 1987, representatives from forty-three nations had agreed to sign the Montreal Protocol, freeze production of CFCs at 1986 levels, and reduce production by 50 per cent by 1999."
"First amendment strengthening of the Montreal Protocol",1990,"Policy amendment",,"The protocol was strengthened to introduce additional control measures on ozone‑depleting substances.","The Protocol was strengthened in 1990 ..."
"Second amendment strengthening of the Montreal Protocol",1992,"Policy amendment",,"Further amendment that set a schedule to phase out CFCs entirely by 1996.","... and again in 1992 to phase out CFCs entirely by 1996."
"Adoption of the UN Framework Convention on Climate Change (UNFCCC)",1992,"Policy",,"International treaty establishing a framework for global action on climate change.","climate change (UNFCCC, 1992)"
"Adoption of the Basel Convention on Hazardous Wastes",1989,"Policy",,"Treaty controlling the transboundary movements of hazardous wastes.","hazardous wastes (Basel Convention, 1989)"
"Adoption of the Rotterdam Convention on Hazardous Chemicals and Pesticides",1998,"Policy",,"Treaty that promotes shared responsibility and cooperative efforts in the international trade of hazardous chemicals and pesticides.","hazardous chemicals and pesticides (Rotterdam Convention, 1998)"
"Adoption of the Cartagena Protocol on Biosafety",2000,"Policy",,"Protocol under the Convention on Biological Diversity that addresses the safe handling, transport and use of living modified organisms resulting from modern biotechnology.","bio‑safety (Cartagena Protocol, 2000)"
"Adoption of the Stockholm Convention on Persistent Organic Pollutants",2001,"Policy",,"Treaty aimed at eliminating or restricting the production and use of persistent organic pollutants (POPs).","persistent organic pollutants (Stockholm Convention, 2001)"
"World Summit on Sustainable Development – adoption of the Johannesburg Declaration and Plan of Implementation",None,"Conference",,"The summit produced the Johannesburg Declaration on Sustainable Development and a Plan of Implementation, promoting Type II multi‑stakeholder partnerships to advance sustainable development goals.","The outcome of the Summit was its Plan of Implementation and the Johannesburg Declaration on Sustainable Development."
"Creation of the Intergovernmental Panel on Climate Change (IPCC)",1988,"Organization",,"The IPCC was established by the World Meteorological Organization (WMO) and the United Nations Environment Programme (UNEP) to provide scientific support for international climate negotiations.","The scientific support is provided by the Intergovernmental Panel on Climate Change (IPCC), created in 1988 by the WMO and UNEP."
"Publication of the First IPCC Assessment Report",1990,"Publication",,"The IPCC released its first assessment report presenting scientific evidence on the causes and impacts of climate change.","It produced its first assessment report on the science of climate change in 1990"
"Publication of the Second IPCC Assessment Report",1995,"Publication",,"The second assessment report concluded that the balance of evidence suggests a discernible human influence on global climate.","The IPCC's second assessment report, published in 1995, concluded that 'the balance of evidence suggests a discernible human influence on global climate'."
"Publication of the Fourth IPCC Assessment Report",2007,"Publication",,"The fourth assessment report presented stronger evidence that most of the observed temperature increase since the mid‑20th century is very likely due to anthropogenic greenhouse‑gas concentrations.","By the fourth assessment report (2007), the IPCC's conclusions were more strongly worded: "Most of the observed increase in globally averaged temperatures since the mid-20th century is very likely due to the observed increase in anthropogenic (human) greenhouse gas concentrations.""
"Award of the Nobel Peace Prize to the IPCC",2007,"Award",,"The IPCC received the Nobel Peace Prize for its efforts to lay the foundations for measures needed to counteract climate change.","In 2007, the IPCC was awarded the Nobel Peace Prize for its 'efforts to lay the foundations for measures that are needed to counteract climate change'."
"Adoption of the United Nations Framework Convention on Climate Change (UNFCCC)",1992,"Policy",,"Countries adopted the UNFCCC, establishing a global framework for negotiating protocols to limit greenhouse‑gas emissions.","After the first IPCC assessment report, countries acted quickly to adopt the UNFCCC in 1992."
"Entry into force of the UNFCCC",1994,"Policy",,"The UNFCCC became legally binding after ratification by a large number of countries, including the United States.","and entered into force in 1994."
"Establishment of the Kyoto Protocol at COP 3",1997,"Conference",,"During the third Conference of the Parties (COP 3), parties adopted the Kyoto Protocol, setting mandatory emissions‑reduction targets for developed countries to be achieved by 2008‑2012.","COP 3 in 1997 established the Kyoto Protocol to create mandatory emissions‑reduction targets for specific developed countries to be achieved by 2008‑12."
"Annual Conferences of the Parties (COP) under the UNFCCC",None,"Process",,"Since 1995, signatory countries have met each year at the Conferences of the Parties (COP) to negotiate and refine the UNFCCC treaty.","From 1995 onwards, all signatories of the UNFCCC have met at annual Conferences of the Parties (COP) to further refine the treaty."
"COP 13 in Bali",None,"Conference",,"The 13th Conference of the Parties (COP13) to the UNFCCC was held in Bali, Indonesia, focusing on laying foundations for a new climate agreement.","COP 13 in Bali, Indonesia"
"COP 14 in Poznan",None,"Conference",,"The 14th Conference of the Parties (COP14) to the UNFCCC took place in Poznan, Poland, continuing negotiations toward a successor to the Kyoto Protocol.","COP 14 in Poznan, Poland"
"COP 15 in Copenhagen",2009,"Conference",,"The 15th Conference of the Parties (COP15) was held in Copenhagen, Denmark in December 2009. It attracted 10,500 delegates, 13,500 observers and 3,000 media representatives, and produced the Copenhage...","When COP 15 took place in December 2009, it had all the characteristics of an environmental 'mega conference'. A total of 10,500 delegates, 13,500 observers and 3000 media representatives attended COP 15, while 120 of the world's leaders were scheduled to arrive in time for a final agreement. ... Th..."
"COP 16 in Cancun",2010,"Conference",,"The 16th Conference of the Parties (COP16) convened in early December 2010 in Cancun, Mexico, where parties agreed principles for monitoring, reporting and verification of emissions and established th...","In early December 2010, the international community convened at COP 16 in Cancun, Mexico. Negotiations were constructive and dealt with some of the issues COP 15 had not resolved. Countries agreed principles for monitoring, reporting and verification of emissions, and established a Green Climate Fun..."
"COP 17 in Durban",2011,"Conference",,"The 17th Conference of the Parties (COP17) was scheduled for Durban, South Africa in 2011, aiming to achieve a more comprehensive climate agreement following the outcomes of COP16.","aim of a more comprehensive agreement at COP 17 in Durban, South Africa in 2011."
"First International Summit on the Human Environment (Stockholm Conference)",1972,"Conference",,"The inaugural global summit that addressed human‑environment issues, marking the start of modern global environmental governance.","first international summit to address human environment issues in 1972"
"Publication of *Silent Spring*",1962,"Publication",,"Rachel Carson’s landmark book that brought scientific evidence of environmental harm to public attention and became a catalyst for modern environmental movements.","Since the publication of Rachel Carson's Silent Spring (1962)"
"2012 United Nations Conference on Sustainable Development (Rio+20 / Earth Summit)",2012,"Summit",,"A major UN summit convened to review progress since the 1972 Stockholm Conference and to set new agendas for sustainable development, occurring amid a global economic downturn and shifting geopolitica...","preparation for the 2012 Earth Summit (Stockholm +40, Rio +20)"
"Growing public appeal of ecological philosophy",1960,"Process",,"The ecological philosophy articulated by Aldo Leopold, emphasizing harmony between humans and the biotic community, began to gain wider public appeal starting in the late 1960s, driven by major social...","This philosophy gained wider appeal from the late 1960s as momentous changes in social, economic and political conditions combined with rapid and visible changes in the state of the environment."
"Publication of Hunt and Bischoff paper ""Inimical Effects on Wildlife of Periodic DDD Applications to Clear Lake""",1960,"Publication",,"Hunt and Bischoff published a scientific paper documenting the impact of the insecticide DDD on wildlife in Clear Lake, showing bioaccumulation up the food chain and a dramatic decline in grebe popula...","In 1960, Hunt and Bischoff published a paper entitled 'Inimical Effects on Wildlife of Periodic DDD Applications to Clear Lake'. It investigated the impact of dichlorodiphenyldichloroethane (DDD)... The population of grebes at Clear Lake fell from over 1000 pairs to approximately thirty in 1960."
"Publication of Rachel Carson’s book *Silent Spring*",1962,"Publication",,"Rachel Carson’s seminal book, which synthesized scientific evidence on the widespread use of pesticides (especially DDT) and their ecological impacts, was first serialized in *The New Yorker* and then...","The completed work was first serialised in the New Yorker and then published in book form as Silent Spring in 1962. In the USA, Silent Spring was a popular science phenomenon - almost a million copies were sold in its first two years."
"Increase in domestic production of synthetic pesticides in the United States",None,"Process",,"During the post‑World War II period, the United States saw a rapid expansion of synthetic pesticide manufacturing, with domestic output rising more than fivefold between 1947 and 1960.","In the USA, scientists challenged indiscriminate aerial spraying, but between 1947 and 1960 domestic production of synthetic pesticides increased more than fivefold."
"Billboard advertising campaign ""Ecology? Look it up! You're involved"" in Vancouver",1969,"Other",,"Billboard adverts promoting ecology as a revolutionary idea were displayed across Vancouver; the campaign was funded by journalist Ben Metcalfe.","In 1969, billboard adverts appeared across Vancouver with the message 'Ecology? Look it up! You're involved'. Ben Metcalfe (1919-2003), a journalist who later became the first chairman of Greenpeace, paid for the posters as he wanted to promote ecology as a revolutionary idea."
"Launch of The Ecologist magazine (first edition)",1970,"Publication",,"Edward Goldsmith published the first edition of a new UK‑based magazine, The Ecologist, intended as a platform for environmental thinking.","The following year, Edward Goldsmith (1928-2009) published the first edition of a new magazine called The Ecologist as a platform for environmental thinking in the UK."
"Publication of ""A Blueprint for Survival"" in The Ecologist",1972,"Publication",,"The Ecologist magazine published Goldsmith's manifesto "A Blueprint for Survival", which called for societal change and sold 750,000 paperback copies.","The magazine reached a wide audience in 1972 when it published Goldsmith's 'A Blueprint for Survival', a manifesto for societal change that was endorsed by scientists and academics and went on to sell 750,000 copies as a paperback book."
"Publication of Murray Bookchin's ""Post‑Scarcity Anarchism""",1970,"Publication",,"Murray Bookchin released a book that combined anarchist political philosophy with ecology, articulating a radical ecological perspective.","Murray Bookchin (1921-2006) developed a more politically revolutionary approach, in which he combined anarchist political philosophy with ecology in books such as Post-Scarcity Anarchism (1970)."
"Creation of environmental protection agencies",None,"Process",,"Governments began establishing environmental protection agencies throughout the 1970s, reflecting a managerial approach to environmentalism.","The creation of environmental protection agencies from the 1970s onwards reflected this managerial approach to environmentalism."
"Establishment of the UK Royal Commission for Environmental Pollution",1970,"Organization",,"The UK government set up the Royal Commission for Environmental Pollution in 1970 to address growing public concern about harmful environmental pollution.","It was not until 1970 that the UK government set up the Royal Commission for Environmental Pollution..."
"Establishment of the UK Department for the Environment",1970,"Organization",,"In 1970 the UK government created the Department for the Environment, a new agency focused on environmental rather than economic concerns.","It was not until 1970 that the UK government set up ... a Department for the Environment..."
"Establishment of the US Environmental Protection Agency",1970,"Organization",,"The US administration established the Environmental Protection Agency in 1970 to address public concerns about environmental pollution.","It was not until 1970 that ... the US administration established the US Environmental Protection Agency."
"Development of the Gaia hypothesis",None,"Process",,"James Lovelock developed the Gaia hypothesis during the 1970s, proposing that Earth functions as a single living system that regulates its environment to perpetuate life.","James Lovelock (b. 1919) introduced a scientific twist to the biocentric approach to environmentalism when he developed his Gaia hypothesis during the 1970s."
"Nimbus Earth observation satellite program",None,"Process",,"From 1964 onwards, a series of Nimbus Earth observation satellites enabled remote sensing of the atmosphere, land surface, oceans and ecosystems, providing data for environmental monitoring.","From 1964 onwards, a series of Nimbus Earth observation satellites enabled remote sensing of the atmosphere, land surface, oceans and ecosystems."
"UN endorsement of global atmospheric research programmes",None,"Process",,"Starting in the late 1960s, the United Nations system endorsed and supported global collaboration and research programmes such as the Global Atmospheric Research Programme (GARP) and the Global Enviro...","Starting in the late 1960s, the UN system endorsed and supported global collaboration and research programmes such as the Global Atmospheric Research Programme (GARP) and the Global Environment Monitoring System (GEMS)."
"Adoption of the Convention on Biological Diversity (CBD)",1992,"Policy",,"International momentum led to the adoption of the Convention on Biological Diversity, formalising global commitments to biodiversity conservation.","by 1992 international momentum led to the adoption of the CBD."
"Establishment of the World Climate Research Programme",1980,"Organization",,"The first World Climate Research Programme was created to coordinate global climate research efforts.","the first World Climate Research Programme was established in 1980."
"Publication of the first high‑profile climate change study",1986,"Publication",,"The first high‑profile scientific study projecting future global climate change was published.","The first high-profile study of what might happen to the global climate over time was published in 198615."
"Formation of the Intergovernmental Panel on Climate Change (IPCC)",1987,"Organization",,"The IPCC was created to assess scientific information related to climate change and provide policy‑relevant guidance.","the IPCC was formed a year later."
"1992 Rio Earth Summit (United Nations Conference on Environment and Development)",1992,"Conference",,"A landmark UN conference where biodiversity and climate change secured global political attention, leading to the CBD and UNFCCC.","Biodiversity together with climate change secured global attention at the 1992 Rio Earth Summit through the CBD and the UNFCCC."
"Publication of the 2010 Global Biodiversity Outlook",2010,"Publication",,"The Global Biodiversity Outlook report evaluated progress toward the 2002 biodiversity target and highlighted missed goals.","The 2010 Global Biodiversity Outlook found that the target established in 2002 to achieve a significant reduction in the rate of biodiversity loss by 2010 had not been met."
"Publication of IUCN Red Data Books",None,"Process",,"Starting in 1966, the International Union for Conservation of Nature began publishing Red Data Books documenting threatened species worldwide.","From 1966 onwards, the International Union for Conservation of Nature (IUCN) published Red Data Books of threatened species in need of conservation attention"
"Publication of ""Air and Rain""",1872,"Publication",,"Robert Angus Smith, Britain’s first official air‑pollution inspector, published his book *Air and Rain* describing the concentration of sulphuric acid in rain near industrial Manchester and its harmfu...","Robert Angus Smith (1817-84), Britain's first official air-pollution inspector, monitored the concentration of sulphuric acid in rain near to industrial Manchester and described its effects in his book Air and Rain (1872):"
"Great London Smog",1952,"Other",,"A severe smog episode over London that made air pollution highly visible, triggering public demand for action on smoke pollution and a government‑backed enquiry.","in the UK highly visible pollution events such as the 1952 great London smog brought about public demand for action on smoke pollution and a government-backed enquiry."
"Publication of the Beaver Committee Report",1954,"Publication",,"The Beaver Committee Report concluded that levels of air pollution could no longer be tolerated and highlighted sulphur dioxide as a particularly harmful pollutant.","The resulting Beaver Committee Report (1954) concluded that levels of air pollution could no longer be tolerated but also observed that 'sulphur dioxide is one of the most harmful of all polluting agents'."
"Adoption of the Clean Air Act (UK)",1956,"Policy",,"The UK government passed the Clean Air Act, establishing smokeless zones and encouraging the use of smokeless fuels to reduce air‑pollution impacts.","The UK government responded by passing the 1956 Clean Air Act, which established smokeless zones and encouraged the burning of smokeless fuels."
"Stockholm United Nations Conference on the Human Environment (UNCHÉ)",1972,"Conference",,"Sweden hosted the 1972 UNCHÉ in Stockholm, during which the United Kingdom was singled out for criticism over transboundary air‑pollution.","It repeated the accusation as host of the 1972 Stockholm UNCHE (see Chapter 3) at which the UK in particular was singled out for criticism."
"OECD Five‑Year Study on Acid Rain",None,"Process",,"A five‑year research programme (1972‑1977) coordinated by the Organisation for Economic Co‑operation and Development, involving eleven European countries (including the UK and Sweden), which identifie...","This prompted a five-year study into acid rain by the Organisation for Economic Co-operation and Development (OECD), in which eleven European countries, including the UK and Sweden, participated (1972-77)."
"British government acceptance of link between British air pollution and Scandinavian acid rain",1986,"Policy",,"The British government formally recognized that emissions from Britain were contributing to acid rain affecting Scandinavia.","It was not until 1986 that the British government finally accepted the link between British air pollution and Scandinavian acid rain."
"Signing of air quality accord between Canada and the United States",1991,"Policy",,"Canada and the United States signed an air‑quality agreement in 1991 following a change in the U.S. presidential administration.","An air quality accord between Canada and the USA was signed in 1991 after a change in administration from President Ronald Reagan (1981-89) to President George H. Bush (b. 1924)."
"Development of genetically modified (GM) food",1990s,"Process",,"From the 1990s onward, the development of GM food emerged as a new focus for debates over scientific evidence and the burden of proof in environmental and food safety policy.","From the 1990s onwards, the development of GM food offered a different focus on the burden of proof."
"End of European moratorium on approving commercial growing of GM crops",2010,"Policy",,"The European moratorium that prohibited approval of commercial GM crop cultivation ended, allowing individual nations to decide whether to maintain restrictions.","The European moratorium on approving the commercial growing of GM crops came to an end in 2010, but individual nations are still able to decide to keep it in place."
"Greenpeace occupation of the Brent Spar oil‑storage buoy to stop deep‑sea disposal",1995,"Movement",,"Greenpeace occupied the Brent Spar buoy in the North Sea to prevent its deep‑sea disposal, generating widespread media coverage and prompting a Europe‑wide boycott of Shell.","One of the most high‑profile uses of science in an environmental campaign was deployed by Greenpeace to stop the deep‑sea disposal of the Brent Spar oil‑storage buoy in the North Sea in 1995. Greenpeace had a long‑standing opposition to deep‑sea dumping and quickly acted to occupy the buoy before it..."
"Greenpeace admission of measurement error on Brent Spar oil content",1995,"Other",,"After mistakenly sampling oil from the wrong part of the Brent Spar buoy, Greenpeace admitted the error, leading to criticism from the British government and the media and damaging trust in the enviro...","a couple of months later it emerged that Greenpeace had made a mistake: it had sampled oil from the wrong part of the buoy and produced a false measurement. When Greenpeace admitted its mistake it was criticised by the British government and the media."
"Destruction of GM crop trials by UK protesters",2000,"Process",,"Since 2000, protesters in the United Kingdom have found and destroyed every attempted GM crop trial, hindering scientific verification of GM crop safety.","UK scientists are no nearer to proving that GM crops are safe as protesters have found and destroyed every crop trial attempted since 2000."
"Use of scientific evidence by professional campaign groups in environmental advocacy",None,"Process",,"From the late 1960s onward, professional campaign groups employed scientists to study environmental problems and used the resulting evidence in lawsuits, petitions to governments, and public campaigns...","From the late 1960s onwards, professional campaign groups employed scientists to study and diagnose environmental problems, utilising the evidence in lawsuits, petitions to government and public campaigns."
"Attacks on scientists in climate change debate",None,"Process",,"In recent years, scientists on both sides of the climate‑change debate have faced attacks, reflecting growing mistrust in scientific authority.","In recent years this issue has come to the fore in the shape of attacks on scientists on both sides of the climate change debate."
"Wall Street Journal publication of claims about IPCC Second Assessment Report",1995,"Publication",,"In 1995 the Wall Street Journal published claims that editorial changes to the second IPCC report violated IPCC rules of procedure and would deceive policy makers and the public into believing that sc...","In 1995 the Wall Street Journal picked up and published claims that editorial changes to the second report on the science of climate change were in violation of IPCC rules of procedure and would 'deceive policy makers and the public into believing that the scientific evidence shows human activities ..."
"Exchange of letters between Exxon Mobil and the Royal Society",2006,"Other",,"Direct conflict broke out in 2006 when Exxon Mobil, a member of the Global Climate Coalition, was challenged in an exchange of letters that became public with the Royal Society, the world’s oldest sci...","Direct conflict broke out in 2006 when Exxon Mobil, the world's richest company and a member of the Global Climate Coalition, was challenged in an exchange of letters that became public with the Royal Society, the world's oldest scientific academy."
"Hack and public release of CRU emails",2009,"Other",,"Approximately 1,000 emails from the Climatic Research Unit at the University of East Anglia were hacked and posted on the internet in November 2009, sparking widespread media coverage and scrutiny of ...","The challenge to climate science reached a new peak after approximately 1000 emails from the Climatic Research Unit (CRU) at the University of East Anglia (UEA) were hacked and posted on the internet in November 2009."
"Launch of fourth independent review into the IPCC",2010,"Other",,"A fourth review was launched into the IPCC a few months after the CRU email release, prompted by the exposure of a mistake in the fourth assessment regarding glacial melt.","A fourth review was launched into the IPCC a few months later, following exposure of a mistake in the fourth assessment regarding glacial melt."
"Global Climate Coalition campaign challenging IPCC scientific certainty",None,"Process",,"For much of the 1990s the Global Climate Coalition, an American industrial grouping formed shortly after the IPCC, mounted a sustained campaign challenging the levels of scientific certainty presented...","For much of the 1990s, the Global Climate Coalition, an American industrial grouping formed shortly after the IPCC, challenged the levels of scientific certainty set out in IPCC publications."
"Royal Society attempts to produce a plain‑English guide to climate change and revises wording after member complaints",None,"Publication",,"The Royal Society tried to create a plain‑English guide on climate change, but was compelled to alter its wording in response to objections from some of its own members.","when the Royal Society attempted to write a plain English guide to climate change, it was forced to change its wording following complaints by some of its own members."
"Publication of The Wealth of Nations",1776,"Publication",,"Adam Smith’s seminal work that identified land rent, wages, and profits as the three original sources of revenue, emphasizing the stability of land rent as a source of public revenue.","In The Wealth of Nations Adam Smith (1723-90) described rent from the use of land, the wages of labour and profits of stock as 'the three original sources of all revenue as well as of all exchangeable value.'"
"Publication of An Essay on the Principle of Population",1798,"Publication",,"Thomas Malthus argued that population growth, initially driven by surplus food production, would eventually be constrained by limits to productive land, leading to potential starvation unless populati...","as it Affects the Future Improvement of Society (1798), Malthus explained that population growth, driven initially by surplus food production, would eventually be constrained by limits to productive land and a resultant shortage of food."
"Publication of The Coal Question",1865,"Publication",,"William Stanley Jevons warned that improvements in fuel efficiency tend to increase overall fuel consumption, highlighting the paradox of resource use and the risk of coal exhaustion.","In 1865, William Stanley Jevons (1835-82) published The Coal Question: An Inquiry Concerning the Progress of the Nation, and the Probable Exhaustion of our Coal-mines, in which he argued that improvements in fuel efficiency tended to increase, rather than decrease, fuel use."
"Publication of Principles of Political Economy",1862,"Publication",,"John Stuart Mill presented the concept of a stationary‑state economy and warned against unlimited economic growth, emphasizing the ecological damage of relentless agricultural expansion.","In 1862, he published the Principles of Political Economy with some of their Applications to Social Philosophy, in which he championed the 'stationary state economy' and warned against the drive for unlimited economic growth."
"Bretton Woods Conference",1944,"Conference",,"Forty‑four countries gathered at Bretton Woods, New Hampshire, to ensure post‑war peace and prosperity through economic cooperation; the meeting led to the creation of the International Monetary Fund ...","In 1944, against the backdrop of the Second World War, forty-four countries gathered together at Bretton Woods in the US state of New Hampshire. The aim of the conference was to ensure post-war peace and prosperity through economic cooperation. The meeting led to the establishment of the IMF and the..."
"Marshall Plan (U.S. European Recovery Program)",None,"Process",,"The U.S. European Recovery Program, known as the Marshall Plan, ran from 1947 to 1951, providing aid to rebuild war‑devastated Europe, curb the spread of communism, and stabilise the international ord...","The US European Recovery Program, also known as the Marshall Plan, ran from 1947 to 1951 and provided aid to repair the devastation of major war areas and begin economic reconstruction."
"Establishment of Presidential Commission on Future Supply of Minerals, Energy and Agricultural Resources",1951,"Other",,"President Harry S. Truman created a presidential commission to examine the future supply of minerals, energy, and agricultural resources in the United States.","As early as 1951, President Harry S. Truman (1884-1972) established a presidential commission to examine the future supply of minerals, energy and agricultural resources."
"Publication of ""Resources for Freedom: Foundations for Growth and Security""",1952,"Publication",,"The Paley Commission, chaired by William Paley, produced a five‑volume report titled *Resources for Freedom: Foundations for Growth and Security*, documenting unprecedented post‑World War I natural‑re...","The following year the Paley Commission, chaired by William Paley (1901-90), produced a five-volume report: Resources for Freedom: Foundations for Growth and Security."
"Publication of ""Our Plundered Planet""",1948,"Publication",,"Henry Fairfield Osborn Jr. authored *Our Plundered Planet*, a book warning of environmental degradation and over‑exploitation of natural resources.","These included Henry Fairfield Osborn Jr's (1887-1969) Our Plundered Planet ... both published in 1948."
"Publication of ""Road to Survival""",1948,"Publication",,"William Vogt authored *Road to Survival*, a book emphasizing the dangers of overpopulation and its impact on the planet’s ecological balance.","These included ... William Vogt's (1902-68) Road to Survival, both published in 1948."
"Publication of ""The Population Bomb""",1968,"Publication",,"Paul R. Ehrlich published *The Population Bomb*, linking rapid human population growth to the Earth’s limited capacity to sustain humanity.","Ehrlich published The Population Bomb in 1968, and directly linked population growth to the Earth's capacity to sustain humankind."
"President Nixon's Special Message to Congress on Population Growth",1969,"Other",,"U.S. President Richard Nixon delivered a special message to Congress addressing the problems associated with rapid population growth.","in 1969, US President Richard Nixon (1913-94) gave a special message to Congress on 'the problems of population growth'."
"Publication of ""The Economics of the Coming Spaceship Earth"" (essay)",1966,"Publication",,"Kenneth E. Boulding published the essay *The Economics of the Coming Spaceship Earth*, critiquing the notion of an open economy without finite resources and proposing a closed, ‘spaceship’ economy mod...","In his 1966 essay 'The Economics of the Coming Spaceship Earth', Kenneth E. Boulding (1910-93) challenged neoclassical economic ideas of an 'open' economic system without finite resources and a limited assimilative capacity to absorb waste."
"Publication of ""The Affluent Society""",1958,"Publication",,"John Kenneth Galbraith released *The Affluent Society*, critiquing the post‑war focus on production as the primary measure of progress and quality of life.","In The Affluent Society (1958), the American economist John Kenneth Galbraith (1908-2006), reflecting on the continued focus on production as a measure of progress, observed:"
"Robert F. Kennedy campaign speech at the University of Kansas",1968,"Other",,"Robert F. Kennedy delivered a campaign speech criticizing the use of gross national product (GNP) as a measure of national progress, arguing that it ignores health, education, and environmental wellbe...","In March 1968, Robert F. Kennedy (1925-68) delivered a campaign speech at the University of Kansas where he explained the shortcomings of using gross national product (GNP) to measure progress:"
"Establishment of the Club of Rome",1968,"Organization",,"A meeting of international professionals in a villa in Rome led by Aurelio Peccei and Alexander King resulted in the creation of the Club of Rome, a think‑tank focused on resource consumption and glob...","In 1968, the industrialist Aurelio Peccei (1908-84) and Scottish scientist Alexander King (1909-2007) invited an international group of professionals from industry, academia and civil society to a villa in Rome. ... Following the meeting, the participants established the Club of Rome as a focal poin..."
"Publication of The Limits to Growth",1972,"Publication",,"The Club of Rome released its first report, ""The Limits to Growth,"" presenting scenarios from an integrated global model linking world economy and environment, highlighting potential future limits t...","The Club's first report, The Limits to Growth (1972), was underpinned by the work of a group of systems scientists at the Massachusetts Institute of Technology (MIT), who had developed the first integrated global model linking the world economy and the environment."
"Publication of The Ultimate Resource",1981,"Publication",,"Julian Simon published "The Ultimate Resource," arguing that human ingenuity and substitution would overcome physical resource limits, challenging the limits‑to‑growth perspective.","Julian Simon (1932-98) was among the most prominent academics to challenge the idea that there are physical limits to resources that must ultimately constrain economic growth. His arguments were summarised in The Ultimate Resource (1981)."
"Ehrlich–Simon metal price wager",1980,"Other",,"Paul R. Ehrlich and Julian Simon made a public bet on the price trends of five metals from 1980 to 1990; Ehrlich predicted rising prices, Simon predicted falling prices, and Simon won the wager.","Simon also entered a wager with Ehrlich regarding the prices of five metals. Ehrlich predicted prices of each metal would rise between 1980 and 1990, demonstrating their growing scarcity. Simon predicted they would fall as technology and substitution would keep prices low. Simon won the bet..."
"Publication of The Entropy Law and the Economic Process",1971,"Publication",,"Nicholas Georgescu‑Roegen published his seminal work *The Entropy Law and the Economic Process*, introducing the idea that the use of energy reduces the amount of usable energy available to society an...","In The Entropy Law and the Economic Process (1971), Georgescu-Roegen explained that whenever energy is used, the amount of usable energy available to society declines."
"Publication of Small is Beautiful: A Study of Economics as if People Mattered",1973,"Publication",,"Ernst F. Schumacher published *Small is Beautiful*, championing appropriate technology and arguing that natural resources should be treated as capital rather than as expandable income.","Ernst F. Schumacher (1911-77), who championed the use of appropriate technology in Small is Beautiful: A Study of Economics as if People Mattered (1973)."
"Launch of World Bank Natural Wealth Accounting Plan",2010,"Policy",,"The World Bank, supported by India, Mexico and several other countries, launched a plan to create an accounting framework that places the natural wealth of nations alongside traditional financial meas...","In 2010 the World Bank launched a plan, backed by India, Mexico and a number of other countries, to create an accounting measure that puts the natural wealth of nations alongside financial measurements such as GDP."
"Beaver Committee cost assessment of air pollution",1950s,"Other",,"An early attempt at costing the damage caused by air pollution was made by the Beaver Committee, estimating economic losses of hundreds of millions of pounds from infrastructure, buildings, laundry, a...","An early attempt at costing the damage caused by air pollution was made by the Beaver Committee in the mid-1950s (see Chapter 4)."
"Roskill Commission proposal for third runway in London",1970s,"Other",,"The Roskill Commission proposed a location for a third runway in London and used social cost‑benefit analysis to support its case, with noise pollution as a major contested issue.","When the Roskill Commission proposed a location for a third runway in London in the early 1970s, it used social cost‑benefit analysis to support its case."
"Publication of MIT report ""Man's Impact on the Global Environment""",1970,"Publication",,"A 1970 MIT report of the Study of Critical Environmental Problems described nine 'environmental services' that would decline if ecosystem functioning were damaged, laying groundwork for the ecosystem‑...","An 1970 MIT report of the Study of Critical Environmental Problems, entitled Man's Impact on the Global Environment: Assessment and Recommendations for Action, described nine 'environmental services' that would decline if the functioning of ecosystems were damaged."
"Millennium Ecosystem Assessment",2001‑2005,"Process",,"A global, multi‑year assessment that examined the consequences of ecosystem change on human wellbeing, providing an overview of ecosystem conditions and defining four categories of ecosystem services.","It was then used as a central organising concept for the Millennium Ecosystem Assessment, undertaken between 2001 and 2005. The Millennium Ecosystem Assessment examined the consequences of ecosystem change on human wellbeing, and provided a global overview of conditions of the world's ecosystems and..."
"Robert Costanza et al. estimate of global ecosystem services value",1980s,"Research",,"In the late 1980s, Robert Costanza and colleagues attempted to estimate the monetary value of ecosystem services provided by the Earth's biosphere, arriving at a range of US$16‑54 trillion per year.","However, in the late 1980s Robert Costanza and colleagues attempted to estimate the value of ecosystem services provided by the Earth's biosphere. They estimated the value of the services provided by the ecosystem to humanity at between US$16‑54 trillion per year."
"Development and application of ecosystem services concept",1980s‑1990s,"Process",,"Throughout the 1980s and 1990s the ecosystem‑services idea was further developed and applied to biodiversity assessments, expanding its use in environmental policy and research.","Throughout the 1980s and 1990s, the idea was developed further, applied to biodiversity assessments, and then used as a central organising concept for the Millennium Ecosystem Assessment."
"Publication of the Stern Review",2006,"Publication",,"The 2006 Stern Review presented a high‑profile economic case for environmental action, arguing that the cost of inaction on climate change would exceed the cost of mitigation and highlighting the impo...","The 2006 Stern Review is the most highprofile example of economic theory presenting the case for environmental action."
"Publication of UNEP report on corporate environmental damage",2010,"Publication",,"A United Nations Environment Programme (UNEP) report estimated that 3,000 listed companies were responsible for US$2.15 trillion worth of environmental damage in 2008, with greenhouse‑gas emissions ac...","In 2010, a UNEP report estimated that 3000 listed companies were responsible for US$2.15 trillion worth of environmental damage in 2008, equivalent to 7 per cent off their combined revenues."
"Deepwater Horizon oil spill",2010,"Other",,"The Deepwater Horizon oil spill in the Gulf of Mexico caused extensive environmental damage; BP incurred substantial cleanup costs, illustrating the real‑world economic impact of ecological liabilitie...","The costs incurred by the global oil and gas company BP in cleaning up the 2010 Deepwater Horizon oil spill in the Gulf of Mexico illustrate the real-world economic impact of ecological liabilities."
"Publication of ""The Tragedy of the Commons""",1967,"Publication",,"Garrett Hardin introduced the concept of the ""tragedy of the commons,"" using the analogy of shared grazing land to explain how unregulated common resources lead to over‑use and environmental degrada...","In 1967, Garrett Hardin (1915-2003) developed the notion of the 'tragedy of the commons' where he used the analogy of common grazing land to illustrate that sharing common resources leads to over-use."
"International Conference on Water and the Environment",1992,"Conference",,"A 1992 conference where participants agreed that water has an economic value in all its competing uses and should be recognised as an economic good, supporting the ecosystem services approach and wate...","In 1992, the International Conference on Water and the Environment agreed that 'water has an economic value in all its competing uses and should be recognised as an economic good'."
"Electoral victory of Evo Morales",2003,"Other",,"Following protests against water privatisation in Cochabamba, a political upheaval propelled indigenous leader Evo Morales to win the national election in Bolivia.","When a privately run water company increased the price of water and sanitation in the Bolivian town of Cochabamba, this set in motion a chain of protests against privatisation and a political upheaval that swept the indigenous people's leader Evo Morales (b. 1959) to electoral victory in 2003."
"Global financial crisis",None,"Other",,"The worldwide financial crisis of 2008‑2009 caused a contraction in global per‑capita income and a decline in world trade volumes, creating a context for environmental advocacy of a green recovery.","The 2008-09 global financial crisis led to global per capita income contracting and the volume of world trade declining."
"Launch of Global Green New Deal (GGND) initiative",2008,"Policy",,"UNEP launched the Global Green New Deal in December 2008, proposing an economic stimulus package aimed at reviving the global economy, creating jobs, reducing carbon dependency, and ending extreme pov...","Following in his footsteps, UNEP instigated the Global Green New Deal (GGND) initiative in December 2008."
"G20 London Summit",2009,"Conference",,"The United Kingdom's Labour Prime Minister Gordon Brown convened the G20 leaders in London to discuss the international response to the financial crisis and to commit to a transition toward clean, inn...","In April 2009, UK's then Labour Prime Minister Gordon Brown (b. 1951) held the G20 London Summit to discuss the international response to the financial crisis. A G20 communiqué from the meeting stated 'We will make the transition towards clean, innovative, resource efficient, low carbon technologies..."
"G20 Pittsburgh Summit",2009,"Conference",,"At the September 2009 summit in Pittsburgh, the G20 pledged to enhance global climate‑change initiatives, improve energy security, phase out fossil‑fuel subsidies and reduce the vulnerability of the w...","At the September 2009 Pittsburgh Summit, the G20 further pledged to enhance global climate change initiatives, improve energy security and phase out fossil fuel subsidies as well as reduce the vulnerability of the world's poor."
"Launch of the UK Green Economy Budget",2009,"Policy",,"The United Kingdom allocated roughly 11 % of its US$3.9 billion fiscal stimulus to green investments and introduced a ‘Green economy’ budget in April 2009, targeting low‑carbon projects intended to cr...","The UK devoted approximately 11 per cent of its US$3.9 billion fiscal stimulus to green investments as well as launching a 'Green economy' budget in April 2009, which included a range of low-carbon investments aimed at creating 400,000 new jobs over an eight-year period."
"Adoption of the American Recovery and Reinvestment Act",2009,"Policy",,"The United States enacted a US$78.5 billion recovery package in February 2009 that incorporated measures to retrofit buildings, expand mass transit, freight rail, renewable energy and to build a smart...","In February 2009, the USA adopted a US$78.5 billion American Recovery and Reinvestment Act, which included measures to retrofit buildings and expand mass transit, freight rail and renewable energy as well as construct a 'smart' electrical grid transmission system."
"Publication of ""Towards a Green Economy: Pathways to Sustainable Development and Poverty Eradication""",2011,"Publication",,"UNEP released a report in February 2011 advocating green investment worldwide, linking green economies to poverty eradication and outlining investment recommendations across ten key sectors.","In February 2011, UNEP published Towards a Green Economy: Pathways to Sustainable Development and Poverty Eradication, which further advocated green investment on a global scale."
"G20 Green Stimulus Spending During the Recession",None,"Process",,"Throughout the global recession, G20 members collectively spent over US$520 billion on green stimulus measures, representing 16 % of all fiscal spending and 0.7 % of G20 GDP, though falling short of t...","During the recession, members of the G20 spent over US$520 billion on a green stimulus. The stimulus comprised 16 per cent of all fiscal spending and 0.7 per cent of the G20 GDP, falling short of the 1 per cent GGND recommendation."
"Publication of *Prosperity Without Growth*",2009,"Publication",,"Tim Jackson’s book argues for a different kind of economy that allows human flourishing within ecological limits, critiquing growth‑driven consumerism and calling for a transition to clean, renewable ...","In Prosperity Without Growth (2009), Tim Jackson argues that a different kind of economy is essential for a different kind of prosperity - one where human beings can flourish within the ecological limits of a finite planet."
"Rio+20 United Nations Conference on Sustainable Development",2012,"Conference",,"The international community’s attention turns to the Rio+20 summit, a high‑level conference that focuses on integrating green‑economy strategies with poverty‑reduction goals.","as the international community turns its attention to Rio+20."
"End of food rationing in the United Kingdom",1954,"Policy",,"All food rationing in the UK was terminated, marking the end of wartime and post‑war rationing policies.","it was not until July 1954 that all food rationing in the UK came to an end."
"Opening of the Preston by‑pass",1958,"Infrastructure",,"The Preston by‑pass was opened, inaugurating the ‘motorway age’ in Britain.","the 'motorway age' was born when the Preston by‑pass was opened in December 1958"
"Opening of the M1 motorway",1959,"Infrastructure",,"The M1, the first long stretch of inter‑urban motorway in the UK, was opened, further expanding the national road network.","followed in November 1959 by the M1, the first long stretch of inter‑urban motorway."
"Publication of *Unsafe at Any Speed*",1965,"Publication",,"Ralph Nader published a book exposing the automobile industry's resistance to improving vehicle pollution and safety, sparking a new wave of consumer advocacy.","In 1965, Ralph Nader (b. 1934) published Unsafe at Any Speed, which examined the reluctance of the car industry to improve both vehicle pollution and safety."
"Launch of ITV, the first independent television station in the UK",1955,"Media launch",,"ITV began broadcasting, ending the BBC's monopoly and introducing commercial television advertising to British audiences.","Two years later, the BBC's monopoly of television came to an end when the first independent television station, ITV, went on air."
"Coronation of Queen Elizabeth II",1953,"Ceremony",,"The coronation ceremony of Queen Elizabeth II took place, prompting many British families to purchase their first television sets.","In 1953 many families in the UK bought their first television for the coronation of Queen Elizabeth II."
"Publication of ""The Affluent Society""",1956,"Publication",,"Economist J. K. Galbraith published his book *The Affluent Society*, identifying the imbalance between newly‑found private wealth and its environmental effects.","The economist J. K. Galbraith (1908-2006) eloquently identified the imbalance between the new‑found private wealth and its environmental effects in his book The Affluent Society (1956)."
"Cuyahoga River oil slick fire (media coverage)",1969,"Event",,"Television coverage of the 1969 oil slick fire on the Cuyahoga River highlighted the human impact on the environment and helped raise public awareness of pollution.","Coverage of the 1969 oil slick fire on the Cuyahoga River ... were key moments in the growing media coverage of the human impact on the environment."
"Santa Barbara Channel oil spill (media coverage)",1969,"Event",,"Media reporting on the Santa Barbara Channel oil spill contributed to growing public concern about environmental damage caused by industrial accidents.","... and the Santa Barbara Channel oil spill were key moments in the growing media coverage of the human impact on the environment."
"Capture of the first Earthrise image by Apollo 8 crew",1968,"Event",,"On Christmas Eve, 24 December 1968, the Apollo 8 crew photographed Earth rising over the lunar landscape, creating the iconic “Earthrise” image that later influenced environmental consciousness.","The first pictures of Earth from space were actually taken by the crew of Apollo 8 eight months earlier, on Christmas Eve in December 1968... The first image of Earth rising in the vast darkness of space over a lunar landscape became an iconic picture. ... the image became known as 'Earthrise'."
"Apollo 11 Moon landing",1969,"Event",,"On 20 July 1969 the US lunar module Eagle landed on the Moon; extensive television coverage and the iconic images of Earth from space helped bring modern environmental concepts into the mainstream.","What had been a dream for many people, ... became a reality on 20 July 1969 when the US lunar module Eagle successfully landed on the moon's surface. ... the extensive television coverage of humanity's first mission to land on the moon, and the images of planet Earth from space, also helped to bring..."
"Proposal of the first Earth Day by Senator Gaylord Nelson",1970,"Event",,"On 22 April 1970 US Senator Gaylord Nelson proposed the first Earth Day, which was marked by a nationwide teach‑in involving schools, colleges, universities and community groups, and attracted an esti...","A year after the moon landing, US senator Gaylord Nelson (1916-2005) proposed the first Earth Day on 22 April 1970. The day was marked by a national environment teach‑in led by schools, colleges, universities and community groups. Media coverage included a primetime CBS News Special Report called Ea..."
"Broadcast of CBS News Special Report ""Earth Day: A Question of Survival""",1970,"Publication",,"A primetime CBS News special report aired during the first Earth Day, focusing on the survival of the planet and highlighting environmental challenges.","Media coverage included a primetime CBS News Special Report called Earth Day: A Question of Survival."
"Founding of Keep America Beautiful",1953,"Organization",,"Keep America Beautiful (KAB) was founded by a group of US corporate and civic leaders to promote and develop a national cleanliness ethic in response to the growing problem of litter.","KAB was founded in 1953 by a group of US corporate and civic leaders to promote and develop a national cleanliness ethic in response to the growing problem of litter."
"First public service announcement on litter prevention by Keep America Beautiful",1956,"Publication",,"Keep America Beautiful produced its first public service announcement aimed at preventing litter.","in 1956 it produced its first public service announcement on litter prevention."
"Earth Day campaign (1970)",1970,"Movement",,"The Earth Day campaign highlighted the need for individuals and communities to protect the environment.","By 1970, the Earth Day campaign was again highlighting the need for individuals and communities to do their bit to protect the environment."
"Launch of the 'Crying Indian' public announcement campaign",1971,"Other",,"Keep America Beautiful launched the iconic 'Crying Indian' TV advert to promote personal environmental responsibility.","In 1971, Keep America Beautiful (KAB) launched the 'Crying Indian' public announcement campaign, which was to become an iconic symbol of personal environmental responsibility."
"Adoption of Oregon Bottle Bill",1971,"Policy",,"The State of Oregon passed a landmark Bottle Bill requiring a five‑cent deposit on beer and soft‑drink containers to reduce litter and conserve resources.","in 1971 the State of Oregon's landmark Bottle Bill became law in spite of intense lobbying by container and beverage industries."
"Proposal of California Bottle Bill",1974,"Policy",,"The State of California proposed a bottle‑deposit bill similar to Oregon’s, which faced public opposition from Keep America Beautiful.","In 1974, the State of California proposed a similar bill but KAB publicly opposed it"
"Launch of Clean Community System",1975,"Other",,"Keep America Beautiful introduced the Clean Community System, emphasizing street cleaning and other litter‑control activities as an alternative to bottle‑deposit legislation.","and a year later launched the Clean Community System as an alternative that placed an emphasis on street cleaning and other litter-control activities."
"Materials recovery program launched in Woodbury, New Jersey",1970,"Program",,"Woodbury became the first U.S. city to begin a materials‑recovery (recycling) program, led by a local community organization.","In November 1970, Woodbury, New Jersey was the first US city to begin materials recovery, spearheaded by an environmentally concerned community organisation."
"Ecology Center recycling demonstration project in Berkeley",1973,"Program",,"The Ecology Center launched a newspaper‑collection recycling demonstration in Berkeley, which served as a model for municipal recycling programmes.","In 1973, the Ecology Center, a US action-orientated organisation, launched a recycling demonstration project in Berkeley, California collecting newspapers, which became a model for other municipal recycling programmes."
"Installation of UK's first bottle bank at Tesco, Barnsley",1977,"Other",,"The UK's first bottle bank was installed in the car park of a Tesco supermarket in Barnsley, South Yorkshire, introduced by Stanley Race to promote glass recycling.","In August 1977, the UK's first bottle bank was sited in the car park of the Tesco supermarket in Barnsley, South Yorkshire. The bottle bank was introduced by Stanley Race, then president of the Glass Manufacturers' Federation, with the aim of convincing local authorities that such schemes could be e..."
"1973 OPEC oil export embargo",1973,"Other",,"Major Arab oil‑producing states imposed an oil export embargo through OPEC, causing a hike in oil prices and an oil crisis that spurred national debates on energy security in the UK.","In 1973, an oil export embargo of the Organization of the Petroleum Exporting Countries (OPEC) by major Arab oil-producing states caused a hike in the price of oil, leading an oil crisis."
"Publication of The Aerosol Connection pamphlet",1986,"Publication",,"Friends of the Earth (FoE) in the UK published a pamphlet titled “The Aerosol Connection” listing CFC‑free aerosols and launching a publicity campaign encouraging consumers to choose them.","In 1986, the UK FoE published a pamphlet, The Aerosol Connection, detailing a list of aerosols that were CFC‑free."
"Launch of FoE aerosol boycott campaign",1989,"Movement",,"Friends of the Earth planned to boycott best‑selling CFC‑based aerosols; the boycott was launched three days after the eight largest aerosol companies decided to phase out all CFCs by the end of 1989.","When this approach failed to persuade aerosol manufacturers to take action, FoE planned to boycott all the best‑selling CFC‑based aerosols. The eight largest aerosol companies took the decision to phase out all CFCs by the end of 1989, three days before the boycott campaign was launched."
"Publication of The Green Consumer Guide",1988,"Publication",,"John Elkington and Julia Hailes co‑authored and published “The Green Consumer Guide”, the first book focusing on green consumer choices, selling over one million copies.","In 1988, John Elkington (b. 1949) and Julia Hailes (b. 1961) published The Green Consumer Guide, which reflected the growing interest in green consumerism and further encouraged individuals who wanted to use their purchasing power to buy the greenest products."
"Launch of six new British ethical investment funds",1987,"Other",,"A boom in ethical investment in the late 1980s led to the creation and launch of six new ethical funds in Britain.","In 1987 a boom in ethical investment saw the launch of six new British ethical funds."
"1989 American survey on environmental concerns of product purchases",1989,"Research",,"A survey of Americans found that 89 % were concerned about the environmental impacts of the products they bought and 77 % were influenced by a company's environmental reputation.","A 1989 survey of Americans found that 89 per cent were concerned about the environmental impacts of the products they bought, while 77 per cent were influenced by a company's environmental reputation."
"Organised consumer action against McDonald's",1988,"Movement",,"US environmental groups EDF, Earth Action Network and Kids Against Pollution launched a campaign targeting McDonald's over its waste, using tactics such as sending back wrappers and schoolchildren dem...","In 1988, the US environmental groups EDF, Earth Action Network and Kids Against Pollution attacked McDonald's, the largest US fast-food chain, for the amount of rubbish it produced."
"McDonald's adoption of paper‑based packaging",1990,"Policy",,"Following pressure on its non‑recyclable waste, McDonald's agreed to replace polystyrene clamshells with paper‑based packaging.","the company was subjected to mounting pressure on its nonrecyclable waste and in 1990 agreed to move to paper-based packaging."
"Founding of The Body Shop",1976,"Organization",,"Anita Roddick established The Body Shop in Brighton, UK, to sell natural beauty products and promote environmentally conscious consumerism.","In 1976, Anita Roddick (1942-2007) founded The Body Shop in Brighton, UK to sell natural beauty products."
"Launch of 'Save the Whale' window campaign by The Body Shop",1986,"Movement",,"The Body Shop, in collaboration with Greenpeace, created a window display campaign titled 'Save the Whale' to raise awareness of marine conservation.","In 1986 it created its own window campaign, 'Save the whale', in collaboration with Greenpeace."
"Gallup poll on executive attitudes toward recyclable packaging",1989,"Research",,"A Gallup poll revealed that 58 % of Fortune 500 executives believed customers would pay more for products with recyclable packaging or components.","A 1989 Gallup poll found that 58 per cent of Fortune magazine's 500 list of business executives believed their customers would pay more for products with recyclable packaging or components."
"Survey on consumer skepticism toward environmental claims",1990,"Research",,"A 1990 survey indicated that 47 % of customers dismissed environmental claims as mere 'gimmickry', reflecting growing consumer wariness of greenwashing.","One 1990 survey indicated that 47 per cent of customers dismissed environmental claims as mere 'gimmickry'."
"Introduction of the EU voluntary Ecolabel scheme",1992,"Policy",,"The European Union launched a voluntary Ecolabel scheme to help consumers identify green products and encourage businesses to advertise environmental credentials.","One way of addressing this was through labelling, and the EU introduced a voluntary Ecolabel scheme in 1992."
"Awarding of over 1,000 EU Ecolabel licences",2010,"Other",,"By early 2010 more than 1,000 licences under the EU Ecolabel had been granted, with Italy and France holding the highest numbers of licence holders.","At the beginning of 2010, more than 1000 EU Ecolabel licences had been awarded, with Italy and France having the highest number of Ecolabel holders."
"Tesco announcement of product carbon‑footprint labelling and emissions cut",2007,"Policy",,"Tesco announced it would label 70,000 products with carbon‑footprint information and aim to cut store carbon emissions by 75 %.","In 2007, Britain's leading businesses responded to a resurging green trend, with the supermarket chain Tesco announcing it would be labelling 70,000 products with details of its carbon footprint, and that it would cut carbon emissions from its stores by 75 per cent."
"Marks & Spencer launch of 'Plan A' programme",2007,"Policy",,"Marks & Spencer launched a £200 million 'Plan A' programme aimed at making the company carbon neutral through energy reduction and increased use of recycled materials.","Marks & Spencer launched a £200 million 'Plan A' programme to make the company carbon neutral by cutting energy consumption and stocking more products from recycled materials."
"Broadcast of ""The Undersea World of Jacques Cousteau""",1966,"Other",,"US broadcast of the television series that brought marine life to public attention for the first time.","The 1966 US broadcast of The Undersea World of Jacques Cousteau brought life under the seas to public attention for the very first time."
"Release of documentary ""Life on Earth""",1979,"Publication",,"David Attenborough produced a highly acclaimed documentary that narrated the evolution of life on the planet.","In 1979, Attenborough produced a highly acclaimed documentary, Life on Earth, which told the story of the evolution of life on the planet."
"Earth Day celebration at Union Square",1970,"Meeting",,"Actors Paul Newman and Ali McGraw participated in the 1970 Earth Day celebration in New York City.","US actors Paul Newman (1925-2008) and Ali McGraw (b. 1939) took part in the 1970 Earth Day celebration at Union Square in New York City."
"Live Aid concert",1985,"Other",,"International artists performed at Live Aid on 13 July 1985, raising money for the Ethiopian famine and demonstrating the power of celebrity endorsement for environmentalists.","the success of the Live Aid concert on 13 July 1985 which galvanised a host of international artists to raise money to tackle the Ethiopian famine, that environmentalists realised the power of celebrity endorsement."
"Founding of Rainforest Foundation International",1989,"Organization",,"British musician Sting, his wife Trudie Styler, and filmmaker Jean‑Pierre Dutilleux established the Rainforest Foundation International.","In 1989, British musician Sting (b. 1951) founded the Rainforest Foundation International with his wife Trudie Styler (b. 1954) and Belgian film-maker Jean-Pierre Dutilleux."
"Legal recognition and demarcation of Kayapo territory",1993,"Policy",,"Following a campaign led by Sting and Kayapo leader Raoni Metuktire, the Brazilian government legally recognized and demarcated more than 27,359 km² of indigenous land in Amazonas.","In 1993 this resulted in legal recognition and demarcation of an area of more than 27,359 square kilometres."
"Publication of Vanity Fair’s “Green Issue”",2006,"Publication",,"Vanity Fair released a special “Green Issue” featuring Julia Roberts, George Clooney, Al Gore and Robert Kennedy Jr., calling for a new American revolution on climate change.","In May 2006, US Vanity Fair, a magazine of popular culture, fashion and politics, reflected popular environmental awareness when it published its 'Green Issue'. The cover featured Hollywood movie stars Julia Roberts (b. 1967) and George Clooney (b. 1961), and politicians Al Gore (b. 1948) and Robert..."
"Vanity Fair abandons annual Green Issue",2009,"Publication",,"Three years after the Green Issue launch, Vanity Fair announced it would cease publishing the annual green issue, stating that environmental coverage had become integral to the news agenda.","Three years later, Vanity Fair announced it would abandon its annual green issue, arguing that the environment had become so integral to the news agenda that there was no longer a need for a dedicated issue."
"Release of documentary ""An Inconvenient Truth""",2006,"Publication",,"Al Gore produced the Oscar‑winning documentary that presented the scientific case for climate change and its impacts.","In 2006, former US Democratic Party Vice President Al Gore's long-standing interest in environmental issues led him to produce the Oscar-winning documentary An Inconvenient Truth."
"Release of film ""The Day After Tomorrow""",2004,"Publication",,"Hollywood science‑fiction disaster film depicting catastrophic climate‑change scenarios.","This followed the 2004 Hollywood science-fiction disaster film The Day After Tomorrow."
"Release of documentary ""The 11th Hour""",2007,"Publication",,"Leonardo DiCaprio produced and narrated a feature documentary on the state of the natural environment.","In 2007, US actor Leonardo DiCaprio (b. 1974) produced and narrated the feature film documentary The 11th Hour on the state of the natural environment."
"Release of film ""The Age of Stupid""",2009,"Publication",,"Franny Armstrong produced a drama‑documentary‑animation hybrid about climate change, starring Pete Postlethwaite.","In 2009 British environmental campaigner Franny Armstrong (b. 1972) produced the film The Age of Stupid, which continued the climate change theme."
"Live Earth concert 2007",2007,"Other",,"A global series of concerts calling for worldwide action to combat climate change, staged on seven continents and broadcast in 132 countries.","The 2007 Live Earth concert called for worldwide action to combat climate change across seven continents, and was broadcast in 132 countries. Described as the 'largest global entertainment event in history', Live Earth staged concerts in New York, London, Sydney, Tokyo, Shanghai, Rio de Janeiro, Joh..."
"Publication of Climate Safety report",2008,"Publication",,"Report by the Public Interest Research Centre concluding the need for a 10 % reduction in the developed world's emissions by the end of 2010.","In 2008, the Public Interest Research Centre's report Climate Safety concluded the need for a 10 per cent reduction in the developed world's emissions by the end of 2010."
"Founding of the 10:10 campaign",2008,"Movement",,"Campaign encouraging individuals, businesses and organisations to commit to reducing their carbon emissions, founded by filmmaker Franny Armstrong.","This inspired Armstrong to found the 10:10 campaign, which encouraged individuals, businesses and organisations to commit to reducing their carbon emissions."
"Establishment of Active Resistance project",2005,"Other",,"Project set up by designer Vivienne Westwood to encourage engagement with humanitarian and environmental issues.","In 2005, the designer Vivenne Westwood (b. 1941) set up 'Active Resistance' as a project to encourage engagement with humanitarian and environmental issues."
"Launch of 'I am not a plastic bag' cotton bag",2007,"Other",,"An unbleached £5 cotton bag designed by Anya Hindmarch for Sainsbury's, bearing the slogan 'I am not a plastic bag', which sold out within an hour.","In 2007, bag designer Anya Hindmarch (b.1968) designed an unbleached £5 cotton bag with 'I am not a plastic bag' written on it for Sainsbury's supermarket."
"Conversion of Duchy Home Farm to organic agriculture",None,"Process",,"Process begun by Prince Charles in the early 1980s to convert the Duchy Home Farm on the Highgrove estate to an organic agricultural system.","In the early 1980s, when Prince Charles moved to the Highgrove estate in Gloucestershire, he began the process of converting the Duchy Home Farm, which is part of the estate, to an organic agricultural system."
"Launch of Duchy Originals organic brand",1990,"Other",,"Prince Charles launched his own organic brand, Duchy Originals, to produce natural, organic products and support countryside and wildlife protection.","In 1990, he launched his own organic brand, Duchy Originals, which embodies the Prince of Wales's commitment to producing natural, organic products while helping to protect and sustain the countryside and wildlife."
"Setting of household carbon emissions reduction target",2007,"Policy",,"Prince Charles's household set a target to reduce its carbon emissions by 25 % by 2012, using 2007 as the baseline year.","In 2007, his household set a target to reduce its carbon emissions by 25 per cent by 2012 against a baseline year of 2007."
"Prince Charles speech to the European Parliament",2008,"Other",,"First speech by Prince Charles to the European Parliament, calling for EU leadership in the war against climate change.","Following this, in his first speech to the European Parliament on 14 February 2008, the Prince called for EU leadership in the war against climate change."
"Prince Charles BBC lecture on climate change",2009,"Other",,"BBC lecture where Prince Charles argued that people must change their behaviour to stop the effects of climate change.","He also used a 2009 BBC lecture to argue that it is essential that people change their behaviour to stop the effects of climate change."
"Royal Train ecotour and sustainability festival",2010,"Other",,"Prince Charles undertook a bio‑fuel‑powered Royal Train ecotour across the UK to promote sustainable living, culminating in a sustainability festival attended by about 70,000 people.","The Prince's activities continued in 2010, when he undertook an ecotour of the UK in a bio-fuel-powered Royal Train to promote an initiative to encourage and celebrate sustainable living. At the end of the tour, he held a sustainability festival attended by an estimated 70,000 people and demonstrate..."
"First Earth Day",1970,"Event",,"In the USA, public concern for the environment first peaked around the first Earth Day in 1970 and then declined over the following decade.","In the USA, public concern for the environment first peaked around the first Earth Day in 1970 and then declined over the following decade."
"Time magazine declares “Endangered Earth” Planet of the Year",1989,"Publication",,"In 1989, the US Time magazine declared “Endangered Earth” as the “Planet of the Year” instead of its usual man or woman of the year.","In 1989, the US Time magazine declared 'Endangered Earth' as the 'Planet of the Year' instead of its usual man or woman of the year."
"Environment ranked fourth on national priorities list",1990,"Other",,"The environment ranked fourth on a 1990 list of national priorities.","The environment ranked fourth on a 1990 list of national priorities."
"Climategate controversy",2009,"Other",,"The November 2009 “climategate” controversy over climate science contributed to a decline in public concern about climate change.","The November 2009 'climategate' controversy over climate science (see Chapter 4) contributed to a decline in public concern about climate change."
"2010 public attitudes survey in England",2010,"Research",,"A 2010 survey of public attitudes in England revealed that the majority of the public still believed that the climate is changing and were prepared to take action.","A 2010 survey of public attitudes in England revealed that the majority of the public still believed that the climate is changing and were prepared to take action."
"Increase in environmental concern during the 1980s",None,"Process",,"The 1980s saw an increase in environmental concern with the discovery of climate change, the ozone hole and an increase in environmental disasters such as the Union Carbide gas tragedy in India, the C...","The 1980s saw an increase in environmental concern with the discovery of climate change, the ozone hole and an increase in environmental disasters such as the Union Carbide gas tragedy in India, the Chernobyl nuclear disaster and the Exxon Valdez oil spill."
"Rapid growth of US public concern for the environment (1987‑1990)",None,"Process",,"US public concern for the environment grew much more quickly than any other issue in the period 1987‑90.","US public concern for the environment grew much more quickly than any other issue in the period 1987-90."
"2009 EU study on European public attitudes to climate change",2009,"Research",,"A European Union‑commissioned survey that found two‑thirds of Europeans considered climate change a very serious problem, while highlighting gaps in knowledge in several member states.","A 2009 EU study found that two‑thirds of Europeans felt the climate is a very serious problem. In Turkey, Romania, Bulgaria and Lithuania, citizens felt they were not well informed about the causes and effects of climate change."
"2010 Yale University study of US public attitudes to climate change",2010,"Research",,"A Yale University survey that reported 63 % of Americans believed global warming is happening, identified knowledge gaps and misconceptions, and measured trust in scientists and desire for more educat...","A 2010 Yale University study of US public attitudes to climate change found that 63 per cent of Americans believed that global warming is happening. The study also found gaps in knowledge and common misconceptions about climate change."
"Publication of ""Sizzle: The New Climate Message"" report",None,"Publication",,"A report by the sustainability communications consultancy Futerra that argues campaigns should focus on a positive, appealing vision of a greener life to re‑engage the public and media.","A report by the sustainability communications consultancy Futerra, Sizzle: The New Climate Message, argues that in order to reinvigorate public and media interest, campaigns need to focus on a vision of a greener life that is positive and appealing to all."
"2009 UK survey on green lifestyle attitudes",2009,"Research",,"A national survey that revealed public confusion about what constitutes a green lifestyle, showing mixed attitudes toward personal environmental impact and guilt about harmful behaviours.","This confusion about what a green lifestyle actually entails is evident in the responses to a 2009 UK survey on the issue."
"Development of environmentalism within popular culture",None,"Process",,"A multi‑decadal process, beginning in the 1960s, through which environmentalism entered mainstream Western culture, acquiring a counter‑cultural element and influencing media, consumerism, and celebri...","This chapter has examined how environmentalism developed as part of popular culture over the past sixty years. In the 1960s, environmental issues burst into the public consciousness with unprecedented speed and urgency."
