Name,Type,Role,Country,Description,Supporting_Text
"Gary Haq","Individual","Documents and analyses the historical development of environmentalism, helping to inform contemporary movements.","None","Co‑author of the environmental history timeline.","Gary Haq and Alistair Paul"
"Alistair Paul","Individual","Documents and analyses the historical development of environmentalism, helping to inform contemporary movements.","None","Co‑author of the environmental history timeline.","Gary Haq and Alistair Paul"
"United Nations","Organization","Provides a global governance platform that later hosts major environmental conferences and treaties.","International","International intergovernmental organization founded in 1945.","The United Nations is established"
"Fairfield Osborn","Individual","Raised early public awareness of ecological degradation through influential writing.","None","Author of *Our Plundered Planet* (1948).","Fairfield Osborn publishes Our Plundered Planet"
"William Vogt","Individual","Contributed to early environmental thought by linking population growth to resource limits.","None","Author of *Road to Survival* (1948).","William Vogt publishes Road to Survival"
"Defenders of Wildlife","NGO","Advocates for the protection of wildlife and habitats, influencing policy and public opinion.","United States","U.S. wildlife‑conservation organization founded in 1947.","The US Defenders of Wildlife is established"
"Marshall Plan","Government","Provided financial resources that shaped post‑war development patterns, indirectly affecting land‑use and environmental policy.","United States","U.S. post‑war economic recovery program adopted in 1947.","The US Marshall Plan for post-war economic recovery is adopted"
"Aldo Leopold","Individual","Introduced the land‑ethic concept, influencing conservation philosophy and policy.","None","Ecologist and author of *Sand County Almanac* (1949).","Aldo Leopold publishes 4 Sand County Almanac"
"The Nature Conservancy","NGO","Acquires and manages lands for biodiversity protection, shaping conservation practice and policy.","United States","U.S. conservation organization founded in 1951.","The US Nature Conservancy is established"
"Harry S. Truman","Individual","Established the Paley Commission to assess future natural‑resource supplies, linking federal planning to environmental stewardship.","United States","President of the United States (1945‑1953).","US President Truman establishes the Paley Commission to examine future supply of natural resources"
"Paley Commission","Other","Provided scientific assessment that informed early federal resource‑management policy.","United States","U.S. government commission created in 1951 to study natural‑resource availability.","US President Truman establishes the Paley Commission to examine future supply of natural resources"
"Keep America Beautiful","NGO","Promoted litter reduction and public‑spirit campaigns (e.g., “Crying Indian”) to change consumer behaviour.","United States","U.S. environmental campaign founded in 1953.","The Keep America Beautiful campaign is established"
"Beaver Committee","Other","Provided authoritative evidence that led to stricter air‑quality legislation in the UK.","United Kingdom","British government committee that reported on air‑pollution levels in 1954.","The UK Beaver Committee concludes levels of air pollution can no longer be tolerated"
"J. K. Galbraith","Individual","Critiqued consumer‑driven growth, influencing early environmental economics discourse.","None","U.S. economist and author of *The Affluent Society* (1958).","US economist J. K. Galbraith publishes The Affluent Society"
"World Wildlife Fund (WWF)","NGO","Mobilises global campaigns to protect wildlife and habitats, shaping international conservation policy.","International","International conservation organization founded in 1961.","World Wildlife Fund (WWF) is established"
"Rachel Carson","Individual","Sparked the modern environmental movement by exposing pesticide harms, leading to policy reforms.","None","Marine biologist and author of *Silent Spring* (1962).","Rachel Carson publishes Silent Spring"
"Natural Resources Defense Council","NGO","Uses litigation and policy analysis to protect natural resources and public health.","United States","U.S. environmental advocacy organization founded in 1970.","Natural Resources Defense Council is established"
"Don't Make a Wave Committee","NGO","Organised direct‑action protests that later evolved into the Greenpeace movement.","Canada","Canadian activist group formed in 1970 to protest nuclear testing.","Don't Make a Wave Committee is established to protest against nuclear testing in Canada"
"Royal Commission on Environmental Pollution","Other","Investigated pollution issues and advised the UK government on environmental regulation.","United Kingdom","British government commission created in 1970.","The UK Royal Commission on Environmental Pollution is established"
"Friends of the Earth","NGO","Coordinates grassroots campaigns and policy advocacy for ecological justice worldwide.","International","International environmental network founded in 1969.","Friends of the Earth is established"
"Environmental Defense Fund","NGO","Pursues scientific‑based litigation and policy work to curb pollution and protect ecosystems.","United States","U.S. environmental organization founded in 1967.","US Environmental Defense Fund is established"
"International Union for Conservation of Nature (IUCN)","NGO","Provides authoritative assessments of species' conservation status, guiding international policy.","International","Global union of governments and NGOs that published its first Red Data Book in 1966.","The International Union for Conservation of Nature publishes its first Red Data Book on endangered species"
"James Lovelock","Individual","Introduced a planetary‑scale view of Earth systems, influencing ecological thinking and policy.","None","Scientist who formulated the Gaia hypothesis (1972).","James Lovelock develops his Gaia hypothesis"
"Barbara Ward","Individual","Advocated for sustainable development, linking economic policy to environmental limits.","None","Economist and author of *Only One Earth* (1972).","Barbara Ward publishes Only One Earth"
"E. F. Schumacher","Individual","Promoted appropriate scale and human‑centred economics, influencing eco‑economic discourse.","None","Economist and author of *Small is Beautiful* (1973).","E. F. Schumacher publishes Small is Beautiful"
"Murray Bookchin","Individual","Advanced ecological social theory that underpins many contemporary environmental movements.","None","Social theorist and author of *Post‑Scarcity Anarchism* (1973).","Murray Bookchin publishes Post-Scarcity Anarchism"
"US Ecology Center","NGO","Pioneered community‑based waste‑reduction programs that informed later recycling policies.","United States","California‑based environmental organization that launched a recycling demonstration in 1973.","The US Ecology Center launches a recycling demonstration project in California"
"Club of Rome","NGO","Provided a systems‑analysis model of global resource limits, shaping sustainability debates.","International","International think‑tank that published *The Limits to Growth* in 1972.","Club of Rome publishes The Limits to Growth"
"United States","Government","Adopted landmark environmental legislation (e.g., Clean Air Act, Clean Water Act, NEPA) that created regulatory frameworks for nature’s wellbeing.","United States","Federal government of the United States.","USA adopts the Clean Air Act"
"United Kingdom","Government","Implemented early air‑quality and pollution legislation, establishing a national regulatory approach to environmental health.","United Kingdom","Sovereign state of Great Britain.","UK adopts its first Clean Air Act"
"Al Gore","Individual","Held the Live Earth concert in 2007 to raise public awareness and mobilize action against climate change.","United States","Former U.S. Vice President and climate advocate who organized a global music event to raise climate awareness.","2007 Al Gore holds a Live Earth concert to raise awareness to combat climate change"
"IPCC","Organization","Published the fourth (2007) and fifth (2014) assessment reports on climate change, providing scientific foundations for policy and activism.","International","The Intergovernmental Panel on Climate Change, a UN scientific body that assesses climate science.","IPCC publishes its fourth assessment report on climate change"
"UNEP","Organization","Launched a Global Green New Deal (2008) and published the ""Towards a Green Economy"" report (2011) to guide policy and mobilize green transformation.","International","United Nations Environment Programme, the leading global environmental authority within the UN system.","UNEP launches a Global Green New Deal"
"United Kingdom","Government","Adopted the world’s first legally binding Climate Change Act in 2008, and later abolished two environmental commissions in 2011.","United Kingdom","The national government of the United Kingdom.","2008 UK adopts the world's first Climate Change Act with a legally binding commitment to reduce carbon emissions"
"Tim Jackson","Individual","Published the book *Prosperity Without Growth* in 2009, influencing debates on decoupling wellbeing from GDP growth.","None","Economist and author known for his work on sustainable prosperity.","Tim Jackson publishes Prosperity Without Growth"
"University of East Anglia","Organization","Addressed the implications of the ""climategate"" email scandal in 2009, contributing to public discourse on climate science credibility.","United Kingdom","A public research university in England, home to the Climatic Research Unit.","University of East Anglia deals with the implications of 'climategate' email scandal"
"Barack Obama","Individual","Introduced the Climate Change Bill in 2010, signaling federal commitment to climate legislation.","United States","44th President of the United States (2009‑2017).","2010 US President Obama introduces the Climate Change Bill"
"BP","Organization","Was the operator of the Deepwater Horizon rig whose 2010 oil spill highlighted environmental risks of fossil fuel extraction.","United Kingdom","British multinational oil and gas company.","BP Deepwater Horizon oil spill in the Gulf of Mexico"
"Caroline Lucas","Individual","Elected in 2010 as Britain’s first Green Party Member of Parliament, giving parliamentary voice to ecological politics.","United Kingdom","British politician, member of the Green Party, and the first Green MP in the UK Parliament.","Caroline Lucas is elected as Britain's first Green Party Member of Parliament"
"Green Party (UK)","Organization","Provided the platform through which Caroline Lucas entered Parliament, advancing green policy agendas.","United Kingdom","A political party in the United Kingdom that prioritises environmental sustainability and social justice.","Caroline Lucas is elected as Britain's first Green Party Member of Parliament"
"Royal Commission on Environmental Pollution","Organization","Abolished by the UK coalition government in 2011, reflecting a shift in institutional structures for environmental governance.","United Kingdom","A UK government advisory body that examined environmental pollution issues.","UK coalition government abolishes the Royal Commission on Environmental Pollution"
"Commission on Sustainable Development","Organization","Abolished by the UK coalition government in 2011 as part of broader reforms to environmental oversight.","United Kingdom","A UK government commission focused on integrating sustainability into policy.","UK coalition government abolishes the ... Commission on Sustainable Development"
"The New York Times","Organization","Published an editorial in the late 1960s that captured the emerging environmental sentiment, helping shape public discourse.","United States","Major American newspaper known for its editorial influence.","A New York Times editorial summed up the sentiment of the time"
"Friends of the Earth (FoE)","Organization","One of the three campaign groups founded during the early wave of modern environmentalism (1969‑1972).","United States","International network of environmental NGOs founded in 1969.","the campaign groups Friends of the Earth (FoE), Greenpeace and the Natural Resources Defense Council (NRDC) were founded"
"Greenpeace","Organization","Founded during the early environmental movement (1969‑1972) and has since mobilised public action on ecological issues.","International","Global environmental NGO established in 1972, known for direct-action campaigns.","the campaign groups Friends of the Earth (FoE), Greenpeace and the Natural Resources Defense Council (NRDC) were founded"
"Natural Resources Defense Council (NRDC)","Organization","Founded in the early wave of modern environmentalism (1969‑1972) and continues to influence policy and public awareness.","United States","U.S.-based environmental advocacy organization founded in 1970.","the campaign groups Friends of the Earth (FoE), Greenpeace and the Natural Resources Defense Council (NRDC) were founded"
"Max Weber","Individual","Provided early intellectual framing that questioned the modern invention of nature enjoyment, influencing later environmental thought.","Germany","German sociologist (1864‑1920) who wrote about humanity's relationship with nature.","In 1885, German sociologist Max Weber (1864-1920) wrote: 'It would never occur to me to regard the enjoyment of nature as the invention of the modern age.'"
"Hippocrates","Individual","Early thinker who connected climate, food, and occupation to disease, laying a historical foundation for environmental health perspectives.","Greece","Ancient Greek physician (c. 460 – c. 377 BC) who linked environment to health.","Hippocrates (ca. 460 - ca. 377 BC) noted the effects of food, occupation and climate in causing disease in his book, De aëre, aquis et locis (Air, Waters and Places)."
"Rachel Carson","Individual","Catalyzed the modern environmental movement by linking pesticide misuse and atomic bomb dangers, raising public awareness of humanity’s capacity to damage nature.","United States","American marine biologist and author of *Silent Spring* (1962).","Rachel Carson's book Silent Spring (1962) was among the first to link the dangers of the atomic bomb to the misuse of pesticides, emphasising humanity's capacity to destroy nature and itself."
"Garrett Hardin","Individual","Formulated a seminal concept that highlighted collective overuse of shared resources, shaping policy debates on environmental governance.","United States","American ecologist and author of *The Tragedy of the Commons* (1968).","'The Tragedy of the Commons' (Garrett Hardin, 1968) raised wider anxieties about the future of the planet."
"E. F. Schumacher","Individual","Advocated for sustainable, human‑scale economic alternatives, influencing green economic thinking within environmental movements.","Germany","German-born economist and author of *Small is Beautiful* (1973).","Small is Beautiful (E. F. Schumacher, 1973) sketched out green alternatives."
"Union Oil Company","Organization","Source of a major oil spill that drew media attention and public outrage, thereby spurring environmental activism and policy responses.","United States","American oil company operating offshore platforms in California.","an explosion on the Union Oil Company oil platform, six miles off the coast of Santa Barbara in California, resulted in the release of hundreds of thousands of gallons of crude oil."
"The Ecologist","Organization","Published influential articles such as 'A Blueprint for Survival' (1972) that helped shape public discourse and mobilize environmental campaigns.","United Kingdom","British environmental magazine and publishing organization.","'A Blueprint for Survival' (The Ecologist, 1972) sketched out green alternatives."
"National Trust","Organization","Acquired and protected land (e.g., in the Lake District) as an early environmental campaign group, setting a model for later conservation efforts.","United Kingdom","A historic UK conservation charity founded in 1895 that purchased early properties and land to protect natural landscapes.","In the UK, the National Trust (est. 1895) purchased many of its early properties and land in the Lake District shortly after Thirlmere reservoir was built to supply water to Manchester."
"Sierra Club","Organization","Waged a long campaign against the construction of a dam in Hetch Hetchy Valley, using letter‑writing and pamphlets to influence policymakers.","USA","One of the United States' oldest environmental organizations, founded in 1892.","In the USA, the Sierra Club (est. 1892) waged a long campaign against the city of San Francisco to stop a dam being built in the Hetch Hetchy Valley in Yosemite National Park."
"John Muir","Individual","Provided inspirational photographs and writings that were used in Sierra Club pamphlets to promote the beauty of Yosemite and rally public support.","USA","Naturalist, writer, and founder of the Sierra Club (1838‑1914).","The pamphlets promoted the romance and beauty of Yosemite, and contained photos and writing by John Muir (1838-1914), founder of the Sierra Club."
"Society for the Promotion of Nature Reserves","Organization","Compiled lists of areas deserving protection and raised funds to purchase land for conservation.","United Kingdom","A UK‑based conservation group founded in 1912 that later became the Wildlife Trust.","In the UK, the Society for the Promotion of Nature Reserves (est. 1912), later to become the Wildlife Trust, compiled a list of areas that deserved protection and raised money to purchase land."
"Wildlife Trust","Organization","Continues the work of identifying and protecting valuable natural sites through land acquisition and stewardship.","United Kingdom","The successor organization to the Society for the Promotion of Nature Reserves, operating in the United Kingdom.","In the UK, the Society for the Promotion of Nature Reserves (est. 1912), later to become the Wildlife Trust, compiled a list of areas that deserved protection and raised money to purchase land."
"Royal Society for the Protection of Birds (RSPB)","Organization","Managed a growing network of nature reserves (15 by 1941) and contributed to broader habitat conservation.","United Kingdom","A UK conservation charity founded in 1889, originally focused on bird protection and later managing nature reserves.","The Royal Society for the Protection of Birds (RSPB) (est. 1889) did not purchase its first nature reserves until 1930, but by 1941 it was managing fifteen reserves."
"Council for the Preservation of Rural England (CPRE)","Organization","Focused on the planning system and secured early legislative restrictions on town and country development.","United Kingdom","A UK‑based advocacy group founded in 1926, now known as the Campaign to Protect Rural England.","In the 1930s and 1940s, the Council for the Preservation of Rural England (CPRE) (est. 1926; now the Campaign to Protect Rural England) focused on the planning system and secured early restrictions to town and country development through Acts of Parliament."
"Campaign to Protect Rural England","Organization","Continues the CPRE’s work of influencing planning policy and protecting rural landscapes.","United Kingdom","The modern name of the Council for the Preservation of Rural England, a UK advocacy group.","In the 1930s and 1940s, the Council for the Preservation of Rural England (CPRE) (est. 1926; now the Campaign to Protect Rural England) focused on the planning system and secured early restrictions to town and country development through Acts of Parliament."
"National Audubon Society","Organization","Early wildlife protection campaigns against hunting for bird plumage; helped launch the modern environmental movement in the United States.","USA","U.S. conservation organization founded in 1905, named after naturalist John James Audubon.","The National Audubon Society (est. 1905) took its name from John James Audubon, the author of Birds of America (1840)."
"John James Audubon","Individual","His legacy inspired the naming of the National Audubon Society, linking cultural heritage to wildlife conservation.","USA","19th‑century naturalist and painter, author of *Birds of America*.","The National Audubon Society (est. 1905) took its name from John James Audubon, the author of Birds of America (1840)."
"Royal Society for the Protection of Birds (RSPB)","Organization","Led early anti‑plume campaigns in the UK, providing a model for similar U.S. bird‑protection efforts.","United Kingdom","British bird‑conservation charity founded in the late 19th century.","The Society's first campaigns were against hunting for bird plumage, mirroring campaigns in the UK against plumes for women's hats, led by the RSPB."
"Izaak Walton League","Organization","One of the early 20th‑century environmental organisations that later contributed to the growth of the environmental movement.","USA","American conservation organization established in 1922, focused on protecting natural resources.","Other environmental organisations active today, but established in the first half of the twentieth century, include the Izaak Walton League (est. 1922)..."
"The Wilderness Society","Organization","Early advocate for wilderness preservation, part of the network of organisations that expanded public engagement with nature.","USA","U.S. nonprofit founded in 1935 dedicated to protecting wilderness areas.","...the Wilderness Society (est. 1935)..."
"National Wildlife Federation","Organization","Co‑filed lawsuits that forced the Atomic Energy Commission to reassess environmental impacts; active in policy advocacy.","USA","American conservation group founded in 1936, promoting wildlife protection and environmental education.","Another, from the National Wildlife Federation and the Sierra Club, forced the Atomic Energy Commission to re-examine the environmental impact of an atomic energy plant in Calvert Cliffs, Maryland."
"Defenders of Wildlife","Organization","Part of the early cohort of mid‑20th‑century environmental organisations that later joined broader campaigns.","USA","U.S. nonprofit founded in 1947, focused on protecting native animals and their habitats.","...Defenders of Wildlife (est. 1947)."
"Sierra Club","Organization","Early membership growth; co‑filed lawsuits challenging large‑scale projects and influencing environmental regulation.","USA","American environmental organization founded in 1892, known for grassroots activism and conservation advocacy.","By 1950 the Sierra Club's membership had grown to just 7000... Another, from the National Wildlife Federation and the Sierra Club, forced the Atomic Energy Commission to re-examine the environmental impact of an atomic energy plant in Calvert Cliffs, Maryland."
"John F. Kennedy","Individual","His election is cited as a historical marker within the broader sociopolitical context that fostered the rise of the modern environmental movement.","USA","35th President of the United States (1961‑1963).","selection of John F. Kennedy as the thirty-fifth US President"
"Martin Luther King","Individual","His assassination is referenced as part of the turbulent 1960s backdrop that spurred widespread activism, including environmental activism.","USA","American civil‑rights leader assassinated in 1968.","the assassination of Martin Luther King"
"Students for a Democratic Society (SDS)","Organization","Recruited members across university campuses, mobilising youth activism that intersected with emerging environmental concerns.","USA","U.S. student activist organization founded in 1960, central to the New Left movement.","the American Students for a Democratic Society recruited members across university campuses."
"World Wildlife Fund (WWF)","Organization","One of the major global environmental organisations established during the 1960s, shaping international conservation agendas.","Switzerland","International conservation organization founded in Switzerland in 1961, now known as the World Wide Fund for Nature.","These included the World Wildlife Fund in Switzerland (WWF) (est. 1961; now the World Wide Fund for Nature)"
"Environmental Defense Fund (EDF)","Organization","Co‑filed a lawsuit that stalled construction of a $2.5 billion Alaskan oil pipeline; active in policy and legal strategies.","USA","U.S. nonprofit environmental advocacy group founded in 1967.","A 1971 Associated Press article published as 'Revolt of the Bird Watchers' documents a lawsuit by FoE and the EDF stalling construction of a US$2.5 billion Alaskan oil pipeline."
"Friends of the Earth (FoE)","Organization","Co‑filed the 1971 lawsuit against the Alaskan oil pipeline; part of the wave of new environmental organisations in the 1960s‑70s.","USA","International network of environmental NGOs founded in 1969.","A 1971 Associated Press article published as 'Revolt of the Bird Watchers' documents a lawsuit by FoE and the EDF stalling construction of a US$2.5 billion Alaskan oil pipeline."
"Natural Resources Defense Council (NRDC)","Organization","One of the major environmental organisations created during the 1961‑71 period, contributing to legal and policy campaigns.","USA","U.S. environmental advocacy group founded in 1970.","...NRDC (est. 1970)..."
"Greenpeace","Organization","Founded during the early 1970s surge of environmental NGOs; later became a leading global activist network.","International","International environmental organization founded in 1971, known for direct‑action campaigns.","...and Greenpeace (est. 1971)."
"Atomic Energy Commission","Government","Was compelled by lawsuits from the National Wildlife Federation and the Sierra Club to re‑examine the environmental impact of an atomic energy plant.","USA","U.S. federal agency (now part of the Department of Energy) responsible for nuclear energy regulation.","Another, from the National Wildlife Federation and the Sierra Club, forced the Atomic Energy Commission to re-examine the environmental impact of an atomic energy plant in Calvert Cliffs, Maryland."
"Environmental Defense Fund (EDF)","Organization","Led the 1971 court action that forced the federal government to consider a national DDT ban.","United States","U.S. environmental nonprofit that led legal campaigns to ban the pesticide DDT.","In 1971 the EDF, with support from the Izaak Walton League and National Audubon Society, won a court order forcing the federal government to consider a national DDT ban..."
"Izaak Walton League","Organization","Provided support to EDF in the 1971 court case that led to a national DDT ban.","United States","U.S. conservation organization that supported EDF’s DDT‑ban litigation.","In 1971 the EDF, with support from the Izaak Walton League and National Audubon Society, won a court order..."
"National Audubon Society","Organization","Supported EDF’s legal effort to compel a national DDT ban in 1971.","United States","U.S. nonprofit focused on bird conservation and broader environmental issues.","In 1971 the EDF, with support from the Izaak Walton League and National Audubon Society, won a court order..."
"Rachel Carson","Individual","Brought the dangers of aerial DDT spraying to public attention through her 1962 book *Silent Spring*.","United States","American marine biologist and author of *Silent Spring*.","In 1962, Rachel Carson brought DDT aerial spraying to widespread public attention through her bestselling book Silent Spring..."
"United States government","Government","Initially failed to act on DDT concerns, later compelled by court order to consider a national ban.","United States","Federal authorities of the United States.","The US government's failure to respond to these concerns provided the opportunity for citizens' law suits against the use of DDT."
"United States Congress","Government","Adopted the national DDT ban a year after the 1971 court order.","United States","Legislative branch of the United States federal government.","...won a court order forcing the federal government to consider a national DDT ban, which Congress adopted a year later."
"Friends of the Earth (FoE)","Organization","Took its first steps toward becoming an international network in 1971, linking representatives from Europe and the USA.","International","International environmental network originating in the United States.","In 1971, FoE took its first steps towards becoming an international network with a meeting of representatives from France, Sweden, UK and the USA."
"Friends of the Earth UK (FoE UK)","Organization","Focused on influencing national policy, launched the first campaign against non‑returnable bottles, and coordinated local group actions across the UK.","United Kingdom","British branch of the Friends of the Earth network.","From the beginning, FoE UK focused on influencing national policy through a combination of professional advocacy and local group action."
"Tom Burke","Individual","Described himself as an ‘environmental politician’ and led FoE UK during a formative period.","United Kingdom","Director of Friends of the Earth UK from 1975 to 1979.","Tom Burke, Director of FoE UK (1975-79), described himself as an 'environmental politician'."
"Les Amis de la Terre","Organization","Fielded Brice Lalonde as a candidate for the Mouvement d'Ecologie Politique in the 1981 French presidential election.","France","Friends of the Earth France, the French branch of the international network.","FoE UK's sister group in France, Les Amis del la Terre, fielded Brice Lalonde (b. 1946) as a candidate for the Mouvement d'Ecologie Politique in the 1981 Presidential elections..."
"Brice Lalonde","Individual","Ran as a candidate for the Mouvement d'Ecologie Politique in the 1981 French presidential election.","France","French environmental activist and politician born in 1946.","Les Amis del la Terre, fielded Brice Lalonde (b. 1946) as a candidate for the Mouvement d'Ecologie Politique in the 1981 Presidential elections..."
"Mouvement d'Ecologie Politique","Organization","Presented Brice Lalonde as its presidential candidate in 1981.","France","French green political party active in the early 1980s.","...fielded Brice Lalonde (b. 1946) as a candidate for the Mouvement d'Ecologie Politique in the 1981 Presidential elections..."
"Miljöpartiet de gröna","Organization","Secured national electoral success in the 1980s, bringing environmental issues to the top of the political agenda.","Sweden","Swedish Green Party, one of the first successful green parties in Europe.","Sweden's Miljöpartiet de grõna was among the first green parties to secure national electoral success in Europe."
"Finnish Green League (Vihreä liitto)","Organization","Gained parliamentary recognition in 1991 and entered a national government in 1995, the first green party in Western Europe to do so.","Finland","Finland’s green political party.","Elsewhere in Europe, the Finnish Green League (Vihreä liitto) secured parliamentary recognition in 1991, and became the first green party in Western Europe to enter a national government in 1995."
"Mikhail Gorbachev","Individual","During his leadership, environmental activism became a relatively safe avenue for criticizing the Soviet regime.","Soviet Union","Leader of the Soviet Union from 1985 to 1991.","During the Soviet leadership of Mikhail Gorbachev (b. 1931) (1988-91), environmental activism in communist countries was seen as a safe way of criticising the Soviet regime..."
"Bündnis 90/Die Grünen","Organization","Political party that channels environmental and social‑justice demands into parliamentary action and government coalitions across Europe.","Germany","The most successful European environment‑focused political party, formed in 1993 from a merger of the West German Green Party and an East German alliance of parties.","The most successful European environment-focused political party is Bündnis 90/Die Grünen, which grew out of a partnership of the West German Green Party (est. 1979) and an East German alliance of parties in 1993."
"West German Green Party","Organization","Early green political organization that provided the parliamentary arm of the anti‑nuclear and environmental movement in 1980s West Germany.","Germany","The original West German green political party founded in 1979, rooted in the student protests of the late 1960s.","The most successful European environment-focused political party is Bündnis 90/Die Grünen, which grew out of a partnership of the West German Green Party (est. 1979) and an East German alliance of parties in 1993."
"Petra Kelly","Individual","Founder and early campaigner who helped shape the party’s environmental agenda and international outreach.","Germany","One of the founders of the West German Green Party (1947‑1992).","Petra Kelly (1947-92), one of its founders, was involved in political campaigning in the USA."
"Daniel Cohn‑Bendit","Individual","Prominent activist who links the 1968 student movement to contemporary green politics in Europe.","France/Germany","Born 1945, a leading green campaigner in France and Germany and former student leader of the 1968 protests.","Daniel Cohn‑Bendit (b. 1945), now a leading green campaigner in France and Germany, was a student leader involved in the 1968 attempt to overthrow the French government."
"Joschka Fischer","Individual","Key figure who moved from activist networks into high‑level government, influencing green policy from within.","Germany","Born 1948, future Foreign Minister and Vice Chancellor of Germany; early participant in radical groups of the 1960s‑70s.","Joschka Fischer (b. 1948), a future Foreign Minister and Vice Chancellor of Germany, were associated with a number of radical and revolutionary groups in the 1960s and 1970s."
"Friends of the Earth (FoE)","NGO","Organised high‑profile anti‑nuclear campaigns and co‑organised mass protests against nuclear power in the UK.","International","International environmental NGO that led campaigns against nuclear fuel reprocessing and other ecological threats.","FoE led a campaign against the reprocessing of spent nuclear fuels, claiming it would turn the UK into a nuclear dustbin for the world."
"Campaign for Nuclear Disarmament (CND)","NGO","Co‑organised a large protest marking the first anniversary of the Chernobyl disaster, mobilising public opposition to nuclear energy.","United Kingdom","UK‑based anti‑nuclear organization.","FoE and the Campaign for Nuclear Disarmament (CND) organised a protest in the UK attended by 100,000 people."
"Sara Parkin","Individual","Mobilised public discontent over nuclear power and the poll tax, helping the UK Green Party gain significant electoral support in 1989.","United Kingdom","Born 1946, co‑secretary and spokesperson for the UK Green Party.","Sara Parkin (b. 1946), co-secretary and spokesperson for the UK Green Party, was able to mobilise this discontent."
"Caroline Lucas","Individual","Breakthrough parliamentary representative for the UK Green Party, giving the movement a direct voice in national legislation.","United Kingdom","Born 1960, the first Green Party Member of Parliament in Britain, elected for Brighton Pavilion in 2010.","it took until 2010 for Caroline Lucas (b. 1960) to be elected as Britain's first Green Party Member of Parliament, for Brighton Pavilion."
"Greenpeace","NGO","Led and co‑led worldwide environmental campaigns aimed at influencing national governments and UN institutions.","International","International environmental organization known for high‑profile global campaigns.","Greenpeace, FoE and WWF were at the forefront of many of these campaigns, aimed at influencing national governments and global institutions such as the UN."
"World Wildlife Fund (WWF)","NGO","Partnered in global environmental campaigns targeting transboundary pollution and habitat destruction.","International","International conservation organization.","Greenpeace, FoE and WWF were at the forefront of many of these campaigns, aimed at influencing national governments and global institutions such as the UN."
"UK Green Party","Organization","Political platform that campaigned against nuclear power, the poll tax, and promoted environmental legislation; achieved notable electoral support in 1989.","United Kingdom","Green political party in the United Kingdom, later known as the Green Party of England and Wales.","Sara Parkin (b. 1946), co-secretary and spokesperson for the UK Green Party, was able to mobilise this discontent."
"Green Party of England and Wales","Organization","Continues the UK green political tradition, participating in elections and influencing environmental policy at national and local levels.","United Kingdom","Successor to the People Party/Ecology Party, formally established under this name in 1990.","the People Party, which changed its name to the Ecology Party in 1975 and later to the Green Party of England and Wales in 1990, held explicit anti‑nuclear stances but had little electoral impact."
"People Party","Organization","Early vehicle for anti‑nuclear and environmental advocacy in the UK before evolving into the modern green party.","United Kingdom","Early UK green political group that later became the Ecology Party and then the Green Party of England and Wales.","the People Party, which changed its name to the Ecology Party in 1975 and later to the Green Party of England and Wales in 1990, held explicit anti‑nuclear stances but had little electoral impact."
"Ecology Party","Organization","Carried forward anti‑nuclear and environmental positions during the 1970s‑80s before rebranding as the Green Party.","United Kingdom","Intermediate name of the UK green political movement between the People Party and the Green Party of England and Wales.","the People Party, which changed its name to the Ecology Party in 1975 and later to the Green Party of England and Wales in 1990, held explicit anti‑nuclear stances but had little electoral impact."
"East German alliance of parties","Organization","Provided the East German component of the unified German green party, contributing to its pan‑German political base.","Germany","A coalition of East German parties that merged with the West German Green Party in 1993 to form Bündnis 90/Die Grünen.","The most successful European environment-focused political party is Bündnis 90/Die Grünen, which grew out of a partnership of the West German Green Party (est. 1979) and an East German alliance of parties in 1993."
"Sir Julian Huxley","Individual","Undertook a wildlife‑conservation trip to East Africa and wrote articles warning about habitat destruction and hunting, helping to raise early public awareness of biodiversity loss.","United Kingdom","British biologist and first Director General of UNESCO","In 1960, British biologist Sir Julian Huxley (1887-1975), first Director General of the UN Educational, Scientific and Cultural Organization (UNESCO), undertook a wildlife conservation trip to East Africa."
"UNESCO","Organization","Employed Sir Julian Huxley as its first Director General; served as an international platform linking scientific expertise to conservation advocacy.","International","United Nations Educational, Scientific and Cultural Organization","In 1960, British biologist Sir Julian Huxley (1887-1975), first Director General of the UN Educational, Scientific and Cultural Organization (UNESCO), undertook a wildlife conservation trip to East Africa."
"Max Nicholson","Individual","Mobilised scientists and PR experts to create an international conservation organisation that became WWF.","United Kingdom","Director General of Britain's Nature Conservancy (1904‑2003)","Responding to this, Max Nicholson (1904-2003), Director General of Britain's Nature Conservancy, gathered together a group of scientists and advertising and public relations experts, all committed to establishing an international organisation that became known as WWF."
"Britain's Nature Conservancy","Organization","Provided institutional backing and leadership (through Max Nicholson) for the founding of WWF.","United Kingdom","UK government agency responsible for nature conservation","Responding to this, Max Nicholson (1904-2003), Director General of Britain's Nature Conservancy, gathered together a group of scientists and advertising and public relations experts, all committed to establishing an international organisation that became known as WWF."
"World Wide Fund for Nature (WWF)","Organization","Developed modern fundraising strategies and launched a high‑profile British appeal that raised US$1.9 million for projects in Africa, Europe and India.","United Kingdom","International conservation charity founded in the early 1960s","In 1961, WWF launched its first British fundraising appeal with a special issue of the Daily Mirror newspaper."
"Daily Mirror","Organization","Published WWF’s first fundraising appeal, using emotive wildlife imagery to reach a broad audience and generate large donations.","United Kingdom","British tabloid newspaper","In 1961, WWF launched its first British fundraising appeal with a special issue of the Daily Mirror newspaper."
"Greenpeace","Organization","Engaged global audiences through direct‑action campaigns against nuclear testing, whaling and other environmental threats, shaping public opinion and policy.","International","International environmental campaign organisation","Greenpeace engaged global audiences in a very different way."
"Don't Make a Wave Committee","Coalition","Chartered the ship that later took the name Greenpeace, initiating the movement’s first high‑visibility anti‑nuclear action.","Canada","Group of peace activists formed in 1970 to protest US nuclear testing at Amchitka Island","The group called themselves the Don't Make a Wave Committee (est. 1970), and decided the best way they could stop the nuclear tests was to charter a ship to sail from Vancouver into the test zone."
"French Intelligence Agency","Organization","Planted a limpet mine on Greenpeace’s Rainbow Warrior to prevent protests against French nuclear testing, illustrating state opposition to the group’s tactics.","France","France’s secret‑service agency (DGSE)","Later it emerged that the mine had been planted by the French Intelligence Agency to prevent Greenpeace from protesting against French nuclear testing in Moruroa Atoll."
"French government","Government","Perceived Greenpeace’s campaigns as damaging to national interests, leading to covert actions such as the sabotage of the Rainbow Warrior.","France","State of France","This action alone, and its tragic consequences, demonstrated the extent to which the French government perceived Greenpeace campaigns as damaging to national interests."
"International Whaling Commission (IWC)","Organization","Implemented a ban on commercial whaling in 1986 after lobbying by Greenpeace and other actors, representing a key policy outcome of the movement.","International","Intergovernmental body regulating whaling","the International Whaling Commission finally took the decision to ban commercial whaling in 1982, with the ban coming into force in 1986."
"US government","Government","Lobbied for the IWC ban on commercial whaling, helping translate activist pressure into international regulation.","United States","Federal government of the United States of America","Following lobbying by the US government among others, the International Whaling Commission finally took the decision to ban commercial whaling in 1982."
"Friends of the Earth International","Organization","Launched international campaigns on developing‑world issues such as tropical forest protection and acted as an ally of human‑rights and development organisations.","International","A global confederation of environmental campaign groups that coordinates member groups worldwide.","In 1986 FoE International had a confederation of thirty-one member groups, many of which existed and campaigned in their own right before becoming affiliated to the global network."
"US environmental justice movement","Coalition","Mobilised communities to protest hazardous‑waste siting, influenced policy such as the Superfund, and helped shape national attention to environmental racism.","United States","A grassroots movement in the United States focused on the intersection of environmental pollution and racial discrimination.","The US environmental justice ... movements emerged in response to planning decisions that appeared to give priority to private or government interests over community interests."
"UK anti‑roads movement","Coalition","Organised direct‑action protests, drew on countercultural tactics, and contributed to the broader 1990s global countercultural movement.","United Kingdom","A British grassroots movement opposing road‑building projects perceived to favour private or governmental interests over local communities.","The UK anti‑roads movements emerged in response to planning decisions that appeared to give priority to private or government interests over community interests."
"Greenpeace","Organization","Provided tactical inspiration for participants in the US environmental justice and UK anti‑roads movements.","International","An international environmental NGO known for high‑profile direct‑action campaigns.","Many participants were influenced by tactics used by Greenpeace, Earth First! and the peace movement..."
"Earth First!","Organization","Served as a tactical model for grassroots activists in the US environmental justice and UK anti‑roads movements.","United States","A radical environmental advocacy group that employs direct‑action tactics.","Many participants were influenced by tactics used by Greenpeace, Earth First! and the peace movement..."
"United Church of Christ's Commission for Racial Justice","Organization","Published the influential report “Toxic Wastes and Race,” which highlighted racial disparities in hazardous‑waste siting and galvanized the environmental justice movement.","United States","A commission of the United Church of Christ that researches and advocates on racial justice issues.","In 1987, the United Church of Christ's Commission for Racial Justice published Toxic Wastes and Race."
"Bill Clinton","Individual","Signed an Executive Order in 1994 that reinforced civil‑rights and environmental laws and required federal agencies to consider environmental justice.","United States","42nd President of the United States (1993‑2001).","In 1994, President Bill Clinton recognised the importance of this issue when he signed an Executive Order reinforcing civil rights and environmental laws and requiring federal regulatory agencies to consider environmental justice in all their work."
"Residents of Afton (Warren County, North Carolina)","Indigenous and local communities","Staged a 1982 protest against a hazardous‑waste landfill, initiating the modern environmental justice movement.","United States","A predominantly Black community in Warren County, North Carolina, USA.","The beginning of the movement is widely associated with a 1982 protest against a newly constructed hazardous waste landfill site by residents of Afton, a predominantly black community in Warren County in North Carolina."
"International Monetary Fund (IMF)","Government","Target of the '50 Years is Enough' campaign protests against its policies.","International","An international financial institution that provides loans and policy advice to its member countries.","This campaign brought together campaigners from trade justice, development and environment communities to protest against the policies of the International Monetary Fund (IMF), World Bank and World Trade Organization (WTO)."
"World Bank","Government","Target of protests; its anniversary celebrations were interrupted by Greenpeace activists.","International","A global development institution that offers financial and technical assistance to developing countries.","During the 1994 World Bank anniversary celebrations in Madrid, Spain, Greenpeace activists interrupted proceedings, showering attendees with fake dollar bills while protesters chanted outside."
"World Trade Organization (WTO)","Government","Target of anti‑globalisation protests; environmental standards debated as trade protectionism.","International","An intergovernmental organization that regulates international trade between nations.","This campaign brought together campaigners from trade justice, development and environment communities to protest against the policies of the International Monetary Fund (IMF), World Bank and World Trade Organization (WTO)."
"Greenpeace","NGO","Carried out a high‑profile protest at the 1994 World Bank anniversary in Madrid.","International","An international environmental non‑governmental organization known for direct‑action campaigning.","During the 1994 World Bank anniversary celebrations in Madrid, Spain, Greenpeace activists interrupted proceedings, showering attendees with fake dollar bills while protesters chanted outside."
"Group of Eight (G8)","Government","Venue for anti‑globalisation protests, including the 1998 Global Street Party and the 2001 Genoa summit.","International","An informal forum of the world's major highly industrialised economies.","In 1998, veterans of the anti-roads movement and Reclaim the Streets participated in the Global Street Party that coincided with the twentyfourth G8 summit in Birmingham in the UK."
"Reclaim the Streets","Coalition","Participated in the 1998 Global Street Party alongside anti‑roads veterans, linking anti‑globalisation and environmental activism.","United Kingdom","A grassroots activist network that stages public demonstrations against car‑centric urban planning and corporate power.","In 1998, veterans of the anti-roads movement and Reclaim the Streets participated in the Global Street Party that coincided with the twentyfourth G8 summit in Birmingham in the UK."
"World Social Forum","Coalition","Provides an ongoing platform for the network of civil‑society organisations that emerged from anti‑globalisation protests.","International","A global gathering of civil society groups that discuss alternatives to neoliberal globalization.","These networks continue to develop through a number of avenues such as the World Social Forum, which has met on a regular basis since 2001."
"Greenpeace International","NGO","Runs global campaigns against high‑profile corporations and mobilises internet activists to pressure companies to improve environmental performance.","None","A highly centralised environmental organisation that relies on individual members and supporters for funding and independence.","Greenpeace International has approximately 3 million members, giving it the financial independence to be able to campaign against high-profile global corporations."
"Apple","Organization","Target of Greenpeace’s “Green My Apple” campaign; responded by committing to phase out hazardous chemicals after activist pressure.","United States","A major multinational technology company.","In 2006, Greenpeace launched the Green My Apple campaign when it found Apple less responsive than other computer companies to removing hazardous substances from products."
"Bayer","Organization","One of the corporations whose policies have been pressured by environmental campaigns.","None","A multinational life‑science and chemical company.","campaigns that have brought about concessions or changes in corporate policy35 by Apple, Bayer,36 Coca Cola,37 Dell,38 McDonalds,39 Monsanto40 and Nestlé,41 among many others."
"Coca Cola","Organization","Subject of environmental campaign pressure for policy change.","None","A global beverage corporation.","campaigns that have brought about concessions or changes in corporate policy35 by Apple, Bayer,36 Coca Cola,37 Dell,38 McDonalds,39 Monsanto40 and Nestlé,41 among many others."
"Dell","Organization","Target of environmental campaigns seeking corporate policy improvements.","None","A multinational computer technology company.","campaigns that have brought about concessions or changes in corporate policy35 by Apple, Bayer,36 Coca Cola,37 Dell,38 McDonalds,39 Monsanto40 and Nestlé,41 among many others."
"McDonalds","Organization","Corporate target of environmental advocacy efforts.","None","A global fast‑food restaurant chain.","campaigns that have brought about concessions or changes in corporate policy35 by Apple, Bayer,36 Coca Cola,37 Dell,38 McDonalds,39 Monsanto40 and Nestlé,41 among many others."
"Monsanto","Organization","Subject of environmental campaigns aimed at changing corporate practices.","None","A multinational agro‑chemical and agricultural biotechnology corporation.","campaigns that have brought about concessions or changes in corporate policy35 by Apple, Bayer,36 Coca Cola,37 Dell,38 McDonalds,39 Monsanto40 and Nestlé,41 among many others."
"Nestlé","Organization","Target of environmental pressure to improve corporate environmental policies.","None","A multinational food and beverage company.","campaigns that have brought about concessions or changes in corporate policy35 by Apple, Bayer,36 Coca Cola,37 Dell,38 McDonalds,39 Monsanto40 and Nestlé,41 among many others."
"Friends of the Earth International","NGO","Claims a large membership base (over 2 million) that supports its environmental campaigning and advocacy.","None","A global network of environmental organisations.","FoE International claims over 2 million members and supporters"
"Natural Resources Defense Council","NGO","Demonstrates its strength through a 1.3 million‑member base and online activists supporting its campaigns.","United States","A US‑based environmental advocacy organisation.","the NRDC illustrates its strength by referring to its 1.3 million members and online activists"
"National Trust","NGO","Offers access to nature reserves and historic landscapes to members; occasionally joins other campaign organisations to show the size of the environmental constituency.","United Kingdom","The largest environmental and heritage conservation group in the United Kingdom.","In the UK, the National Trust is the largest environmental group, followed by the RSPB."
"Royal Society for the Protection of Birds (RSPB)","NGO","Provides membership‑based support for nature conservation and sometimes collaborates with other campaign groups to demonstrate collective strength.","United Kingdom","A major UK bird‑conservation charity.","In the UK, the National Trust is the largest environmental group, followed by the RSPB."
"National Wildlife Federation","NGO","Maintains a large membership base that underpins its advocacy for nature protection and environmental policy.","United States","One of the largest wildlife conservation organisations in the United States.","In the USA, the National Wildlife Federation has one of the largest memberships."
"Conservation International","Organization","Forms partnerships with corporations such as Starbucks and Walmart to integrate conservation into their business practices.","United States","A US‑based environmental group founded in 1987 that seeks partnerships with governments and corporations to embed conservation in business models.","The US‑based group Conservation International (est. 1987) partnered with other organisations from the beginning, reasoning that no organisation can get the job done alone."
"Starbucks","Organization","Partnered with Conservation International to make conservation part of its business model.","United States","A multinational coffeehouse chain that collaborates with environmental NGOs on conservation initiatives.","It has worked with Starbucks and Walmart, among others, to 'make conservation part of their business model'."
"Walmart","Organization","Partnered with Conservation International to embed conservation into its operations.","United States","A global retail corporation that engages in environmental partnerships.","It has worked with Starbucks and Walmart, among others, to 'make conservation part of their business model'."
"Forum for the Future","Organization","Works with companies such as BT, Tesco and Unilever to advance sustainable development.","None","An environmental organization founded in 1996 that promotes sustainable development through corporate partnerships.","Forum for the Future (est. 1996) promotes its work on sustainable development through partnerships with organisations such as BT, Tesco and Unilever."
"BT","Organization","Partnered with Forum for the Future on sustainable‑development initiatives.","United Kingdom","British Telecommunications, a major UK communications company.","Forum for the Future ... partnerships with organisations such as BT, Tesco and Unilever."
"Tesco","Organization","Partnered with Forum for the Future on sustainable‑development initiatives.","United Kingdom","A large UK‑based supermarket chain.","Forum for the Future ... partnerships with organisations such as BT, Tesco and Unilever."
"Unilever","Organization","Partnered with Forum for the Future on sustainable‑development initiatives.","United Kingdom","A multinational consumer goods company.","Forum for the Future ... partnerships with organisations such as BT, Tesco and Unilever."
"WWF International","NGO","Entered a five‑year, £35 million partnership with HSBC, Earthwatch and Botanic Gardens Conservation International to fund conservation projects.","None","The global arm of the World Wide Fund for Nature, a major conservation charity.","In 2002, WWF International, together with Earthwatch and Botanic Gardens Conservation International, joined the HSBC bank in a five‑year, £35 million partnership."
"Earthwatch","NGO","Co‑partnered with WWF International and Botanic Gardens Conservation International in the HSBC partnership.","None","An international environmental research and citizen‑science organization.","In 2002, WWF International, together with Earthwatch and Botanic Gardens Conservation International, joined the HSBC bank in a five‑year, £35 million partnership."
"Botanic Gardens Conservation International","NGO","Co‑partnered with WWF International and Earthwatch in the HSBC partnership.","None","A global network of botanic gardens working on plant conservation.","In 2002, WWF International, together with Earthwatch and Botanic Gardens Conservation International, joined the HSBC bank in a five‑year, £35 million partnership."
"HSBC bank","Organization","Provided a £35 million partnership fund for WWF International and its partners to support conservation projects along major rivers.","United Kingdom","A multinational banking and financial services organization.","In 2002, WWF International, together with Earthwatch and Botanic Gardens Conservation International, joined the HSBC bank in a five‑year, £35 million partnership."
"Friends of the Earth (FoE)","NGO","Criticised HSBC for financing forest destruction and highlighted its role in financing the palm‑oil sector in Indonesia; also led the ‘The Big Ask’ campaign that helped drive UK climate legislation.","United Kingdom","An international network of environmental organizations.","Two years after the WWF deal, FoE accused HSBC of financing forest destruction and social conflict... In particular, the FoE's The Big Ask campaign helped create the public momentum needed for the UK government to adopt the 2008 Climate Change Act."
"Greenpeace","NGO","Published an investigation labeling the Noel Kempff Climate Action Project a ‘carbon scam’ and challenged its claimed benefits.","None","A global environmental organization known for investigative campaigns.","In 2009, Greenpeace published the findings of its investigation of the Noel Kampff Climate Action Project..."
"Nature Conservancy","NGO","Co‑creator of the Noel Kempff Climate Action Project and defended its carbon‑reduction claims against Greenpeace criticism.","United States","An international conservation organization.","the Noel Kampff Climate Action Project, a protected forest area set up in 1997 by the Nature Conservancy, BP, Pacificorp, American Electric Power and the Bolivian Government."
"BP","Organization","Co‑founder of the Noel Kempff Climate Action Project, a forest‑carbon initiative.","United Kingdom","A multinational oil and gas company.","the Noel Kampff Climate Action Project, a protected forest area set up in 1997 by the Nature Conservancy, BP, Pacificorp, American Electric Power and the Bolivian Government."
"Pacificorp","Organization","Co‑founder of the Noel Kempff Climate Action Project.","United States","A US‑based electric utility company.","the Noel Kampff Climate Action Project, a protected forest area set up in 1997 by the Nature Conservancy, BP, Pacificorp, American Electric Power and the Bolivian Government."
"American Electric Power","Organization","Co‑founder of the Noel Kempff Climate Action Project.","United States","A US electric utility corporation.","the Noel Kampff Climate Action Project, a protected forest area set up in 1997 by the Nature Conservancy, BP, Pacificorp, American Electric Power and the Bolivian Government."
"Bolivian Government","Government","Partnered in establishing the Noel Kempff Climate Action Project.","Bolivia","The national government of Bolivia.","the Noel Kampff Climate Action Project, a protected forest area set up in 1997 by the Nature Conservancy, BP, Pacificorp, American Electric Power and the Bolivian Government."
"Wise Use Movement","Coalition","Organises opposition to environmental causes and campaigns.","United States","A US‑based industry‑led counter‑movement opposing environmental regulation.","the counter‑movement has taken many forms, including the Wise Use Movement and the Global Climate Coalition"
"Global Climate Coalition","Coalition","Serves as an organised opposition to environmental initiatives.","None","An international industry coalition that has historically opposed climate‑change regulation.","the counter‑movement has taken many forms, including the Wise Use Movement and the Global Climate Coalition"
"UK government","Government","Implemented climate‑change policies influenced by environmental campaign partnerships; adopted the 2008 Climate Change Act.","United Kingdom","The central government of the United Kingdom.","These have influenced, supported and strengthened UK government action on climate change."
"Committee on Climate Change","Government","Provides advice to the UK government on legally binding greenhouse‑gas reduction targets.","United Kingdom","An independent advisory body established by the UK to provide expert advice on climate targets.","resulted in the independent Committee on Climate Change being established to provide advice to government on these targets and related policies."
"Thom Yorke","Individual","Initiated The Big Ask campaign to demand stronger climate legislation in the UK.","United Kingdom","Lead singer of the music group Radiohead who launched The Big Ask campaign on 25 May 2005.","Thom Yorke (b. 1968), lead singer of the music group Radiohead, launched The Big Ask campaign on 25 May 2005."
"Friends of the Earth (FoE)","Organization","Mobilised public lobbying of MPs for the campaign and participated in a broader climate‑change coalition.","United Kingdom","Environmental NGO that mobilised the public to lobby Members of Parliament and joined a climate‑change coalition of NGOs.","Over the following weeks, FoE mobilised the public to personally lobby 620 out of a total of 646 MPs to back its campaign. FoE also joined a climate change coalition of mainly environmental and international development NGOs."
"Stop Climate Chaos coalition","Coalition","Ran the I Count campaign and organised a rally to urge the government to introduce a climate‑change bill.","United Kingdom","A coalition of environmental and development NGOs that ran the I Count campaign and organised a climate‑change rally in London.","The Stop Climate Chaos coalition ran the I Count campaign and organised a climate change rally in London to urge the government to introduce a climate change bill."
"Campaign for Better Transport","Organization","Worked with other groups to make the Heathrow third‑runway proposal politically unpalatable.","United Kingdom","Transport‑focused campaign group that joined a wide coalition opposing the third runway at London Heathrow airport.","a wide coalition of campaign groups, including Campaign for Better Transport, Climate Camp, FoE, National Trust, Greenpeace, Society for the Protection of Ancient Buildings, and Plane Stupid, worked together to make the proposal for a third runway at London Heathrow airport politically unpalatable."
"Climate Camp","Organization","Collaborated with other organisations to oppose the third runway at Heathrow.","United Kingdom","Environmental activist group that participated in the coalition opposing Heathrow airport expansion.","a wide coalition of campaign groups, including Campaign for Better Transport, Climate Camp, FoE, National Trust, Greenpeace, Society for the Protection of Ancient Buildings, and Plane Stupid, worked together to make the proposal for a third runway at London Heathrow airport politically unpalatable."
"National Trust","Organization","Provided opposition, alongside other groups, to the third runway at Heathrow.","United Kingdom","Heritage conservation charity that joined the opposition to Heathrow airport expansion.","a wide coalition of campaign groups, including Campaign for Better Transport, Climate Camp, FoE, National Trust, Greenpeace, Society for the Protection of Ancient Buildings, and Plane Stupid, worked together to make the proposal for a third runway at London Heathrow airport politically unpalatable."
"Greenpeace","NGO","Conducted direct action and purchased land to block Heathrow airport expansion.","United Kingdom","International environmental organisation that carried out direct action and a high‑profile land purchase at Heathrow.","Direct action, a high-profile Heathrow land purchase by Greenpeace, and opposition from the National Trust and RSPB combined to provide opposition to the airport expansion."
"Society for the Protection of Ancient Buildings","Organization","Collaborated in the coalition to make the Heathrow runway proposal politically unpalatable.","United Kingdom","Heritage‑building charity that joined the coalition opposing Heathrow’s third runway.","a wide coalition of campaign groups, including Campaign for Better Transport, Climate Camp, FoE, National Trust, Greenpeace, Society for the Protection of Ancient Buildings, and Plane Stupid, worked together to make the proposal for a third runway at London Heathrow airport politically unpalatable."
"Plane Stupid","Organization","Worked with other groups to oppose the third runway at Heathrow.","United Kingdom","Environmental activist group that participated in the coalition against Heathrow airport expansion.","a wide coalition of campaign groups, including Campaign for Better Transport, Climate Camp, FoE, National Trust, Greenpeace, Society for the Protection of Ancient Buildings, and Plane Stupid, worked together to make the proposal for a third runway at London Heathrow airport politically unpalatable."
"RSPB","Organization","Joined opposition efforts alongside Greenpeace and the National Trust to block the runway.","United Kingdom","Royal Society for the Protection of Birds, a conservation charity that opposed Heathrow airport expansion.","Direct action, a high-profile Heathrow land purchase by Greenpeace, and opposition from the National Trust and RSPB combined to provide opposition to the airport expansion."
"Conservative and Liberal Democrat coalition government","Government","Cancelled the third runway at Heathrow and ruled out new runways at Stansted and Gatwick.","United Kingdom","The UK coalition government formed after the May 2010 election.","In May 2010, the newly elected Conservative and Liberal Democrat coalition government cancelled plans for the third runway at Heathrow and ruled out new runways at Stansted and Gatwick airports."
"Coalition Against Runway 2 (CAR2)","Coalition","Attempted to prevent the building of Manchester’s second runway.","United Kingdom","A coalition that campaigned to stop the construction of a second runway at Manchester International Airport in 1997.","This compares with the unsuccessful campaign Coalition Against Runway 2 (CAR2) to stop the construction of a second runway at Manchester's International Airport in 1997."
"Obama Administration","Government","Introduced the American Power Act, a Climate Change Bill aiming to cut carbon emissions.","United States","The United States executive administration under President Barack Obama.","In May 2010, the Obama Administration introduced a long-awaited Climate Change Bill, the American Power Act, which sought to reduce carbon emissions by 17 per cent by 2020 compared with 2005 levels."
"US Senate","Government","Postponed advancement of the Climate Change Bill due to political opposition.","United States","The upper chamber of the United States Congress.","In July 2010, the US Senate announced that it was postponing the advancement of the Climate Change Bill due to wide opposition among Republican lawmakers and some Democrats."
"European Union (EU)","Organization","Serves as a benchmark for emission‑reduction targets compared with the US bill.","European Union","Supranational political and economic union of European states.","This initial target is modest compared with the European Union (EU)."
"Transition Towns movement","Coalition","Organises grassroots action and raises awareness of green living as part of the broader climate‑change social movement.","United Kingdom","A community‑led network of towns and cities that respond to climate change and peak oil through local initiatives and green‑living awareness.","In the UK, the Transition Towns movement has provided a community-led response to climate change and peak oil."
"Interfaith Power and Light network","NGO","Provides a religious response to climate change, engaging faith groups in environmental advocacy and action.","United States","A faith‑based network that mobilises religious communities to address climate change.","In the USA, the Interfaith Power and Light network has provided a religious response to climate change."
"MoveOn network","Organization","Prioritises energy and environmental issues in its campaigning, mobilising a large U.S. membership base for climate action.","United States","A progressive advocacy network with millions of members focused on political and environmental campaigns.","The progressive MoveOn network has approximately 3 million members across the USA, and since 2003 has consistently made energy and environmental issues a campaign priority."
"Avaaz","NGO","Runs worldwide climate‑change campaigns using the online mobilisation model pioneered by MoveOn.","None","A web‑based global campaign community that organises online petitions and actions on a wide range of issues.","Avaaz, a web-based campaign community, uses the model pioneered by MoveOn."
"350","Organization","Organised the largest international climate‑change campaign in 2009, coordinating a global day of action and thousands of demonstrations.","None","An international climate‑change campaign group focused on limiting atmospheric CO₂ to 350 ppm.","In 2009, the campaign group 350 organised the single largest international campaign on climate change."
"United Nations","Organization","Acts as the facilitator of global conferences and agreements on the environment since the 1972 UN Conference on the Human Environment.","International","The primary international organization created in 1945 to provide a forum for global cooperation.","Since the UNCHE, the UN has acted as the facilitator of global conferences and agreements on the environment."
"United Nations Economic and Social Council","Organization","Implemented President Truman’s proposal by acting on the call for a conference on conserving natural resources.","International","A principal organ of the UN responsible for coordinating economic, social and related work of the UN system.","This proposal was acted on by the UN Economic and Social Council, and in 1949 the UN Scientific Conference on the Conservation and Utilization of Resources (UNSCCUR) was held at Lake Success in New York."
"Harry S. Truman","Individual","Proposed a 1948 conference to consider conserving natural resources as a major basis for peace.","United States","President of the United States (1945‑1953).","In 1948 US President Harry S. Truman (1884-1972) proposed a conference to consider the importance of conserving natural resources as a 'major basis for peace'."
"United States","Government","Dominant actor during the Cold War and post‑Cold War periods, shaping outcomes of global environmental conferences and agreements.","United States","Federal government of the United States of America.","During the Cold War, splits were common between the USA and its allies (the first world)... After the Cold War, a decade of US dominance shaped the outcomes of a series of global environmental conferences and agreements."
"Soviet Union","Government","Boycotted the 1949 UN Scientific Conference on the Conservation and Utilization of Resources, reflecting Cold‑War tensions.","Soviet Union","Federal socialist state that existed from 1922 to 1991, comprising Russia and other republics.","The Soviet Union boycotted the conference, which did not have the power to make recommendations or reach international agreements..."
"Brazil","Government","Emerging world power influencing the future direction of global environmental governance.","Brazil","Federal republic in South America.","As Brazil, China and India become world powers and experience rapid industrialisation, the future direction of global environmental governance is uncertain."
"China","Government","Emerging world power influencing the future direction of global environmental governance.","China","People's Republic of China, a major global power.","As Brazil, China and India become world powers and experience rapid industrialisation, the future direction of global environmental governance is uncertain."
"India","Government","Emerging world power influencing the future direction of global environmental governance.","India","Republic of India, a major global power.","As Brazil, China and India become world powers and experience rapid industrialisation, the future direction of global environmental governance is uncertain."
"Chile","Government","Led developing nations in securing the 1962 UN Declaration on Permanent Sovereignty over Natural Resources.","Chile","Republic of Chile, a South American nation.","In 1962 developing nations, led by Chile, secured a UN Declaration on Permanent Sovereignty over Natural Resources."
"G77/China grouping","Coalition","Formally established in the late 1960s to harmonise the negotiating priorities of developing countries and to emphasise links between the global environment and development agendas.","International","A coalition of developing countries (originally 77 nations) plus China that coordinates negotiating positions at the UN.","By the late 1960s, a G77/China grouping was formally established to harmonise the negotiating priorities of developing countries."
"U Thant","Individual","Authored the 1969 report *Problems of the Human Environment*, which highlighted air and water pollution, soil erosion and resource waste, influencing global awareness and policy agendas.","Myanmar","UN Secretary General (1909‑74) who authored a landmark report on environmental problems.","report published the following year by UN Secretary General Thant (1909-74). The report, entitled Problems of the Human Environment (1969), suggested the world had a decade to seriously address air and water pollution, soil erosion and the waste of natural resources"
"Börje Billner","Individual","Put forward the proposal to the UN General Assembly for a conference on the human environment, initiating the UNCHE process.","Sweden","Swedish Deputy Permanent Secretary who proposed the idea of a global environmental conference.","On 13 December 1967, the Swedish Deputy Permanent Secretary, Börje Billner, put forward the idea to the UN General Assembly that a conference be held to facilitate coordination and to focus the interest of member countries on extremely complex problems related to the human environment."
"Sweden","Government","Originated the proposal for a global conference on the human environment, which led to the UN Conference on the Human Environment (UNCHE).","Sweden","Neutral and progressive country that contributed to disarmament and development aid.","The idea of convening a global conference on the human environment was first proposed by Sweden, which was respected internationally as a neutral and progressive country, and had made considerable contributions to disarmament and development aid."
"UN General Assembly","Organization","Supported the Swedish proposal, adopted resolution 2398 (XXIII) convening UNCHE, and set the agenda for international environmental cooperation.","International","Principal deliberative organ of the United Nations.","At its twenty-third session in December 1968, the UN General Assembly supported the Swedish proposal and agreed it would take place in Stockholm. The General Assembly adopted resolution 2398 (XXIII) convening the UNCHE..."
"United Nations (UN)","Organization","Facilitated the organization of the UN Conference on the Human Environment and subsequent creation of UNEP.","International","International organization comprising member states, overseeing global governance.","The UN General Assembly supported the Swedish proposal... UNCHE also led to the establishment of the UN Environment Programme (UNEP)..."
"UNESCO","Organization","Organised the 1968 Biosphere Conference in Paris, which examined scientific bases for rational use and conservation of biosphere resources.","International","United Nations Educational, Scientific and Cultural Organization.","The first major signs of this new environmental focus were displayed at the 1968 Biosphere Conference held in Paris. This UNESCO‑organised conference examined the scientific basis for rational use and conservation of the resources of the biosphere..."
"UN Environment Programme (UNEP)","Organization","Established as a direct outcome of UNCHE to promote international environmental governance and law‑making.","International","UN agency dedicated to coordinating global environmental activities.","UNCHE also led to the establishment of the UN Environment Programme (UNEP) and provided momentum for an intensive period of international environmental law‑making."
"Romania","Government","Participated in the UN Conference on the Human Environment, representing an exception among Eastern Bloc states.","Romania","Eastern European country that attended UNCHE despite the Soviet bloc boycott.","A further challenge was provided by the refusal of the Soviet bloc (except Romania) to attend the conference because of the lack of international recognition of East Germany."
"UNEP","Organization","Acts as a centre for environmental affairs within the UN system and coordinates expertise to address environmental challenges.","Kenya","United Nations Environment Programme, created to provide a global voice for the environmental agenda within the UN system.","UNEP was created to provide a global voice for the environmental agenda within the UN system."
"Food and Agricultural Organization (FAO)","Organization","Responsible for some aspect of environmental policy within the UN system.","None","UN agency responsible for aspects of environmental policy.","Other UN agencies, such as the Food and Agricultural Organization (FAO), World Meteorological Organization (WMO) and World Health Organization (WHO), were all responsible for some aspect of environmental policy."
"World Meteorological Organization (WMO)","Organization","Responsible for some aspect of environmental policy within the UN system.","None","UN agency responsible for aspects of environmental policy.","Other UN agencies, such as the Food and Agricultural Organization (FAO), World Meteorological Organization (WMO) and World Health Organization (WHO), were all responsible for some aspect of environmental policy."
"World Health Organization (WHO)","Organization","Responsible for some aspect of environmental policy within the UN system.","None","UN agency responsible for aspects of environmental policy.","Other UN agencies, such as the Food and Agricultural Organization (FAO), World Meteorological Organization (WMO) and World Health Organization (WHO), were all responsible for some aspect of environmental policy."
"UNCHE","Organization","Started to address the links between the environment and development agendas together with UNEP.","None","UN entity that began to address the links between the environment and development agendas.","The UNCHE and UNEP started to address the links between the environment and development agendas."
"United Nations (UN)","Organization","Provides the institutional framework within which UNEP and other agencies operate; members debated the creation of UNEP.","None","International organization comprising multiple specialized agencies and bodies.","UNEP was created to provide a global voice for the environmental agenda within the UN system."
"USA","Government","Proposed a smaller unit within the UN system to instil an environmental ethic in other specialised agencies.","USA","United States of America, a member state of the UN.","this resulted in the USA proposing a smaller unit within the UN system that would instil an environmental ethic in other specialised agencies via information, persuasion and direct funding."
"Robert McNamara","Individual","Suggested setting up an international commission to formulate basic proposals to break through an impasse in global development negotiations.","USA","President of the World Bank (1916‑2009).","In January 1977 the president of the World Bank, Robert McNamara (1916-2009), suggested setting up an international commission to formulate basic proposals to break through an international impasse in negotiations on global development."
"World Bank","Organization","Its president proposed the creation of the Brandt Commission; later imposed structural‑adjustment programmes on developing countries.","None","International financial institution that provides loans and development assistance.","In January 1977 the president of the World Bank, Robert McNamara (1916-2009), suggested setting up an international commission..."
"Willy Brandt","Individual","Chaired the Brandt Commission, influencing public opinion and revitalising international engagement on development and environmental issues.","Germany","Former West German Chancellor (1913‑1992).","The Commission was chaired by Willy Brandt (1913-92), the former West German Chancellor, with the aim to influence public opinion, help change government attitudes, and revitalise international engagement between developed countries (the North) and developing countries (the South)."
"Brandt Commission","Coalition","Produced influential reports (e.g., *North‑South: A Program for Survival*) that linked environmental and development agendas and called for increased resource flows to the developing world.","None","International commission established to formulate proposals for breaking the impasse in global development negotiations.","The Commission was chaired by Willy Brandt (1913-92)... The membership of the Brandt Commission strongly represented the developing world and covered varying regional and political views."
"International Monetary Fund (IMF)","Organization","Imposed structural‑adjustment programmes on developing countries as a condition for lending and development aid, which were later found to have harmful social and environmental impacts.","None","International financial institution that provides macro‑economic stability assistance.","Developing countries seeking a way out of the debt crisis were presented with IMF- and World Bank-imposed structural adjustment programmes as a condition for lending and for development aid."
"United Nations (UN)","Organization","Provided the institutional platform where environmental, economic and social issues were raised, despite being marginalised by powerful states such as the USA.","International","An intergovernmental organization that serves as a global forum for environmental, economic and social concerns.","The UN was routinely marginalised by the USA and other powers during this period, but remained a forum for the expression of environmental, economic and social concerns."
"United States of America (USA)","Government","Marginalised the UN and opposed stronger environmental commitments during the 1992 Earth Summit.","United States","A sovereign state that exercised political influence within the United Nations system.","The UN was routinely marginalised by the USA and other powers during this period"
"Gro Harlem Brundtland","Individual","Chaired the WCED and oversaw the production of the Brundtland Report, which reframed the link between environment and development and defined sustainable development.","Norway","Norwegian Prime Minister (born 1939) who chaired the World Commission on Environment and Development.","The Norwegian Prime Minister, Gro Harlem Brundtland (b. 1939), chaired the Commission, and its report, Our Common Future, also known as the Brundtland Report, was published in 1987."
"World Commission on Environment and Development (WCED)","Organization","Produced the seminal Brundtland Report and recommended convening a global conference that led to the 1992 Earth Summit.","International","A UN‑established commission tasked with examining the relationship between environment and development.","the UN General Assembly passed Resolution 38/161, establishing the World Commission on Environment and Development (WCED)."
"UN General Assembly","Organization","Adopted Resolution 38/161 that created the WCED.","International","The main deliberative, policymaking and representative organ of the United Nations.","the UN General Assembly passed Resolution 38/161, establishing the World Commission on Environment and Development (WCED)."
"Union Carbide","Organization","Its catastrophic chemical explosion highlighted the environmental risks of industrial activity and spurred global environmental consciousness.","United States","A multinational chemical corporation responsible for the 1984 Bhopal disaster.","the 1984 Union Carbide chemical explosion at Bhopal in India"
"George H. Bush","Individual","Delivered a speech prioritising American jobs over environmental protection, reflecting the US stance at the summit.","United States","President of the United States during the lead‑up to the 1992 Earth Summit.","Before the Conference, US President George H. Bush gave a speech promising the American public that American jobs came before the environment."
"Arab oil nations","Coalition","Attempted to remove energy‑conservation language from the Agenda 21 plan during the preparatory process for the Earth Summit.","Arab region","A group of oil‑producing Arab states.","In the preparatory process, Arab oil nations attempted to remove energy conservation from the Agenda 21 plan of action."
"United Kingdom (UK)","Government","Criticised for opposing the UN target that developed nations allocate 0.7 % of national income to development aid.","United Kingdom","A sovereign state that was a participant in the 1992 Earth Summit.","The UK was criticised for its opposition to the UN target for developed nations to give 0.7 per cent of national income to development aid."
"Pearson Commission","Organization","Provided the original proposal for the 0.7 % aid target later reiterated at the Earth Summit.","United Kingdom","A UK‑based commission that originally proposed an overseas aid target in 1969.","The Pearson Commission originally proposed the overseas aid target in 1969, and this was reiterated by the Brandt Report a decade later."
"Soviet Union","Government","Site of the 1986 Chernobyl nuclear disaster, which contributed to global awareness of industrial environmental risks.","Soviet Union","A former federal socialist state that existed until 1991.","the 1986 Chernobyl nuclear power plant disaster in the Soviet Union"
"Malaysia","Government","Led developing nations in arguing that a legally binding forest convention might infringe on sovereign rights to exploit forest resources.","Malaysia","A Southeast Asian nation that was part of the developing‑country bloc at the Earth Summit.","Developing nations, led by Malaysia and India, argued that such a convention might interfere with their sovereign right to exploit forest resources."
"India","Government","Co‑led the developing‑nation stance against a binding forest protection convention, citing sovereign rights.","India","A South Asian nation that was part of the developing‑country bloc at the Earth Summit.","Developing nations, led by Malaysia and India, argued that such a convention might interfere with their sovereign right to exploit forest resources."
"Maurice Strong","Individual","Summarised the summit as a historic moment and symbolised the overall leadership of the conference.","Canada","Conference Secretary‑General of the 1992 United Nations Conference on Environment and Development (UNCED).","At its close, Maurice Strong, the Conference Secretary-General, called the Summit a 'historic moment for humanity'."
"Commission on Sustainable Development (CSD)","Organization","Tracks and reports on the implementation of sustainable‑development commitments made at UNCED.","International","UN body created to monitor progress on the implementation of Agenda 21.","The Summit also established the Commission on Sustainable Development (CSD) to monitor progress on the implementation of Agenda 21"
"Global Environment Facility (GEF)","Organization","Provides financial resources to support the implementation of global environmental agreements.","International","International financial mechanism that provides funding for environmental projects.","a funding mechanism called the Global Environment Facility (GEF), which would be managed by the World Bank."
"World Bank","Organization","Administers the GEF’s financial resources for environmental projects worldwide.","International","International development bank that manages the Global Environment Facility.","a funding mechanism called the Global Environment Facility (GEF), which would be managed by the World Bank."
"Global Forum","Coalition","Catalysed civil‑society networking and coordinated transnational advocacy for sustainable development.","International","A transnational civil‑society network that emerged alongside UNCED.","The parallel Global Forum had been a catalyst for civil society networking and concerted transnational advocacy"
"United Nations General Assembly","Organization","Convened special sessions (e.g., Rio+5) to review Agenda 21 implementation and adopt resolutions on environmental action.","International","Main deliberative organ of the United Nations composed of all member states.","In 1997, the UN General Assembly held a special session on the environment (also known as Rio+5) to review and appraise the implementation of Agenda 21."
"United Nations","Organization","Hosted UNCED, later convened the World Summit on Sustainable Development (WSSD) and other follow‑up conferences.","International","International intergovernmental organization that coordinates global environmental and development agendas.","UNCED influenced a series of subsequent UN conferences... the UN convened a World Summit on Sustainable Development (WSSD) to reinvigorate the global commitment to sustainable development"
"George W. Bush","Individual","Chose not to attend the 2002 World Summit on Sustainable Development and rejected the Kyoto Protocol, signalling U.S. isolationist stance.","United States","President of the United States (2001‑2009).","The decision by US President George W. Bush not to attend the summit rendered it partially impotent."
"Colin Powell","Individual","Led the U.S. delegation at the WSSD, promoting private‑sector deals and prioritising economic growth over binding environmental treaties.","United States","U.S. Secretary of State (2001‑2005).","The Secretary of State, Colin Powell, led the US delegation, which emphasised deals with the private sector and stressed the importance of economic growth over binding global treaties"
"South Africa","Government","Provided the venue for the summit and linked its agenda to regional initiatives such as the NEPAD.","South Africa","Host country of the 2002 World Summit on Sustainable Development (WSSD).","Due to the host country being South Africa, there was a deliberate attempt to connect WEHAB to the Millennium Development Goals (MDGs) and the New Partnership for Africa's Development (NEPAD) initiative."
"New Partnership for Africa's Development (NEPAD)","Organization","Integrated the WSSD’s water, energy, health, agriculture and biodiversity agenda with broader African development goals.","International (Africa)","African Union‑led development programme aimed at eradicating poverty and promoting sustainable growth.","Due to the host country being South Africa, there was a deliberate attempt to connect WEHAB to the Millennium Development Goals (MDGs) and the New Partnership for Africa's Development (NEPAD) initiative."
"United Nations Environment Programme (UNEP)","Organization","Initiated many of the multilateral environmental agreements described in the text, helping to shape global environmental governance.","International (United Nations)","The UN's global environmental authority that initiates and supports multilateral environmental agreements (MEAs).","Over 300 have been created since UNCHE, with UNEP taking an active role in initiating many of them."
"British Antarctic Survey","Organization","Provided the scientific evidence in 1987 that Antarctic springtime ozone concentrations had dropped by 40 % from 1964 levels, informing international ozone‑depletion policy.","United Kingdom","A United Kingdom research institute that conducts scientific investigations in Antarctica and the surrounding Southern Ocean.","That same year the British Antarctic Survey found that the springtime atmospheric concentration of ozone in the Antarctic had decreased by 40 per cent from 1964 levels."
"U.S. Environmental Protection Agency (EPA)","Government","Estimated the economic benefits of reducing CFC emissions, supporting the case for the Montreal Protocol’s phase‑out measures.","United States","The United States federal agency responsible for protecting human health and the environment.","The US Environmental Protection Agency also estimated that a 50 per cent reduction in chlorofluorocarbon (CFC) emissions from 1986 levels could save the US trillions of dollars in reduced health costs associated with treating skin cancer."
"United States of America (USA)","Government","One of the twelve countries responsible for 78 % of emissions that took an international leadership role in negotiating and signing the Montreal Protocol.","United States","A sovereign nation that was a major emitter of ozone‑depleting substances in the 1980s.","At the time of signing the Protocol, just twelve countries emitted 78 per cent of emissions; the USA was among them and was prepared to take an international lead."
"Intergovernmental Panel on Climate Change (IPCC)","Organization","Provides scientific support and assessment reports that inform international climate negotiations and policy development.","None","A scientific body created in 1988 by the World Meteorological Organization and the United Nations Environment Programme to assess information on the causes, impacts, and options for addressing climate...","The scientific support is provided by the Intergovernmental Panel on Climate Change (IPCC), created in 1988 by the WMO and UNEP."
"World Meteorological Organization (WMO)","Organization","Co‑creator of the IPCC, thereby contributing to the scientific foundation for climate governance.","None","A United Nations specialized agency for meteorology and atmospheric sciences.","The scientific support is provided by the Intergovernmental Panel on Climate Change (IPCC), created in 1988 by the WMO and UNEP."
"United Nations Environment Programme (UNEP)","Organization","Co‑creator of the IPCC, supporting the generation of scientific assessments used in climate policy negotiations.","None","The leading global environmental authority within the United Nations system.","The scientific support is provided by the Intergovernmental Panel on Climate Change (IPCC), created in 1988 by the WMO and UNEP."
"United Nations Framework Convention on Climate Change (UNFCCC)","Organization","Serves as the primary institutional platform for global climate negotiations, organizing annual Conferences of the Parties (COP) and facilitating protocols such as Kyoto.","None","An international treaty adopted in 1992 that provides a framework for negotiating protocols to limit greenhouse‑gas emissions.","After the first IPCC assessment report, countries acted quickly to adopt the UNFCCC in 1992. The UNFCCC provided a framework for negotiating protocols that would set mandatory greenhouse gas limits."
"United States of America (USA)","Government","Key negotiator whose concerns about economic costs led to delayed ratification and eventual refusal to ratify the Kyoto Protocol.","USA","A major industrialised nation and historically large emitter of carbon dioxide.","the USA in particular was concerned that the costs to its economy would be too high. As a consequence, many countries stalled ratification or, as in the case of the USA, refused to ratify it at all."
"China","Government","Influences global emissions trajectories and highlights the challenge of balancing development needs with climate mitigation in international negotiations.","China","The world's largest current emitter of carbon dioxide, classified as an economy in transition.","But over the past decade China has overtaken the USA as the single biggest emitter of carbon dioxide emissions and is still an economy in transition, with further economic growth needed to raise millions out of poverty."
"G8 nations","Coalition","Announced a target to at least halve global carbon dioxide emissions by 2050, influencing climate negotiations.","None","A coalition of eight major industrialised countries that coordinate on economic and environmental policies.","announcement from G8 nations that they would aim to at least halve global carbon dioxide emissions by 2050"
"Barack Obama","Individual","His election raised hopes for U.S. participation in legally binding climate targets; later signaled limited political capital for climate action.","United States","President of the United States during the COP 15 negotiations (2009‑2017).","Many attendees were hopeful, as the election of US President Barack Obama raised the possibility of US agreement to legally binding targets"
"Alliance of Small Island States","Coalition","Voiced grave concern that climate change threatens the survival and viability of its member states.","None","A coalition of small island and low‑lying coastal countries vulnerable to climate change impacts.","an Alliance of Small Island States expressed their grave concern that climate change posed the most serious threat to their survival and viability"
"UNCHE","Organization","Pressed the international community to make the compromises needed to reach a successful conference agreement.","None","A United Nations body that historically helped shape international climate negotiations.","UNCHE and UNCED in particular had worked in this way before, by pressing the international community to make the compromises needed to reach an agreement that could be announced as a conference success"
"UNCED","Organization","Worked to press the international community to make the compromises needed for a successful climate agreement.","None","The United Nations Conference on Environment and Development (the 1992 Earth Summit).","UNCHE and UNCED in particular had worked in this way before, by pressing the international community to make the compromises needed to reach an agreement that could be announced as a conference success"
"European Union","Organization","Stepped back from committing to improve its 2020 emissions targets, affecting the overall ambition of the negotiations.","None","A political and economic union of European member states.","Meanwhile, the EU stepped back from committing to improve its emissions targets for 2020"
"China","Government","Opposed U.S. demands to monitor emission reductions and sent a junior diplomat to talks with world leaders.","China","The government of the People’s Republic of China, a major global emitter and negotiating party.","China opposed US demands to monitor emission reductions, and on one occasion during negotiations sent a junior diplomat to talks with world leaders"
"United States","Government","Potentially able to commit to legally binding targets; its political constraints limited climate‑policy leverage.","United States","The federal government of the United States of America, a major emitter and key negotiator.","the election of US President Barack Obama raised the possibility of US agreement to legally binding targets"
"Brazil","Government","Recognised as one of the economies whose emissions needed to be addressed in a new climate protocol.","Brazil","The federal government of Brazil, identified as a major emerging polluter.","Developed economies wanted a new protocol that included developing countries and recognised that economies such as Brazil, China and India were now major polluters"
"India","Government","Identified as a major polluter whose participation was essential for any new climate agreement.","India","The federal government of India, a large and rapidly growing emitter.","Developed economies wanted a new protocol that included developing countries and recognised that economies such as Brazil, China and India were now major polluters"
"Green Climate Fund","Organization","Created at COP 16 to provide financial resources for climate mitigation and adaptation in developing nations.","None","An international fund established to channel mitigation and adaptation financing to developing countries.","established a Green Climate Fund for channelling mitigation and adaptation funding to developing nations"
"UNFCCC","Organization","Serves as the procedural framework under which countries submit emissions‑reduction targets.","None","United Nations Framework Convention on Climate Change, the global treaty governing climate negotiations.","They also formally submitted their emissions reductions targets under the UNFCCC process"
"UNEP","Organization","Acts as a global‑level advocate, creating and promoting international environmental agreements and standards, though it faces challenges coordinating action.","International","United Nations Environment Programme, a global-level advocate for the environment that establishes international agreements and standards.","UNEP has acted as a global-level advocate for the environment."
"China","Government","Represents a power base that can act unilaterally to protect its own interests in climate‑change negotiations and other environmental agreements.","China","The People's Republic of China, a major global power with significant influence over international environmental negotiations.","China, the EU, Brazil, India, Japan and the USA each represent power bases that can, and do, act unilaterally to protect their own interests."
"European Union","Organization","Acts as a power base that can act unilaterally to protect its own interests in climate‑change negotiations and other environmental agreements.","European Union","A supranational political and economic union of European states that participates in global environmental governance.","China, the EU, Brazil, India, Japan and the USA each represent power bases that can, and do, act unilaterally to protect their own interests."
"Brazil","Government","Acts as a power base that can act unilaterally to protect its own interests in climate‑change negotiations and other environmental agreements.","Brazil","The Federative Republic of Brazil, a large emerging economy involved in international environmental negotiations.","China, the EU, Brazil, India, Japan and the USA each represent power bases that can, and do, act unilaterally to protect their own interests."
"India","Government","Acts as a power base that can act unilaterally to protect its own interests in climate‑change negotiations and other environmental agreements.","India","The Republic of India, a major developing nation participating in global environmental governance.","China, the EU, Brazil, India, Japan and the USA each represent power bases that can, and do, act unilaterally to protect their own interests."
"Japan","Government","Acts as a power base that can act unilaterally to protect its own interests in climate‑change negotiations and other environmental agreements.","Japan","The State of Japan, an advanced economy involved in international climate and environmental policy.","China, the EU, Brazil, India, Japan and the USA each represent power bases that can, and do, act unilaterally to protect their own interests."
"United States of America","Government","Acts as a power base that can act unilaterally to protect its own interests in climate‑change negotiations and other environmental agreements.","USA","The United States, a leading global power influencing international environmental policy.","China, the EU, Brazil, India, Japan and the USA each represent power bases that can, and do, act unilaterally to protect their own interests."
"Aristotle","Individual","Provided one of the earliest systematic studies of nature, laying a philosophical foundation for later ecological thinking that informs contemporary movements to align human activity with natural systems.","Greece","Ancient Greek philosopher who classified and described the natural world.","Aristotle (384-322 BC) ... classified and described the natural world"
"Theophrastus","Individual","Extended early systematic observation of nature, contributing to the intellectual heritage that underpins modern ecological governance.","Greece","Ancient Greek philosopher and student of Aristotle, known for his works on plants and natural history.","Theophrastus (c. 371‑c. 287 BC) classified and described the natural world"
"Hippocrates","Individual","Introduced the concept of environmental determinants of health, a precursor to planetary health approaches that integrate nature’s wellbeing with human wellbeing.","Greece","Ancient Greek physician who linked climate to human health.","Hippocrates (c. 460‑c. 370 BC) depicted the impact of climate on human health"
"Pliny the Elder","Individual","Compiled comprehensive knowledge of natural entities, creating a reference tradition that later scholars used to assess human‑nature relationships.","Roman Empire (Italy)","Roman author of the encyclopaedia *Historia Naturalis*.","the Roman Pliny the Elder (AD 23‑79) wrote Historia Naturalis, an encyclopaedia which sought to catalogue all the entities found in nature"
"John Ray","Individual","Advanced the scientific study of nature in the Enlightenment, influencing later ecological thought that supports governance for nature’s wellbeing.","United Kingdom","English naturalist who authored *The Wisdom of God Manifested in the Works of the Creation*.","The English naturalist John Ray (1627‑1705) called his popular study of the natural world The Wisdom of God Manifested in the Works of the Creation (1691)"
"Carl Linnaeus","Individual","Established a taxonomic framework that positioned humans within the natural world, a key conceptual shift for modern ecological and planetary‑health policies.","Sweden","Swedish botanist who created the modern system of biological classification.","the Swedish naturalist Carl Linnaeus (1707‑78) attributed his system of classifying species of plants and animals to God's design"
"Pehr Kalm","Individual","Documented early human impacts on wildlife, providing empirical evidence for the need to account for nature’s wellbeing in settlement and resource policies.","Sweden","Finnish‑Swedish botanist and explorer who traveled in North America.","Pehr Kalm (1716‑79) studied with Linnaeus and later travelled in North America, where he linked a decline in the abundance of wildlife to settlers' hunting techniques"
"Alexander von Humboldt","Individual","Pioneered interdisciplinary understanding of how terrain and climate shape ecosystems, informing later governance frameworks that consider biophysical contexts.","Germany","German explorer and naturalist who integrated physical and biological sciences.","the explorer and naturalist Alexander von Humboldt (1769‑1859) combined the physical and natural sciences to explain the impact of terrain and climate on plants"
"Thomas Malthus","Individual","Highlighted resource constraints on population growth, a principle that underlies contemporary sustainability and planetary‑health assessments.","United Kingdom","English economist and demographer known for his theory of population limits.","Thomas Malthus (1766‑1834) set out how population growth was mediated by limits to resources"
"Charles Darwin","Individual","Provided a scientific basis for understanding species interdependence, essential for ecosystem‑based management and nature‑centric policies.","United Kingdom","English naturalist who formulated the theory of evolution by natural selection.","Charles Darwin (1809‑82) developed his theory of evolution"
"Ernst Haeckel","Individual","Introduced the discipline that explicitly studies organism‑environment relationships, forming the conceptual core of planetary health governance.","Germany","German biologist who coined the term “ecology”.","Ernst Haeckel (1834‑1919) introduced the term 'ecology' to describe the relations between organisms and their environment"
"George Perkins Marsh","Individual","Argued that human activity is the primary driver of species extinction, influencing early conservation policies that aim to protect nature’s integrity.","United States","American diplomat and early environmental thinker, author of *Man and Nature*.","George Perkins Marsh (1801‑82) published Man and Nature (1864), and argued that humankind was the prime cause of species extinction"
"Henry Thoreau","Individual","Emphasized personal and local ecological awareness, inspiring later grassroots movements that seek harmonious human‑nature relationships.","United States","American naturalist and writer, author of *Walden*.","Henry Thoreau's (1817‑62) exploration of the land surrounding Walden Pond near Concord, Massachusetts in the USA informed his appreciation of natural simplicity, and his views on the ties between people and nature drew upon his understanding of local ecology"
"Peter Kropotkin","Individual","Advanced the idea that cooperation in nature can inform social organization, influencing eco‑social movements that promote collaborative governance of natural resources.","Russia","Russian anarchist and philosopher who wrote *Mutual Aid*.","the Russian anarchist communist Peter Kropotkin (1842‑1921) developed ideas about self‑sufficiency, local organisation and production based on his studies of animal behaviour"
"British Ecological Society","Organization","Provided an institutional platform for early ecologists, facilitating the development of scientific knowledge that underpins modern nature‑centric policy frameworks.","United Kingdom","Professional society founded in the United Kingdom to advance ecological science.","In 1913 the British Ecological Society held its inaugural meeting"
"Ecological Society of America","Organization","Created a network for ecologists in North America, helping translate ecological science into management practices and policy advice for nature’s wellbeing.","United States","American professional association dedicated to the advancement of ecological research and education.","followed two years later by the foundation of the Ecological Society of America"
"Aldo Leopold","Individual","Formulated the land‑ethic concept that frames humans as members of a biotic community, a cornerstone of contemporary planetary‑health and nature‑accounting movements.","United States","American forester, ecologist, and author of *A Sand County Almanac*.","the forester and academic Aldo Leopold (1886‑1948) was one of the first to combine ecological ideas with aesthetic and ethical values ... Leopold set out a land ethic that emphasised harmony between humans, soils, water, plants and animals as a single community"
"Norman Moore","Individual","Guided UK research priorities on persistent pesticides after learning about the Clear Lake study, influencing toxic chemical research and policy.","United Kingdom","Head of the Nature Conservancy's Toxic Chemicals and Wildlife research station at Monks Wood in the UK.","Shortly after the paper was published, it was brought to the attention of Norman Moore (b. 1923), the head of the Nature Conservancy's newly established Toxic Chemicals and Wildlife research station at Monks Wood in the UK."
"Nature Conservancy","NGO","Provided institutional support and research capacity for studying the impacts of persistent pesticides, shaping UK toxic‑chemical research agendas.","United Kingdom (research station), United States (headquarters)","International conservation organization that established a Toxic Chemicals and Wildlife research station in the UK.","Shortly after the paper was published, it was brought to the attention of Norman Moore (b. 1923), the head of the Nature Conservancy's newly established Toxic Chemicals and Wildlife research station at Monks Wood in the UK."
"Rachel Carson","Individual","Raised public awareness of pesticide hazards, testified before US legislative bodies, and catalyzed political attention to chemical pollution.","United States","Biologist and writer who synthesized scientific evidence on pesticide impacts into the book *Silent Spring*.","The Clear Lake study also came to the attention of the biologist and writer Rachel Carson (1907-64) as she gathered research on the widespread use of pesticides."
"John F. Kennedy","Individual","Ordered the US Science Advisory Committee to examine pesticide use in response to the public debate sparked by *Silent Spring*.","United States","President of the United States (1961‑1963).","As a consequence, US President John F. Kennedy ordered his Science Advisory Committee to examine pesticide use (see Chapter 2)."
"Science Advisory Committee","Government","Tasked with reviewing pesticide use after the publication of *Silent Spring* and presidential directive.","United States","Advisory body to the US President on scientific matters.","As a consequence, US President John F. Kennedy ordered his Science Advisory Committee to examine pesticide use (see Chapter 2)."
"US Senate subcommittee","Government","Provided a legislative forum where Rachel Carson testified about pesticide risks, influencing policy deliberations.","United States","A subcommittee of the United States Senate that held hearings on pesticide issues.","Carson was interviewed on news programmes and testified to a subcommittee of the US Senate."
"House of Lords","Government","Raised concerns about large‑scale bird and fox deaths linked to pesticide use, bringing the issue into UK political discourse.","United Kingdom","Upper chamber of the UK Parliament.","In the UK, large-scale bird and fox deaths were raised in the House of Lords."
"Californian Fisheries and Game Department","Government","Commissioned a scientific study that helped stimulate awareness of pesticide hazards among scientists and the American public.","United States","State agency in California responsible for wildlife and fisheries management.","A scientific study for the Californian Fisheries and Game Department played a considerable part in stimulating awareness of the need to act among both the international science community and the American public."
"Rachel Carson","Individual","Authored *Silent Spring*, translating ecological principles into public messages and challenging corporate and scientific practices that harm nature.","US","American marine biologist and author of *Silent Spring*, a seminal work that exposed the dangers of pesticides and sparked the modern environmental movement.","Before Carson completed the book, she wrote to a friend:"
"Ben Metcalfe","Individual","Paid for billboard adverts promoting ecology as a revolutionary idea and helped launch Greenpeace’s early activism.","CA","Canadian journalist (1919‑2003) who became the first chairman of Greenpeace and funded early ecological outreach campaigns.","Ben Metcalfe (1919-2003), a journalist who later became the first chairman of Greenpeace, paid for the posters as he wanted to promote ecology as a revolutionary idea."
"Greenpeace","NGO","Provided an organizational platform for ecological activism; its first chairman was Ben Metcalfe, who used the group to promote ecological awareness.","International","International environmental organization founded in the early 1970s, known for direct‑action campaigns to protect the planet.","Ben Metcalfe (1919-2003), a journalist who later became the first chairman of Greenpeace, paid for the posters as he wanted to promote ecology as a revolutionary idea."
"Edward Goldsmith","Individual","Published *The Ecologist* as a platform for environmental thinking and disseminated the *Blueprint for Survival* manifesto that called for societal change.","GB","British environmentalist (1928‑2009) who founded *The Ecologist* magazine and authored the influential manifesto *A Blueprint for Survival*.","the following year, Edward Goldsmith (1928-2009) published the first edition of a new magazine called The Ecologist as a platform for environmental thinking in the UK."
"The Ecologist","Organization","Served as a platform for environmental thinking and published the *Blueprint for Survival* manifesto, reaching a wide audience.","GB","British environmental magazine founded in 1970 that became a key venue for ecological discourse and advocacy.","the following year, Edward Goldsmith (1928-2009) published the first edition of a new magazine called The Ecologist as a platform for environmental thinking in the UK."
"Paul Sears","Individual","Articulated ecology as a ‘subversive subject’ that critiques humanity’s operations within ecosystems, influencing radical ecological thought.","US","American ecologist (1891‑1990) who emphasized the subversive potential of ecology in critiquing human activities.","For these reasons, the ecologist Paul Sears (1891-1990) described ecology as 'a subversive subject'."
"Murray Bookchin","Individual","Developed a politically revolutionary ecological approach, arguing that social conditions must improve to achieve ecological harmony.","US","American social theorist and ecologist (1921‑2006) who combined anarchist philosophy with ecology to develop radical ecology.","Murray Bookchin (1921-2006) developed a more politically revolutionary approach, in which he combined anarchist political philosophy with ecology in books such as Post-Scarcity Anarchism (1970)."
"Arne Naess","Individual","Introduced the concept of deep ecology, framing nature’s value as intrinsic and influencing the philosophical foundations of the planetary health movement.","NO","Norwegian philosopher (1912‑2009) who coined the term ‘deep ecology’, advocating a biocentric view of nature.","This viewpoint is often described as 'deep ecology' - a term introduced in the early 1970s by the Norwegian philosopher Arne Naess (1912-2009)."
"James Lovelock","Individual","Provided a scientific framework (Gaia hypothesis) that reshaped environmental thinking and informed planetary‑health discourse.","United Kingdom","NASA scientist who formulated the Gaia hypothesis, linking Earth's atmosphere to living processes.","The US National Aeronautics and Space Administration (NASA) scientist James Lovelock (b. 1919) introduced a scientific twist to the biocentric approach to environmentalism when he developed his Gaia hypothesis during the 1970s."
"NASA","Organization","Commissioned Lovelock to investigate life‑detection methods, indirectly fostering the development of the Gaia hypothesis that influences environmental governance.","United States","The United States National Aeronautics and Space Administration, a federal agency that funds and conducts space‑related research.","The US National Aeronautics and Space Administration (NASA) scientist James Lovelock (b. 1919) introduced a scientific twist to the biocentric approach to environmentalism..."
"UK government","Government","Established dedicated environmental institutions (Royal Commission for Environmental Pollution and Department for the Environment) to address pollution and integrate science into policy.","United Kingdom","The central government of the United Kingdom.","It was not until 1970 that the UK government set up the Royal Commission for Environmental Pollution and a Department for the Environment..."
"Royal Commission for Environmental Pollution","Organization","Provided scientific assessment and policy advice on pollution, embedding environmental science in governmental decision‑making.","United Kingdom","A UK public body created to investigate and advise on environmental pollution issues.","It was not until 1970 that the UK government set up the Royal Commission for Environmental Pollution..."
"Department for the Environment","Organization","Coordinated national environmental policy and used scientific data to regulate air, water, soil, and biodiversity.","United Kingdom","A UK government department focused on environmental protection rather than economic interests.","...and a Department for the Environment..."
"US Environmental Protection Agency","Organization","Institutionalised science‑based regulation of pollutants, translating environmental data into enforceable standards.","United States","The United States federal agency tasked with protecting human health and the environment.","...the US administration established the US Environmental Protection Agency."
"UN system","Organization","Endorsed and supported global scientific collaboration and research programmes that inform planetary‑health policies.","International","The United Nations and its affiliated bodies that coordinate international cooperation.","Starting in the late 1960s, the UN system endorsed and supported global collaboration and research programmes such as the Global Atmospheric Research Programme (GARP) and the Global Environment Monitoring System (GEMS)."
"Global Atmospheric Research Programme (GARP)","Organization","Generated scientific knowledge (e.g., satellite observations) that underpins climate and environmental governance.","International","An international research programme under the UN aimed at advancing atmospheric science.","...research programmes such as the Global Atmospheric Research Programme (GARP)..."
"Global Environment Monitoring System (GEMS)","Organization","Provides standardized environmental data that supports policy formulation and assessment of nature’s wellbeing.","International","A UN‑coordinated system for monitoring the state of the global environment.","...research programmes such as ... the Global Environment Monitoring System (GEMS)."
"International Union for Conservation of Nature (IUCN)","Organization","Published Red Data Books of threatened species, providing scientific evidence that underpins biodiversity conservation policies and mobilises political attention to nature's wellbeing.","None","A global authority on the status of the natural world and the measures needed to safeguard it.","International Union for Conservation of Nature (IUCN) published Red Data Books of threatened species"
"World Climate Research Programme","Organization","Established in 1980 to coordinate global research efforts, creating the scientific foundation for climate‑change governance and advocacy.","None","An international programme that coordinates climate research across nations and institutions.","the first World Climate Research Programme was established in 1980"
"Intergovernmental Panel on Climate Change (IPCC)","Organization","Formed to synthesize climate science, its Working Group 1 enabled scientists to share expertise and produce assessments that drive international climate policy and public awareness.","None","A United Nations body that assesses the science related to climate change.","the IPCC was formed a year later"
"Convention on Biological Diversity (CBD)","Organization","Serves as the primary global governance instrument for biodiversity, channeling scientific knowledge into policy commitments that aim to protect nature’s wellbeing.","None","An international treaty adopted at the 1992 Rio Earth Summit to promote the conservation of biodiversity.","through the CBD and the UNFCCC"
"United Nations Framework Convention on Climate Change (UNFCCC)","Organization","Acts as the central governance platform for climate action, translating scientific findings into international agreements and mobilising collective efforts to address climate change.","None","An international environmental treaty that provides the framework for global climate negotiations.","through the CBD and the UNFCCC"
"Robert Angus Smith","Individual","Provided pioneering scientific monitoring and public awareness of acid rain effects, laying groundwork for later policy responses.","United Kingdom","Britain's first official air‑pollution inspector (1817‑84) who monitored sulphuric acid in rain near industrial Manchester and published early findings on acid rain.","Robert Angus Smith (1817-84), Britain's first official air-pollution inspector, monitored the concentration of sulphuric acid in rain near to industrial Manchester and described its effects in his book Air and Rain (1872):"
"Beaver Committee","Organization","Diagnosed the severity of air‑pollution and recommended regulatory action, influencing subsequent legislation.","United Kingdom","A UK‑appointed committee that produced the 1954 Beaver Committee Report on air‑pollution.","The resulting Beaver Committee Report (1954) concluded that levels of air pollution could no longer be tolerated but also observed that 'sulphur dioxide is one of the most harmful of all polluting agents'."
"UK Government","Government","Responded to the Beaver Committee’s recommendations by enacting the 1956 Clean Air Act, establishing smokeless zones and promoting cleaner fuels.","United Kingdom","The central government of the United Kingdom in the 1950s‑1960s.","The UK government responded by passing the 1956 Clean Air Act, which established smokeless zones and encouraged the burning of smokeless fuels."
"Swedish Government","Government","Financed scientific research on acid rain, publicly accused neighboring countries of exporting pollution, and hosted the 1972 Stockholm UNCHE.","Sweden","The national government of Sweden.","Sweden funded scientists to investigate the problem, and in 1971 accused its European neighbours of exporting air pollution to Scandinavia."
"Organisation for Economic Co‑operation and Development (OECD)","Organization","Coordinated a five‑year multinational study (1972‑77) on acid rain involving eleven European countries, producing evidence of transboundary sulphur emissions.","International","An international intergovernmental economic organization headquartered in Paris.","This prompted a five-year study into acid rain by the Organisation for Economic Co‑operation and Development (OECD), in which eleven European countries, including the UK and Sweden, participated (1972-77)."
"US Government","Government","Carried out a joint scientific assessment with Canada on acid‑rain impacts and highlighted the United States as a major sulphur emitter.","United States","The federal government of the United States of America.","Two years later, the US and Canadian governments undertook a similar scientific exercise, concluding that effects on fish, forestry and farming were serious and that the USA was responsible for five times more sulphur emissions than Canada."
"Canadian Government","Government","Participated with the United States in a joint scientific assessment of acid‑rain impacts and advocated for mitigation measures.","Canada","The federal government of Canada.","Two years later, the US and Canadian governments undertook a similar scientific exercise, concluding that effects on fish, forestry and farming were serious and that the USA was responsible for five times more sulphur emissions than Canada."
"German Government","Government","Responded to public outcry over forest damage and a growing green movement by taking action to curb sulphur‑dioxide emissions.","Germany","The federal government of Germany.","Germany, though a large emitter of sulphur dioxide, was stung into action by public reaction to the death of much loved national forests and an increasingly vocal green movement."
"Ohio Governor","Individual","Publicly downplayed state responsibility for acid rain, reflecting political resistance to transboundary pollution controls.","United States","The chief executive of the U.S. state of Ohio (unnamed in the source).","one Ohio governor stated that his state was no more responsible for acid rain than Florida was for hurricanes."
"UK Department of the Environment","Organization","Provided scientific and bureaucratic support for early policy proposals to cut sulphur dioxide emissions, influencing later air‑quality regulation.","United Kingdom","British government department whose scientists and civil servants advocated for reducing sulphur dioxide emissions in the early 1980s.","scientists and civil servants at the UK Department of the Environment were convinced that it was in Britain's interests to reduce sulphur dioxide emissions"
"British government","Government","Formally accepted the scientific link between British air pollution and Scandinavian acid rain in 1986, enabling policy action.","United Kingdom","The central government of the United Kingdom.","It was not until 1986 that the British government finally accepted the link between British air pollution and Scandinavian acid rain."
"President Ronald Reagan","Individual","Led the U.S. administration whose tenure preceded the 1991 air‑quality accord; the change in his administration is noted as a factor in the accord’s signing.","United States","President of the United States from 1981 to 1989.","a change in administration from President Ronald Reagan (1981-89) to President George H. Bush (b. 1924)"
"President George H. Bush","Individual","Head of the U.S. administration under which the 1991 Canada‑USA air quality accord was signed.","United States","President of the United States from 1989 to 1993.","a change in administration from President Ronald Reagan (1981-89) to President George H. Bush (b. 1924)"
"Canada","Government","Co‑signed the 1991 air quality accord with the United States, committing to cross‑border pollution mitigation.","Canada","The federal government of Canada.","An air quality accord between Canada and the USA was signed in 1991"
"United States","Government","Participated in the 1991 air‑quality accord and later adopted a different precautionary approach to GM foods, promoting the concept of substantial equivalence.","United States","The federal government of the United States of America.","In the USA, the precautionary principle is regarded as overly restrictive, supporting a centralised planning rather than a free-market approach. Instead, the US Food and Drink Administration (FDA) introduced scientific criteria called substantial equivalence"
"World Trade Organization (WTO)","Organization","Mediated the trade dispute over GM food between the United States and Europe, applying legal rather than scientific criteria.","International","International body that regulates global trade rules.","This resulted in a trade dispute which was mediated by the WTO on legal rather than scientific lines."
"European Union (EU)","Organization","Implemented a moratorium on the commercial cultivation of GM crops, applying the precautionary principle to protect the environment.","European Union","Supranational political and economic union of European member states.","The EU placed a moratorium on the commercial growing of GM crops on this basis."
"US Food and Drink Administration (FDA)","Organization","Introduced the scientific criterion of substantial equivalence to assess GM products, shaping the regulatory approach to biotechnology in the United States.","United States","U.S. federal agency responsible for protecting public health through regulation of food and drugs.","the US Food and Drink Administration (FDA) introduced scientific criteria called substantial equivalence to identify how similar new products were to existing ones."
"Greenpeace","NGO","Led the campaign to stop the deep‑sea disposal of the Brent Spar oil‑storage buoy, occupying the buoy, conducting on‑site assessments, and generating media attention that pressured Shell and the UK government.","International","An international environmental organization known for direct-action campaigns to protect the environment.","One of the most high-profile uses of science in an environmental campaign was deployed by Greenpeace to stop the deep-sea disposal of the Brent Spar oil-storage buoy in the North Sea in 1995."
"Shell","Organization","Proposed deep‑sea disposal of the Brent Spar buoy as the preferred environmental option and later withdrew the plan after Greenpeace’s campaign and public pressure.","Netherlands","A multinational oil and gas corporation (Royal Dutch Shell).","The Brent Spar was owned by the Shell oil company."
"UK government","Government","Supported Shell’s technical studies and initially endorsed deep‑sea disposal of the Brent Spar, later faced criticism for its handling of the dispute and for criticizing Greenpeace after the campaign.","United Kingdom","The central government of the United Kingdom.","Its decision was supported by technical studies and by the UK government."
"UK scientists","Other","Represent the scientific community whose evidence is cited in debates over the safety of GM crops, highlighting the ongoing scientific uncertainty that fuels policy disputes.","United Kingdom","Scientists based in the United Kingdom who conduct research on genetically modified (GM) crops.","UK scientists are no nearer to proving that GM crops are safe as protesters have found and destroyed every crop trial attempted since 2000."
"Intergovernmental Panel on Climate Change (IPCC)","Organization","Creates and disseminates climate assessment reports that serve as the scientific basis for policy and governance actions on climate change.","International","International body that assesses climate science and produces assessment reports.","When the IPCC was created, its purpose was to make climate science relevant, understandable and clear."
"Global Climate Coalition","Coalition","Challenged the scientific certainty presented in IPCC publications and opposed policy measures aimed at reducing greenhouse‑gas emissions.","United States","An American industrial grouping formed in the early 1990s to represent the interests of fossil‑fuel and related industries.","For much of the 1990s, the Global Climate Coalition, an American industrial grouping formed shortly after the IPCC, challenged the levels of scientific certainty set out in IPCC publications."
"Wall Street Journal","Organization","Published claims that editorial changes to an IPCC report violated its rules, thereby amplifying challenges to the panel’s credibility.","United States","U.S. newspaper that reported on alleged procedural violations in IPCC reports.","In 1995 the Wall Street Journal picked up and published claims that editorial changes to the second report on the science of climate change were in violation of IPCC rules of procedure and would 'deceive policy makers and the public into believing that the scientific evidence shows human activities ..."
"Fred Singer","Individual","Added scientific authority to a stream of challenges against mainstream climate science and the IPCC’s conclusions.","United States","American physicist and academic known for climate‑skeptic positions.","Academics such as the American physicist Fred Singer (b. 1924) and the Danish statistician Bjørn Lomborg (b. 1965) added scientific authority to a continuous stream of challenges to climate science."
"Bjørn Lomborg","Individual","Provided academic support for critiques of climate‑science consensus and IPCC findings.","Denmark","Danish statistician and author who questions the cost‑effectiveness of many climate policies.","Academics such as the American physicist Fred Singer (b. 1924) and the Danish statistician Bjørn Lomborg (b. 1965) added scientific authority to a continuous stream of challenges to climate science."
"Exxon Mobil","Organization","As a member of the Global Climate Coalition, it was publicly challenged by the Royal Society over its stance on climate science.","United States","Multinational oil and gas corporation, the world’s largest publicly traded energy company.","Direct conflict broke out in 2006 when Exxon Mobil, the world's richest company and a member of the Global Climate Coalition, was challenged in an exchange of letters that became public with the Royal Society, the world's oldest scientific academy."
"Royal Society","Organization","Engaged in a public exchange of letters with Exxon Mobil, defending the integrity of climate science and the IPCC process.","United Kingdom","The United Kingdom’s national academy of sciences, the world’s oldest scientific academy.","Direct conflict broke out in 2006 when Exxon Mobil, the world's richest company and a member of the Global Climate Coalition, was challenged in an exchange of letters that became public with the Royal Society, the world's oldest scientific academy."
"Climatic Research Unit (CRU)","Organization","Produced key temperature datasets used in IPCC assessments; its email correspondence was hacked, leading to public controversy and scrutiny of climate‑science practices.","United Kingdom","Research unit at the University of East Anglia that compiles global temperature records.","The challenge to climate science reached a new peak after approximately 1000 emails from the Climatic Research Unit (CRU) at the University of East Anglia (UEA) were hacked and posted on the internet in November 2009."
"University of East Anglia (UEA)","Organization","Commissioned two independent reviews into the science and conduct of CRU following the email leak.","United Kingdom","British university that houses the Climatic Research Unit.","three independent reviews were commissioned: two by UEA into the science undertaken by CRU and the conduct of scientists involved, and one by the British government."
"British government","Government","Commissioned an independent review of the CRU and later a review of the IPCC after the email controversy.","United Kingdom","The United Kingdom’s central government.","three independent reviews were commissioned: two by UEA into the science undertaken by CRU and the conduct of scientists involved, and one by the British government."
"Daily Telegraph","Organization","Reported on the hostile climate‑science environment, shaping public perception of scientists during the controversy.","United Kingdom","The United Kingdom’s most widely circulated broadsheet newspaper.","the Daily Telegraph, the most widely circulated broadsheet in the UK, summarised the atmosphere of hostility, claiming nobody was listening to scientists any more and describing them as 'white-coated prima donnas and narcissists [...] pointy heads in lab coats [who] have reassumed the role of mad cr..."
"IPCC","Organization","Faces dilemmas in communicating climate science to the public and protecting scientists from political controversy.","None","Intergovernmental Panel on Climate Change, the leading global body for assessing climate science.","How the science of climate change can be communicated to a public audience without being misinterpreted or biased by political arguments is one of the major dilemmas facing the IPCC today."
"Royal Society","Organization","Attempted to produce a plain‑English guide to climate change but was forced to alter its wording after internal complaints, illustrating challenges in science communication.","None","The United Kingdom's national academy of sciences, a learned society promoting scientific excellence.","when the Royal Society attempted to write a plain English guide to climate change, it was forced to change its wording following complaints by some of its own members."
"E. O. Wilson","Individual","Provides a scholarly perspective on how new scientific ideas face resistance before gaining acceptance.","None","Renowned American biologist and naturalist, author of influential works on biodiversity and sociobiology.","The biologist E. O. Wilson (b. 1929) has observed that 'any new idea will take some serious hits', but that if sound, ideas will ultimately survive."
"IPCC lead authors","Other","Their limited engagement with popular media has diluted the voice of scientists in public climate debates.","None","Designated scientists responsible for drafting and explaining IPCC assessment reports.","the absence of IPCC lead authors explaining their findings under IPCC auspices through popular media has diluted the voice of scientists in the public debate."
"Adam Smith","Individual","Highlighted rent from land as a primary source of public revenue, emphasizing the economic importance of natural resources in national wealth.","United Kingdom","Scottish economist and author of *The Wealth of Nations*; foundational figure in classical economics.","In The Wealth of Nations Adam Smith (1723-90) described rent from the use of land, the wages of labour and profits of stock as 'the three original sources of all revenue as well as of all exchangeable value.'"
"David Ricardo","Individual","Shifted economic focus toward wage labour and capital stock, contributing to the marginalisation of land as a factor of production in later economic thought.","United Kingdom","British political economist known for the theory of comparative advantage and contributions to classical economics.","as political economists David Ricardo (1772-1823) and, later, Karl Marx (1818-83) set out their work on economics."
"Karl Marx","Individual","Described land as a 'reservoir' of resources, 'powers of nature' and an 'element of production', linking natural resources to industrial and agricultural processes.","Germany","German philosopher, economist, and revolutionary socialist; author of *Das Kapital*.","Karl Marx described land as providing a 'reservoir' of resources for coal and minerals, as 'powers of nature' driving mills, and as the 'element of production' for agriculture."
"Anne-Robert-Jacques Turgot","Individual","Outlined a law of diminishing returns in agriculture, arguing that land productivity has a maximum limit, thereby linking land availability to population and wealth constraints.","France","French economist and statesman, early proponent of the law of diminishing returns in agriculture.","Anne-Robert-Jacques Turgot (1727-81) outlined a law of diminishing returns in agriculture, arguing that there was a maximum point of land productivity that was impossible to surpass."
"Thomas Malthus","Individual","Argued that population growth would be limited by finite land and food supplies, framing early concerns about environmental limits to human wellbeing.","United Kingdom","British scholar and demographer, author of *An Essay on the Principle of Population*.","an idea forcefully argued by Thomas Malthus (1766-1834) in An Essay on the Principle of Population, as it Affects the Future Improvement of Society (1798), Malthus explained that population growth, driven initially by surplus food production, would eventually be constrained by limits to productive l..."
"William Stanley Jevons","Individual","Warned that improvements in fuel efficiency could paradoxically increase total fuel consumption, an early articulation of the rebound effect in environmental economics.","United Kingdom","British economist and logician, early analyst of resource depletion.","In 1865, William Stanley Jevons (1835-82) published The Coal Question: An Inquiry Concerning the Progress of the Nation, and the Probable Exhaustion of our Coal-mines, in which he argued that improvements in fuel efficiency tended to increase, rather than decrease, fuel use: 'It is a confusion of id..."
"John Stuart Mill","Individual","Championed the concept of a stationary state economy and warned against unlimited economic growth, highlighting the ecological costs of relentless industrial expansion.","United Kingdom","British philosopher, political economist, and civil servant.","John Stuart Mill (1806-73) was among the first economists to treat the environment as more than a unit of land or a means of production. In 1862, he published the Principles of Political Economy with some of their Applications to Social Philosophy, in which he championed the 'stationary state econom..."
"Arthur C. Pigou","Individual","Introduced the concept of negative externalities and argued for government intervention when environmental harms are unrecognised, a cornerstone of modern environmental economics.","United Kingdom","British economist known for work on welfare economics and externalities.","Later economist Arthur C. Pigou (1877-1959) argued that when the detrimental effects of an activity went unrecognised, then the government should intervene."
"International Monetary Fund (IMF)","Organization","Created at the Bretton Woods conference to shape global economic governance, influencing policies that affect environmental and nature‑related outcomes.","International","International financial institution established to ensure post‑war peace and prosperity through economic cooperation.","The meeting led to the establishment of the IMF and the International Bank for Reconstruction and Development (now the World Bank)."
"World Bank (International Bank for Reconstruction and Development)","Organization","Formed at Bretton Woods to guide economic reconstruction, its lending and policy advice impact resource use and environmental sustainability.","International","International development bank founded to provide financial and technical assistance for reconstruction and development.","The meeting led to the establishment of the IMF and the International Bank for Reconstruction and Development (now the World Bank)."
"Harry S. Truman","Government","Established a presidential commission in 1951 to examine future supplies of minerals, energy and agricultural resources, linking economic growth to natural‑resource planning.","United States","President of the United States (1945‑1953).","As early as 1951, President Harry S. Truman (1884-1972) established a presidential commission to examine the future supply of minerals, energy and agricultural resources."
"William Paley","Individual","Led the Paley Commission that produced ""Resources for Freedom: Foundations for Growth and Security,"" highlighting unprecedented natural‑resource use and its economic implications.","United States","Chair of the Paley Commission, author of a five‑volume resource report.","The following year the Paley Commission, chaired by William Paley (1901-90), produced a five-volume report: Resources for Freedom: Foundations for Growth and Security."
"Paley Commission","Organization","Generated a comprehensive report on mineral, energy and agricultural resource trends, informing U.S. policy on resource planning and economic growth.","United States","Presidentially appointed commission chaired by William Paley that studied resource availability.","The following year the Paley Commission, chaired by William Paley (1901-90), produced a five-volume report: Resources for Freedom: Foundations for Growth and Security."
"Henry Fairfield Osborn Jr.","Individual","Contributed early environmental literature that warned of resource depletion, influencing public discourse on nature’s wellbeing.","United States","Conservationist and author of the 1948 book "Our Plundered Planet."","These included Henry Fairfield Osborn Jr's (1887-1969) Our Plundered Planet and William Vogt's (1902-68) Road to Survival, both published in 1948."
"William Vogt","Individual","Provided early warnings about overpopulation and environmental limits, shaping the emerging environmental movement.","United States","Ecologist and author of the 1948 book "Road to Survival."","These included Henry Fairfield Osborn Jr's (1887-1969) Our Plundered Planet and William Vogt's (1902-68) Road to Survival, both published in 1948."
"David Brower","Individual","Suggested that biologist Paul R. Ehrlich write a book linking population growth to the environmental movement, thereby mobilising the conservation community.","United States","Executive Director of the Sierra Club (1912‑2000).","Over a decade later, David Brower (1912-2000), Executive Director of the Sierra Club, suggested to biologist Paul R. Ehrlich (b. 1932) that he summarise in book form the argument that the population issue should be addressed by the environmental movement."
"Sierra Club","NGO","Through its leadership (e.g., David Brower) and advocacy, the club helped bring population and resource issues into the environmental agenda.","United States","Major U.S. environmental non‑governmental organization.","Over a decade later, David Brower (1912-2000), Executive Director of the Sierra Club, suggested to biologist Paul R. Ehrlich (b. 1932) that he summarise in book form the argument that the population issue should be addressed by the environmental movement."
"Paul R. Ehrlich","Individual","Popularised concerns about rapid human population growth and its impact on planetary limits, influencing environmental policy debates.","United States","Biologist and author of "The Population Bomb" (1968).","Over a decade later, David Brower (1912-2000), Executive Director of the Sierra Club, suggested to biologist Paul R. Ehrlich (b. 1932) that he summarise in book form the argument that the population issue should be addressed by the environmental movement."
"Richard Nixon","Government","Delivered a special message to Congress in 1969 highlighting the problems of population growth, linking demographic trends to national policy considerations.","United States","President of the United States (1969‑1974).","Concern over the rate of population growth was already reaching high levels when, in 1969, US President Richard Nixon (1913-94) gave a special message to Congress on 'the problems of population growth'."
"Kenneth E. Boulding","Individual","Challenged the notion of unlimited economic growth by proposing a closed‑economy model that respects planetary resource limits.","None","Economist and author of the 1966 essay "The Economics of the Coming Spaceship Earth".","In his 1966 essay 'The Economics of the Coming Spaceship Earth', Kenneth E. Boulding (1910-93) challenged neoclassical economic ideas of an 'open' economic system without finite resources and a limited assimilative capacity to absorb waste."
"John Kenneth Galbraith","Individual","Critiqued the post‑war focus on production as the primary measure of progress, raising early questions about the sustainability of growth‑centric economies.","United States","American economist and author of "The Affluent Society" (1958).","In The Affluent Society (1958), the American economist John Kenneth Galbraith (1908-2006), reflecting on the continued focus on production as a measure of progress, observed:"
"Ehrlich","Individual","Provided scholarly criticism of growth‑centric metrics and co‑developed the IPAT equation to highlight multiple determinants of environmental impact.","None","Prominent critic of the focus on economic growth as a measure of progress; co‑author of debates on environmental impacts.","Ehrlich and Barry Commoner (b. 1917) became two of the most prominent critics of the focus on economic growth as a measure of progress."
"Barry Commoner","Individual","Served as a leading voice opposing growth‑centric policies and engaged in scholarly debate over technology, population, and affluence.","None","Environmental scholar known for critiquing economic growth and author of *The Closing Circle*.","Ehrlich and Barry Commoner (b. 1917) became two of the most prominent critics of the focus on economic growth as a measure of progress."
"John P. Holdren","Individual","Co‑authored criticism of Commoner's work, contributing to the development and simplification of the IPAT equation.","None","Scientist and colleague of Ehrlich who engaged in critique of Commoner's emphasis on technology.","Ehrlich and his colleague John P. Holdren (b. 1944) accused Commoner of placing too great an emphasis on 'faulty technology' and of underplaying the role of population and affluence."
"Robert F. Kennedy","Individual","Delivered a campaign speech in 1968 that highlighted the shortcomings of GNP and advocated for broader measures of societal wellbeing.","None","U.S. Senator and political leader who publicly challenged the use of gross national product as a progress metric.","In March 1968, Robert F. Kennedy (1925-68) delivered a campaign speech at the University of Kansas where he explained the shortcomings of using gross national product (GNP) to measure progress:"
"Aurelio Peccei","Individual","Co‑initiated the meeting in Rome that led to the founding of the Club of Rome, a focal point for concerns about global resource limits.","None","Industrialist who, together with Alexander King, convened an international group to discuss resource consumption.","In 1968, the industrialist Aurelio Peccei (1908-84) and Scottish scientist Alexander King (1909-2007) invited an international group of professionals from industry, academia and civil society to a villa in Rome."
"Alexander King","Individual","Co‑initiated the gathering that resulted in the creation of the Club of Rome.","None","Scottish scientist who co‑organized the 1968 Rome meeting on resource consumption.","In 1968, the industrialist Aurelio Peccei (1908-84) and Scottish scientist Alexander King (1909-2007) invited an international group of professionals from industry, academia and civil society to a villa in Rome."
"Club of Rome","Organization","Served as the institutional hub for research and advocacy on the interconnections between economic activity and environmental limits, publishing *The Limits to Growth* report.","None","International think‑tank founded in 1968 to study global limits to growth and resource consumption.","Following the meeting, the participants established the Club of Rome as a focal point for their shared concerns."
"Massachusetts Institute of Technology (MIT)","Organization","Provided the scientific and modeling foundation for *The Limits to Growth* report, linking population, production, pollution, and resource use.","None","Leading academic institution whose systems scientists developed the first integrated global model linking economy and environment.","The Club's first report, The Limits to Growth (1972), was underpinned by the work of a group of systems scientists at the Massachusetts Institute of Technology (MIT), who had developed the first integrated global model linking the world economy and the environment."
"Julian Simon","Individual","Publicly disputed the limits‑to‑growth perspective, authoring *The Ultimate Resource* and engaging in a high‑profile wager with Ehrlich on metal prices.","None","Economist and academic who challenged the notion of physical limits to resources and argued for technological substitution.","Julian Simon (1932-98) was among the most prominent academics to challenge the idea that there are physical limits to resources that must ultimately constrain economic growth."
"Kenneth Boulding","Individual","Helped make the resource limitations of the economic system understandable to the wider public, laying conceptual groundwork for ecological economics.","None","Economist who introduced the ‘spaceship Earth’ metaphor to illustrate resource limits.","Boulding's use of the spaceship Earth metaphor made the resource limitations of the economic system understandable to the wider public."
"Nicholas Georgescu‑Roegen","Individual","Developed the entropy‑based critique of economic processes and later dedicated his career to a bio‑economic programme, influencing ecological economics.","None","Mathematical economist who applied thermodynamic principles to economic theory.","the mathematical economist Nicholas Georgescu‑Roegen (1906‑94) applied similar ideas to economic theory."
"Herman E. Daly","Individual","Observed Georgescu‑Roegen’s predictions and later articulated the steady‑state economy as an alternative to conventional growth paradigms.","None","Ecological economist known for the steady‑state economy concept.","As Herman E. Daly (b. 1938) later observed, Georgescu‑Roegen predicted that the need for biofuels would place land for energy crops in competition with land for food."
"Ernst F. Schumacher","Individual","Championed the use of appropriate technology and argued that natural resources should be treated as capital, influencing ecological economics.","None","Economist and author of *Small is Beautiful* who promoted appropriate technology.","This argument was shared by Ernst F. Schumacher (1911‑77), who championed the use of appropriate technology in Small is Beautiful: A Study of Economics as if People Mattered (1973)."
"Robert Costanza","Individual","Further developed the ideas of Georgescu‑Roegen, Boulding and Schumacher within ecological economics.","None","Ecological economist who expanded the field after its early pioneers.","Daly and Robert Costanza (b. 1950) further developed the ideas of their predecessors in ecological economics."
"Marilyn Waring","Individual","Highlighted the need for alternatives to GDP by exposing its methodological flaws and advocating for broader wellbeing metrics.","None","Feminist economist critical of GDP as a measure of wellbeing.","In the 1980s, the need to provide alternatives to the gross domestic product (GDP) was highlighted by feminist economist Marilyn Waring (b. 1952), who criticised the GDP as a system which 'counts oil spills and wars as contributors to economic growth, while child-rearing and housekeeping are deemed ..."
"John B. Cobb","Individual","Constructed an index intended to replace GNP as a measure of economic wellbeing, linking economic and environmental performance.","None","Theologian and economist who co‑created an index of sustainable economic welfare.","Following this, Daly and John B. Cobb (b. 1925) constructed an index of sustainable economic welfare intended to replace GNP as a measure of economic wellbeing."
"World Bank","Organization","Launched a 2010 plan, backed by several governments, to create an accounting measure that places natural wealth alongside traditional financial metrics such as GDP.","None","International financial institution that supports development projects worldwide.","In 2010 the World Bank launched a plan, backed by India, Mexico and a number of other countries, to create an accounting measure that puts the natural wealth of nations alongside financial measurements such as GDP."
"India","Government","Supported the World Bank’s 2010 initiative to develop a natural‑wealth accounting framework.","India","Sovereign state in South Asia.","In 2010 the World Bank launched a plan, backed by India, Mexico and a number of other countries, to create an accounting measure that puts the natural wealth of nations alongside financial measurements such as GDP."
"Mexico","Government","Supported the World Bank’s 2010 initiative to develop a natural‑wealth accounting framework.","Mexico","Sovereign state in North America.","In 2010 the World Bank launched a plan, backed by India, Mexico and a number of other countries, to create an accounting measure that puts the natural wealth of nations alongside financial measurements such as GDP."
"Beaver Committee","Organization","Provided an early monetary estimate of environmental damage to support policy action on air pollution.","None","A committee that conducted an early economic costing of air‑pollution damage in the mid‑1950s.","An early attempt at costing the damage caused by air pollution was made by the Beaver Committee in the mid-1950s"
"Environmental Protection Agency (EPA)","Government","Uses cost‑benefit analysis to evaluate environmental regulations and policies.","USA","U.S. federal agency responsible for environmental regulation and protection.","Agencies responsible for environmental regulations such as the EPA in the USA have used cost-benefit analysis extensively"
"Roskill Commission","Government","Applied social cost‑benefit analysis to justify the location of a new runway, highlighting challenges of valuing environmental impacts.","United Kingdom","A UK government‑appointed commission that examined options for a third runway at London Heathrow in the early 1970s.","When the Roskill Commission proposed a location for a third runway in London in the early 1970s, it used social cost-benefit analysis to support its case."
"Nicholas Georgescu‑Roegen","Individual","Criticised the reliance on price mechanisms for solving environmental problems, influencing ecological economics debates.","USA","Romanian‑American economist known for his critique of applying pure economic methods to environmental policy.","Georgescu‑Roegen was among those who challenged this emphasis on using economic methods to solve environmental policy questions"
"John Holdren","Individual","Advocated for recognizing ecosystem functions as public services, shaping early ecosystem‑services discourse.","USA","American scientist and policy advisor who, together with Paul Ehrlich, promoted the concept of public service functions of the environment.","Holdren and Ehrlich advocated this idea and in an article for American Scientist described the 'public service functions of the environment'."
"Paul Ehrlich","Individual","Co‑advocated the framing of ecosystem functions as public services, influencing later ecosystem‑services frameworks.","USA","American biologist and author who co‑advocated the public service functions of the environment with John Holdren.","Holdren and Ehrlich advocated this idea and in an article for American Scientist described the 'public service functions of the environment'."
"Robert Costanza","Individual","Estimated the monetary value of ecosystem services worldwide, providing a high‑profile quantification of nature’s economic contribution.","USA","Ecological economist who, with colleagues, produced a landmark valuation of global ecosystem services in the late 1980s.","However, in the late 1980s Robert Costanza and colleagues attempted to estimate the value of ecosystem services provided by the Earth's biosphere."
"Massachusetts Institute of Technology (MIT)","Organization","Generated one of the first systematic descriptions of environmental services, seeding the ecosystem‑services concept.","USA","Leading research university in the United States that produced an early report on environmental services in 1970.","An 1970 MIT report of the Study of Critical Environmental Problems, entitled Man's Impact on the Global Environment: Assessment and Recommendations for Action, described nine 'environmental services' that would decline if the functioning of ecosystems were damaged."
"Sir Nicholas Stern","Individual","Provided a high‑profile economic analysis that framed climate change as a massive market failure, influencing international debate and policy discussions on valuing nature and future generations.","United Kingdom","British economist and author of the 2006 Stern Review on the economics of climate change.","In his review of the economics of climate change, Sir Nicholas Stern (b. 1946) described climate change as 'market failure on the greatest scale the world has seen'. The 2006 Stern Review is the most high‑profile example of economic theory presenting the case for environmental action."
"William Nordhaus","Individual","Advanced an alternative economic perspective using higher discount rates, arguing that early climate action may be less cost‑effective, thereby shaping scholarly and policy debates on climate valuation.","United States","American economist known for his work on climate economics and discounting.","Some economists, such as William Nordhaus (b. 1941), use much higher discount rates that lead them to conclude that Stern's approach is inefficient because early action is more expensive than necessary."
"European Union","Government","Implemented a continent‑wide emissions trading scheme, creating a market mechanism to price carbon and incentivize reductions in greenhouse‑gas emissions.","European Union","Supranational political and economic union of European member states.","The EU has established an emissions trading scheme, and the Kyoto Protocol allows for the purchase of emissions‑reduction credits through the Clean Development Mechanism."
"United Nations Environment Programme (UNEP)","Organization","Produced a 2010 report quantifying corporate environmental damage, highlighting the scale of ecological liabilities and informing calls for greater corporate accountability.","International","UN agency that coordinates global environmental assessments and policy guidance.","In 2010, a UNEP report estimated that 3000 listed companies were responsible for US$2.15 trillion worth of environmental damage in 2008, equivalent to 7 per cent of their combined revenues."
"BP","Organization","Served as a high‑profile example of corporate ecological liability through the costly cleanup of the Deepwater Horizon oil spill, illustrating the financial impact of environmental damage.","United Kingdom","British multinational oil and gas company.","The costs incurred by the global oil and gas company BP in cleaning up the 2010 Deepwater Horizon oil spill in the Gulf of Mexico illustrate the real‑world economic impact of ecological liabilities."
"Garrett Hardin","Individual","Introduced a foundational theory on the over‑use of shared resources, shaping environmental discourse on common‑pool management and the need for collective governance.","United States","American ecologist and author of the ‘tragedy of the commons’ concept.","In 1967, Garrett Hardin (1915-2003) developed the notion of the 'tragedy of the commons' where he used the analogy of common grazing land to illustrate that sharing common resources leads to over‑use."
"Garrett Hardin","Individual","His ideas have been used to support the privatisation of commonly owned resources, influencing debates on common‑pool resource governance.","United States","American ecologist and author of the “Tragedy of the Commons” essay.","Hardin's ideas have been used to support the privatisation of commonly owned resources."
"Evo Morales","Individual","Led protests against water privatisation in Cochabamba, which contributed to a political upheaval and his electoral victory in 2003.","Bolivia","Bolivian politician and indigenous peoples' leader who later became president of Bolivia.","When a privately run water company increased the price of water and sanitation in the Bolivian town of Cochabamba, this set in motion a chain of protests against privatisation and a political upheaval that swept the indigenous people's leader Evo Morales (b. 1959) to electoral victory in 2003."
"Elinor Ostrom","Individual","Criticised Hardin’s arguments and advocated for durable, cooperative institutions governed by resource users themselves.","United States","Nobel‑Prize‑winning economist known for her work on the governance of common‑pool resources.","The Nobel Prize-winning economist Elinor Ostrom (b. 1933) has argued that Hardin's work has been used to rationalise central government control of all common pool resources such as fisheries, groundwater basins and irrigation systems, and to paint a disempowering and pessimistic picture of the human..."
"Franklin D. Roosevelt","Individual","Cited as a historical precedent for large‑scale economic stimulus programmes such as the Global Green New Deal.","United States","32nd President of the United States (1933‑1945) who introduced the New Deal.","US President Franklin D. Roosevelt's (1882-1945) response to the 1929 Great Depression was a series of economic programmes called the New Deal, which focused on relief, recovery and reform."
"United Nations Environment Programme (UNEP)","Organization","Instigated the Global Green New Deal (GGND) initiative in December 2008, proposing an economic stimulus package aimed at environmental recovery and poverty reduction.","International","UN agency coordinating global environmental policy and programmes.","Following in his footsteps, UNEP instigated the Global Green New Deal (GGND) initiative in December 2008."
"World Bank","Organization","Supported a shift toward large‑scale private‑sector water resource management in the developing world.","International","International financial institution that provides loans and advice to developing countries.","the World Bank and others have supported a move towards large-scale private sector water resource management."
"Gordon Brown","Individual","Hosted the G20 London Summit in April 2009 to discuss the international response to the financial crisis and the green growth agenda.","United Kingdom","Then Labour Prime Minister of the United Kingdom (born 1951).","UK's then Labour Prime Minister Gordon Brown (b. 1951) held the G20 London Summit to discuss the international response to the financial crisis."
"G20","Coalition","Pledged to enhance global climate initiatives, improve energy security, phase out fossil fuel subsidies, and support green stimulus measures.","None","A forum of the world’s major economies that coordinates policy responses.","At the September 2009 Pittsburgh Summit, the G20 further pledged to enhance global climate change initiatives, improve energy security and phase out fossil fuel subsidies as well as reduce the vulnerability of the world's poor."
"United Kingdom","Government","Allocated roughly 11 % of its fiscal stimulus to green investments and launched a ‘Green economy’ budget in April 2009.","United Kingdom","National government of the United Kingdom.","The UK devoted approximately 11 per cent of its US$3.9 billion fiscal stimulus to green investments as well as launching a 'Green economy' budget in April 2009."
"United States of America","Government","Adopted the American Recovery and Reinvestment Act, which included measures for retrofitting buildings, expanding mass transit, renewable energy, and a smart grid.","United States","National government of the United States.","In February 2009, the USA adopted a US$78.5 billion American Recovery and Reinvestment Act, which included measures to retrofit buildings and expand mass transit, freight rail and renewable energy as well as construct a 'smart' electrical grid transmission system."
"China","Government","Allocated 3 % of its GDP to green stimulus, positioning itself for competitiveness in clean technology and reducing dependence on foreign oil.","China","National government of the People’s Republic of China.","Only China (3 per cent) ... devoted a sizeable proportion of fiscal spending to a green stimulus, ... ensuring they are better placed to be competitive in the clean technology market and to reduce their national deficits and dependency on foreign oil."
"South Korea","Government","Allocated 5 % of its GDP to green stimulus, using it as a long‑term commitment to clean technology and energy security.","South Korea","National government of the Republic of Korea.","Only China (3 per cent) and South Korea (5 per cent) devoted a sizeable proportion of fiscal spending to a green stimulus, followed by the EU (0.9 per cent) and the USA (0.9 per cent)."
"European Union","Organization","Contributed 0.9 % of its GDP to green stimulus as part of the G20 collective effort.","None","Supranational political and economic union of European member states.","followed by the EU (0.9 per cent) and the USA (0.9 per cent)."
"Edward B. Barbier","Individual","Critiqued the G20 for not delivering a worldwide green recovery and called for measures to reduce market distortions and improve environmental pricing.","None","Consultant on the Green Growth and Development (GGND) agenda.","Edward B. Barbier, a consultant on the GGND, has argued that the G20 failed to instigate a worldwide green recovery, and called for further measures to reduce market distortions such as the fossil fuel subsidies and develop effective environmental pricing policies and regulations."
"United Nations Environment Programme (UNEP)","Organization","Published the report ‘Towards a Green Economy: Pathways to Sustainable Development and Poverty Eradication’ to advocate green investment worldwide and support preparations for Rio+20.","None","UN agency that coordinates global environmental activities and policy advice.","In February 2011, UNEP published Towards a Green Economy: Pathways to Sustainable Development and Poverty Eradication, which further advocated green investment on a global scale."
"Pavan Sukhdev","Individual","Described global fossil fuel subsidies as a ‘gross misallocation of capital’ and promoted investment of 2 % of global GDP in green sectors.","None","Head of UNEP’s green economy work.","Pavan Sukhdev, head of UNEP's green economy work, described existing economic measures, such as the US$600 billion a year spent on global fossil fuel subsidies, as a 'gross misallocation of capital'."
"World Bank","Organization","Acts as a key test of acceptance for persuasive green‑economy ideas; its actions can validate or block the adoption of policies that account for nature’s wellbeing.","International","A multinational financial institution that funds development projects worldwide.","multinational institutions such as the World Bank"
"Brazil","Government","Invests heavily in green energy, demonstrating governmental commitment to linking the green economy with poverty reduction and ecological sustainability.","Brazil","One of the leading global economies mentioned as investing heavily in the green energy sector.","Leading global economies such as Brazil and China are already investing heavily in the green energy sector."
"China","Government","Invests heavily in green energy, showcasing governmental action toward integrating ecological goals with economic development.","China","One of the leading global economies mentioned as investing heavily in the green energy sector.","Leading global economies such as Brazil and China are already investing heavily in the green energy sector."
"Tim Jackson","Individual","Advocates for a different kind of economy that prioritises ecological limits and human flourishing, influencing the discourse on decoupling growth from environmental degradation.","None","Author of *Prosperity Without Growth* (2009) and a prominent scholar in ecological economics.","In Prosperity Without Growth (2009), Tim Jackson argues that a different kind of economy is essential for a different kind of prosperity"
"Ralph Nader","Individual","Published a seminal book that exposed the car industry's resistance to reducing vehicle pollution and improving safety, sparking consumer‑advocacy movements that link transportation to environmental health.","United States","American consumer advocate and author of *Unsafe at Any Speed* (1965).","In 1965, Ralph Nader (b. 1934) published Unsafe at Any Speed, which examined the reluctance of the car industry to improve both vehicle pollution and safety."
"Victor Lebow","Individual","Highlighted how television became a ‘powerful weapon’ for producers, shaping consumer habits that later intersect with environmental consumption patterns.","United States","Marketing consultant and author who wrote about the power of television advertising.","Writing in the 1955 Journal of Retailing, marketing consultant Victor Lebow acknowledged that television was a 'powerful weapon' for producers."
"British Broadcasting Corporation (BBC)","Organization","Controlled the early TV landscape in Britain, influencing public exposure to environmental and consumer messages before commercial competition emerged.","United Kingdom","The United Kingdom’s public service broadcaster that held a monopoly over television broadcasting until the mid‑1950s.","Two years later, the BBC's monopoly of television came to an end when the first independent television station, ITV, went on air."
"Independent Television (ITV)","Organization","Introduced television advertising to British audiences, accelerating consumer culture and the marketing of environmentally relevant products and messages.","United Kingdom","The first independent commercial television network in the United Kingdom.","ITV introduced television advertising to a British audience."
"Bulova","Organization","Pioneered TV advertising, exemplifying how commercial media began shaping consumer preferences that later intersect with environmental concerns.","United States","American watchmaker whose advertisement was the first televised commercial in the United States.","The first US television advertisement, for watchmaker Bulova, had been broadcast twelve years earlier and an industry was already developing around this advertising medium."
"Post‑war Labour government (United Kingdom)","Government","Continued wartime rationing policies into the post‑war era, influencing public attitudes toward resource scarcity and laying groundwork for later environmental awareness.","United Kingdom","The UK Labour administration that governed Britain in the immediate post‑World War II period.","As European countries began to rebuild their economies, the post‑war Labour government continued rationing, and it was not until July 1954 that all food rationing in the UK came to an end."
"J. K. Galbraith","Individual","Highlighted the imbalance between private wealth and environmental effects, helping to raise early academic and public awareness of consumption‑driven ecological damage.","United States","American economist and author of *The Affluent Society* (1956).","The economist J. K. Galbraith (1908-2006) eloquently identified the imbalance between the new-found private wealth and its environmental effects in his book The Affluent Society (1956)."
"Gaylord Nelson","Individual","Proposed the first Earth Day on 22 April 1970, catalyzing a nationwide teach‑in and mass participation that embedded environmental issues in public consciousness.","United States","U.S. Senator from Wisconsin (1916‑2005) and environmental advocate.","A year after the moon landing, US senator Gaylord Nelson (1916-2005) proposed the first Earth Day on 22 April 1970."
"Richard Nixon","Individual","Acknowledged growing public awareness of environmental problems in his first State of the Union address, signaling federal recognition of the issue.","United States","42nd President of the United States (1913‑1994).","After Earth Day, US President Richard Nixon (1913-94), in his first State of the Union address, acknowledged a growing public awareness of environmental issues when he stated:"
"Sir Fred Hoyle","Individual","Predicted that seeing Earth from space would permanently change humanity’s perspective, influencing the emerging environmental worldview.","United Kingdom","British astronomer and author (1915‑2001).","Twenty-four years earlier, British astronomer Sir Fred Hoyle (1915-2001) had predicted that, when spaceflight enabled us to see the whole of Earth from space, the view would change us forever."
"CBS News","Organization","Produced the primetime special report “Earth Day: A Question of Survival,” disseminating information about the inaugural Earth Day to a wide audience.","United States","American television news division of the Columbia Broadcasting System.","Media coverage included a primetime CBS News Special Report called Earth Day: A Question of Survival."
"Keep America Beautiful (KAB)","Organization","Launched the iconic 'Crying Indian' campaign (1971) and later the Clean Community System; publicly opposed state bottle‑deposit bills to shape litter‑control policy.","United States","A U.S. nonprofit founded in 1953 by corporate and civic leaders to promote a national cleanliness ethic and reduce litter through public education and advertising.","In 1971, Keep America Beautiful (KAB) launched the 'Crying Indian' public announcement campaign... KAB was founded in 1953 by a group of US corporate and civic leaders... In 1974, the State of California proposed a similar bill but KAB publicly opposed it, and a year later launched the Clean Communi..."
"State of Oregon","Government","Passed the landmark Bottle Bill in 1971, establishing a deposit system to reduce litter and conserve resources.","United States","The U.S. state government of Oregon.","the State of Oregon's landmark Bottle Bill became law in spite of intense lobbying by container and beverage industries."
"State of California","Government","Proposed a bottle‑deposit bill in 1974 that was publicly opposed by Keep America Beautiful.","United States","The U.S. state government of California.","In 1974, the State of California proposed a similar bill but KAB publicly opposed it..."
"Ecology Center","Organization","Launched a recycling demonstration project in 1973 that became a model for municipal recycling programmes.","United States","A U.S. action‑oriented environmental organization based in Berkeley, California.","In 1973, the Ecology Center, a US action‑orientated organisation, launched a recycling demonstration project in Berkeley, California collecting newspapers..."
"Stanley Race","Individual","Introduced the UK’s first bottle bank in Barnsley, South Yorkshire, to demonstrate the viability of glass recycling.","United Kingdom","President of the Glass Manufacturers' Federation in the United Kingdom during the late 1970s.","the bottle bank was introduced by Stanley Race, then president of the Glass Manufacturers' Federation..."
"Glass Manufacturers' Federation","Organization","Supported the introduction of the first bottle bank in Barnsley and promoted glass recycling initiatives.","United Kingdom","A UK industry association representing glass manufacturers.","the bottle bank was introduced by Stanley Race, then president of the Glass Manufacturers' Federation..."
"South Yorkshire County Council","Government","Set the trend for glass recycling in the UK by operating the Barnsley bottle bank and collecting 5,000 tonnes of glass in six months.","United Kingdom","The former county council governing South Yorkshire, England.","South Yorkshire County Council went on to set the trend for glass recycling in the UK."
"German Green Party","Organization","Mobilised thousands of elected local councillors in the 1980s to establish kerbside recycling collections across Germany.","Germany","A political party in Germany focused on environmental issues and sustainability.","The German Green Party had thousands of elected local councillors who worked to establish kerbside recycling collections."
"Organization of the Petroleum Exporting Countries (OPEC)","Organization","Its oil export embargo triggered an oil crisis that raised public attention to energy use and spurred governmental energy‑conservation campaigns.","International","International intergovernmental organization of oil-exporting countries.","the Organization of the Petroleum Exporting Countries (OPEC)"
"UK Government","Government","Introduced national energy‑conservation campaigns such as the 'Save it' and 'Are you doing your bit?' campaigns to promote public energy saving.","United Kingdom","The central government of the United Kingdom.","the government to introduce a national 'Save it' campaign"
"British Gas","Organization","Example of a privatised British industry that contributed to the shift toward consumer‑driven market decisions.","United Kingdom","Former state‑owned utility company in the United Kingdom, privatised in the 1980s.","British Gas"
"British Telecom","Organization","Illustrates the broader privatisation of British industries that underpinned the rise of consumer sovereignty.","United Kingdom","Former state‑owned telecommunications company in the United Kingdom, privatised in the 1980s.","British Telecom"
"British Rail","Organization","Part of the suite of privatised British industries that shifted responsibility for environmental outcomes toward individual consumers.","United Kingdom","Former state‑owned railway operator in the United Kingdom, privatised in the 1980s.","British Rail"
"Barclays Bank","Organization","Withdrew from South Africa after international boycotts, demonstrating the impact of consumer‑led ethical campaigns on corporate behaviour.","United Kingdom","Major British multinational bank.","Barclays Bank pulling out of South Africa"
"Benetton","Organization","Ceased animal testing in response to environmental campaign group boycotts, showing corporate change driven by consumer activism.","Italy","Italian clothing company.","Benetton clothing company stopping animal testing"
"Nestlé","Organization","Adopted an international code for marketing baby‑milk substitutes after pressure from consumer and environmental campaigns.","Switzerland","Swiss multinational food and beverage corporation.","Nestlé adopting an international code when marketing baby milk substitutes"
"Friends of the Earth UK (UK FoE)","NGO","Published consumer‑awareness pamphlets, organised boycotts of CFC‑based aerosols, and influenced manufacturers to phase out CFCs.","United Kingdom","British environmental non‑governmental organisation.","the UK FoE published a pamphlet"
"Jonathon Porritt","Individual","Commented on the power of consumer awareness and highlighted the influence of high‑profile figures on industry behaviour.","United Kingdom","British environmentalist and former Director of Friends of the Earth UK.","the FoE Director, Jonathon Porritt (b. 1950)"
"Prince of Wales","Individual","Publicly announced personal ban on aerosols, signalling to manufacturers that consumer pressure could affect sales.","United Kingdom","Title of the heir apparent to the British throne (Charles III at the time of the text).","the Prince of Wales declared that he had banned all aerosols from his household"
"John Elkington","Individual","Co‑authored *The Green Consumer Guide*, promoting green consumerism and encouraging individuals to use purchasing power for environmental outcomes.","United Kingdom","British sustainability author and business strategist.","John Elkington (b. 1949)"
"Julia Hailes","Individual","Co‑authored *The Green Consumer Guide*, helping to popularise green consumer choices.","United Kingdom","British author and environmental campaigner.","Julia Hailes (b. 1961)"
"Margaret Thatcher","Individual","Implemented deregulation policies that reshaped markets, indirectly influencing the context in which green consumerism emerged.","United Kingdom","Prime Minister of the United Kingdom (1979‑1990).","UK Prime Minister Margaret Thatcher"
"Ronald Reagan","Individual","Implemented deregulation policies alongside the UK, contributing to the broader economic environment that facilitated consumer‑driven environmental activism.","United States","President of the United States (1981‑1989).","US President Ronald Reagan"
"EDF","NGO","Joined other environmental groups in a consumer‑action campaign targeting McDonald's for its waste production.","United States","U.S. environmental group (Environmental Defense Fund) that campaigns on environmental issues.","In 1988, the US environmental groups EDF, Earth Action Network and Kids Against Pollution attacked McDonald's, the largest US fast-food chain, for the amount of rubbish it produced."
"Earth Action Network","NGO","Participated in the 1988 consumer‑action campaign against McDonald's over non‑recyclable waste.","United States","U.S. environmental organization that coordinates activism and policy advocacy.","In 1988, the US environmental groups EDF, Earth Action Network and Kids Against Pollution attacked McDonald's, the largest US fast-food chain, for the amount of rubbish it produced."
"Kids Against Pollution","NGO","Co‑led the 1988 campaign that sent back used McDonald's wrappers and organized school‑children demonstrations.","United States","Youth‑focused environmental advocacy group in the United States.","In 1988, the US environmental groups EDF, Earth Action Network and Kids Against Pollution attacked McDonald's, the largest US fast-food chain, for the amount of rubbish it produced."
"McDonald's","Organization","Target of consumer‑action campaigns that pressured the company to replace polystyrene clamshells with paper‑based packaging.","United States","The largest U.S. fast‑food chain, known globally for its hamburgers and fries.","In 1988, the US environmental groups EDF, Earth Action Network and Kids Against Pollution attacked McDonald's, the largest US fast-food chain, for the amount of rubbish it produced."
"Anita Roddick","Individual","Founded The Body Shop in 1976, establishing a brand that linked natural beauty products with environmental activism.","United Kingdom","British entrepreneur and founder of The Body Shop, a pioneer of ethical retail.","In 1976, Anita Roddick (1942-2007) founded The Body Shop in Brighton, UK to sell natural beauty products."
"The Body Shop","Organization","Sponsored Greenpeace posters, supported community‑trade products, and launched a ‘Save the whale’ window campaign in collaboration with Greenpeace.","United Kingdom","International cosmetics retailer founded in the UK, known for its ethical sourcing and environmental campaigns.","The Body Shop appealed to the environmentally conscious consumer by sponsoring Greenpeace posters and supporting community trade products."
"Greenpeace","NGO","Partnered with The Body Shop on the ‘Save the whale’ campaign and received sponsorship for its posters.","International","Global environmental organization that conducts campaigns on climate, oceans, forests and toxic pollution.","In 1986 it created its own window campaign, 'Save the whale', in collaboration with Greenpeace."
"European Union","Government","Introduced a voluntary Ecolabel scheme in 1992 to help consumers identify green products and encourage businesses to advertise environmental credentials.","European Union","Supranational political and economic union of European member states.","With a lack of standards, green‑minded consumers found it difficult to distinguish between superficially similar products... one way of addressing this was through labelling, and the EU introduced a voluntary Ecolabel scheme in 1992."
"Tesco","Organization","Announced in 2007 that it would label 70,000 products with carbon‑footprint details and cut store emissions by 75 %.","United Kingdom","British multinational supermarket chain, one of the largest retailers in the UK.","In 2007, Britain's leading businesses responded to a resurging green trend, with the supermarket chain Tesco announcing it would be labelling 70,000 products with details of its carbon footprint, and that it would cut carbon emissions from its stores by 75 per cent."
"Marks & Spencer","Organization","Launched a £200 million ‘Plan A’ programme aimed at achieving carbon neutrality through energy reduction and increased recycled‑material product lines.","United Kingdom","British multinational retailer known for clothing, food and home goods.","Marks & Spencer launched a £200 million 'Plan A' programme to make the company carbon neutral by cutting energy consumption and stocking more products from recycled materials."
"Fortune magazine","Organization","Provided data (via a 1989 Gallup poll) showing that a majority of its listed executives believed customers would pay more for recyclable packaging.","United States","American business publication that produces the Fortune 500 list and other industry rankings.","A 1989 Gallup poll found that 58 per cent of Fortune magazine's 500 list of business executives believed their customers would pay more for products with recyclable packaging or components."
"Jacques Cousteau","Individual","Raised public awareness of marine life through television, contributing to early environmental consciousness.","France","French oceanographer and filmmaker who hosted the 1966 US broadcast of *The Undersea World of Jacques Cousteau*.","The 1966 US broadcast of The Undersea World of Jacques Cousteau brought life under the seas to public attention for the very first time. Cousteau (1910-97) ..."
"David Bellamy","Individual","Helped popularise natural history on television, influencing public perception of nature.","United Kingdom","British TV botanist featured after Cousteau in the same era.","Cousteau (1910-97) was to be followed by UK TV botanist David Bellamy (b. 1933) ..."
"David Attenborough","Individual","Revolutionised viewers' perspectives of the natural world through groundbreaking documentaries.","United Kingdom","British naturalist and broadcaster who produced the 1979 documentary *Life on Earth*.","... and naturalist David Attenborough (b. 1926). In 1979, Attenborough produced a highly acclaimed documentary, Life on Earth ..."
"Paul Newman","Individual","Used celebrity status to draw attention to environmental activism during early Earth Day events.","United States","American actor who participated in the 1970 Earth Day celebration.","US actors Paul Newman (1925-2008) and Ali McGraw (b. 1939) took part in the 1970 Earth Day celebration at Union Square in New York City."
"Ali McGraw","Individual","Joined other celebrities in promoting environmental awareness at Earth Day.","United States","American actor who participated in the 1970 Earth Day celebration.","US actors Paul Newman (1925-2008) and Ali McGraw (b. 1939) took part in the 1970 Earth Day celebration at Union Square in New York City."
"Pete Seeger","Individual","Contributed musical performances to raise environmental consciousness.","United States","American folk singer who performed at an early Earth Day‑related event in Washington, DC.","Folk singer Pete Seeger (b. 1919) was one of a number of artists who performed at a similar event in Washington, DC."
"Sting","Individual","Mobilised celebrity influence and resources to support indigenous land rights and rainforest protection.","United Kingdom","British musician who founded the Rainforest Foundation International in 1989.","In 1989, British musician Sting (b. 1951) founded the Rainforest Foundation International with his wife Trudie Styler (b. 1954) and Belgian film-maker Jean-Pierre Dutilleux."
"Trudie Styler","Individual","Co‑founded an NGO that campaigns for rainforest and indigenous rights.","United Kingdom","British actress/producer and wife of Sting; co‑founder of the Rainforest Foundation International.","In 1989, British musician Sting (b. 1951) founded the Rainforest Foundation International with his wife Trudie Styler (b. 1954) ..."
"Jean-Pierre Dutilleux","Individual","Helped establish an NGO focused on rainforest conservation and indigenous advocacy.","Belgium","Belgian filmmaker who co‑founded the Rainforest Foundation International.","... and Belgian film-maker Jean-Pierre Dutilleux."
"Raoni Metuktire","Individual","Partnered with Sting and the Rainforest Foundation International to secure legal recognition of indigenous territory.","Brazil","Kayapo indigenous leader from Brazil who campaigned for land rights in the Amazon.","The Foundation responded to the request of Kayapo indigenous leader Raoni Metuktire, who joined Sting in an international campaign to support their fight for the right to own their own land in the Brazilian state of Amazonas."
"Rainforest Foundation International","NGO","Advocates for the rights of rainforest‑dependent peoples and works to protect forest ecosystems worldwide.","International","International non‑governmental organization founded by Sting, Trudie Styler and Jean‑Pierre Dutilleux.","In 1989, British musician Sting (b. 1951) founded the Rainforest Foundation International with his wife Trudie Styler (b. 1954) and Belgian film-maker Jean-Pierre Dutilleux."
"Julia Roberts","Individual","Used celebrity visibility to highlight climate change and promote sustainability messaging.","United States","American actress featured on the May 2006 *Vanity Fair* “Green Issue” cover.","The cover featured Hollywood movie stars Julia Roberts (b. 1967) and George Clooney (b. 1961), and politicians Al Gore (b. 1948) and Robert Kennedy Jr (b. 1954)..."
"George Clooney","Individual","Helped draw public attention to environmental issues through high‑profile media exposure.","United States","American actor featured on the May 2006 *Vanity Fair* “Green Issue” cover.","The cover featured Hollywood movie stars Julia Roberts (b. 1967) and George Clooney (b. 1961), and politicians Al Gore (b. 1948) and Robert Kennedy Jr (b. 1954)..."
"Al Gore","Individual","Advocated for climate action, produced the documentary *An Inconvenient Truth*, and used political stature to promote sustainability.","United States","Former U.S. Vice President and environmental advocate featured on the 2006 *Vanity Fair* “Green Issue”.","The cover featured Hollywood movie stars Julia Roberts (b. 1967) and George Clooney (b. 1961), and politicians Al Gore (b. 1948) and Robert Kennedy Jr (b. 1954)..."
"Robert Kennedy Jr","Individual","Leveraged public platform to raise awareness of climate change and environmental justice.","United States","American environmental attorney and activist featured on the 2006 *Vanity Fair* “Green Issue”.","The cover featured Hollywood movie stars Julia Roberts (b. 1967) and George Clooney (b. 1961), and politicians Al Gore (b. 1948) and Robert Kennedy Jr (b. 1954)..."
"Annie Leibovitz","Individual","Created iconic visual imagery linking celebrities with environmental messaging.","United States","American portrait photographer who shot the 2006 *Vanity Fair* “Green Issue” cover.","The four celebrities were photographed by American portrait photographer Annie Leibovitz (b. 1949) and posed Hollywood‑style in front of a mossy, ivied backdrop."
"Vanity Fair","Organization","Provided a mainstream media platform for celebrity‑driven environmental communication.","United States","U.S. magazine that published a dedicated “Green Issue” in May 2006 to highlight environmental concerns.","In May 2006, US Vanity Fair, a magazine of popular culture, fashion and politics, reflected popular environmental awareness when it published its 'Green Issue'."
"U.S. Democratic Party","Organization","Through its prominent members, the party has supported climate‑change advocacy and related media productions.","United States","American political party; Al Gore served as its Vice President.","In 2006, former US Democratic Party Vice President Al Gore's long-standing interest in environmental issues led him to produce the Oscar‑winning documentary An Inconvenient Truth."
"Leonardo DiCaprio","Individual","Used his celebrity platform to educate audiences about climate change, deforestation, and other environmental crises.","United States","American actor who produced and narrated the 2007 documentary *The 11th Hour*.","In 2007, US actor Leonardo DiCaprio (b. 1974) produced and narrated the feature film documentary The 11th Hour on the state of the natural environment."
"Franny Armstrong","Individual","Created a climate‑change narrative film to mobilise public concern and action.","United Kingdom","British environmental campaigner who produced the 2009 film *The Age of Stupid*.","In 2009 British environmental campaigner Franny Armstrong (b. 1972) produced the film The Age of Stupid..."
"Pete Postlethwaite","Individual","Portrayed a future devastated by climate change, helping to dramatise the urgency of environmental action.","United Kingdom","British actor who starred in *The Age of Stupid*.","The Age of Stupid stars British actor Pete Postlethwaite (1946-2011), who depicted a man living alone in the devastated world of 2055..."
"Al Gore","Individual","Initiated the global Live Earth concert series to promote large‑scale climate action.","United States","Former U.S. Vice President and climate advocate, known for the documentary *An Inconvenient Truth*.","Following on the success of An Inconvenient Truth, Gore set out to sell the importance of action on climate change on an epic scale through a global series of Live Earth concerts."
"Franny Armstrong","Individual","Founded the 10:10 campaign to encourage individuals, businesses and organisations to cut carbon emissions.","United Kingdom","Director of the documentary *The Age of Stupid* and climate campaigner.","The Age of Stupid's director Franny Armstrong also used her film as a starting point for further campaigning on climate change."
"Public Interest Research Centre","Organization","Published the *Climate Safety* report that called for a 10 % emissions reduction in the developed world, inspiring the 10:10 campaign.","United Kingdom","UK‑based research institute that produces policy‑relevant reports on environmental issues.","In 2008, the Public Interest Research Centre's report Climate Safety concluded the need for a 10 per cent reduction in the developed world's emissions by the end of 2010."
"10:10 campaign","Coalition","Mobilises individuals, businesses and organisations worldwide to commit to short‑term emissions cuts.","United Kingdom (origin), global","International climate‑action campaign encouraging a 10 % reduction in carbon emissions over a ten‑day period.","This inspired Armstrong to found the 10:10 campaign, which encouraged individuals, businesses and organisations to commit to reducing their carbon emissions."
"Vivienne Westwood","Individual","Created the ‘Active Resistance’ project to link fashion with humanitarian and environmental engagement and promoted anti‑fast‑fashion messages.","United Kingdom","British fashion designer and activist.","In 2005, the designer Vivenne Westwood (b. 1941) set up 'Active Resistance' as a project to encourage engagement with humanitarian and environmental issues."
"Anya Hindmarch","Individual","Designed a high‑visibility reusable cotton bag for Sainsbury's to promote an ‘eco‑chic’ fashion trend.","United Kingdom","British bag designer and entrepreneur.","In 2007, bag designer Anya Hindmarch (b.1968) designed an unbleached £5 cotton bag with 'I am not a plastic bag' written on it for Sainsbury's supermarket."
"Sainsbury's","Organization","Distributed the Anya Hindmarch reusable bag, helping to popularise sustainable consumer products.","United Kingdom","Major UK supermarket chain.","In 2007, bag designer Anya Hindmarch (b.1968) designed an unbleached £5 cotton bag with 'I am not a plastic bag' written on it for Sainsbury's supermarket."
"HRH Prince Charles, Prince of Wales","Individual","Promoted organic agriculture, launched the Duchy Originals brand, set household carbon‑reduction targets, and addressed European and public audiences on climate leadership.","United Kingdom","Heir to the British throne and long‑time environmental advocate.","HRH Prince Charles, Prince of Wales (b. 1948) has long had an interest in green issues and the natural environment."
"Duchy Originals","Organization","Provides natural, organic products while supporting countryside and wildlife conservation.","United Kingdom","Organic food brand founded by Prince Charles.","In 1990, he launched his own organic brand, Duchy Originals, which embodies the Prince of Wales's commitment to producing natural, organic products while helping to protect and sustain the countryside and wildlife."
"European Parliament","Government","Venue for Prince Charles's 2008 speech calling for EU leadership in the fight against climate change.","European Union","Legislative body of the European Union.","Following this, in his first speech to the European Parliament on 14 February 2008, the Prince called for EU leadership in the war against climate change."
"BBC","Organization","Hosted Prince Charles's 2009 lecture on the necessity of behavioural change to mitigate climate impacts.","United Kingdom","British public service broadcaster.","He also used a 2009 BBC lecture to argue that it is essential that people change their behaviour to stop the effects of climate change."
"Live Earth","Organization","Staged simultaneous concerts on seven continents in 2007 to call for worldwide climate action.","International","Global series of concerts launched to raise awareness of climate change.","The 2007 Live Earth concert called for worldwide action to combat climate change across seven continents, and was broadcast in 132 countries."
"Ronald Inglehart","Individual","Provided the conceptual definition linking post‑materialist values to greater receptivity toward environmental issues.","None","Political scientist who defined the phenomenon of post‑materialism.","Ronald Inglehart (b. 1934) defined this phenomenon as 'post-materialism'."
"Union Carbide","Organization","Its gas tragedy served as a high‑profile environmental disaster that heightened public awareness and concern for environmental issues.","None","Multinational chemical corporation involved in a major gas disaster in India.","the Union Carbide gas tragedy in India"
"Exxon Valdez","Organization","The oil spill became a landmark environmental incident that contributed to rising public attention to environmental problems.","None","Oil tanker owned by Exxon Mobil that caused a large oil spill in Alaska.","the Exxon Valdez oil spill"
"Time magazine","Organization","Declared 'Endangered Earth' as the 'Planet of the Year', thereby amplifying media coverage of environmental concerns.","None","U.S. news magazine.","US Time magazine declared 'Endangered Earth' as the 'Planet of the Year' instead of its usual man or woman of the year."
"European Union","Government","Commissioned and published a 2009 study on European public attitudes toward climate change, providing evidence that informs environmental movements, governments, and businesses about public perception and the need for action.","European Union","A supranational political and economic union of European member states that conducts research and policy analysis on continental issues.","A 2009 EU study found that two-thirds of Europeans felt the climate is a very serious problem."
"Yale University","Organization","Conducted a 2010 study of U.S. public attitudes toward climate change, uncovering knowledge gaps and trust levels that shape how the environmental movement, government, and businesses approach public education and policy.","United States","A private research university in the United States known for interdisciplinary studies, including environmental and climate research.","A 2010 Yale University study of US public attitudes to climate change found that 63 per cent of Americans believed that global warming is happening."
"Elmer Wheeler","Individual","Provided a historical marketing analogy that is referenced to critique current environmental communication strategies.","United States","US salesman who advised businesses on a marketing approach known as "Don't sell the sausage, sell the sizzle!" in the 1940s.","In the 1940s, US salesman Elmer Wheeler advised businesses on his 'Don't sell the sausage, sell the sizzle!' marketing approach."
"Futerra","Organization","Authored a report arguing that climate campaigns need to focus on a positive, appealing vision of a greener life to re‑engage the public and media.","None","A sustainability communications consultancy that produced the report "Sizzle: The New Climate Message".","A report by the sustainability communications consultancy Futerra, Sizzle: The New Climate Message, argues that in order to reinvigorate public and media interest, campaigns need to focus on a vision of a greener life that is positive and appealing to all."
