Name,Definition,Significance,Domain,Supporting_Text
"Gaia hypothesis","A theory proposing that the Earth functions as a self‑regulating, living system.",,"","James Lovelock develops his Gaia hypothesis"
"The Limits to Growth","A seminal model/report that analyses the consequences of exponential economic and population growth within a planet with finite resources.",,"","Club of Rome publishes The Limits to Growth"
"Tragedy of the Commons","An argument describing how individuals, acting in their own self‑interest, can deplete shared resources, leading to collective loss.",,"","Garrett Hardin publishes 'The Tragedy of the Commons'"
"The Affluent Society","A critique of post‑war consumerism that highlights the disparity between private affluence and public squalor.",,"","US economist J. K. Galbraith publishes The Affluent Society"
"The Entropy Law and the Economic Process","A theoretical framework linking the second law of thermodynamics (entropy) to economic activity, arguing that economic processes inevitably increase disorder.",,"","Nicholas Georgescu‑Roegen publishes The Entropy Law and the Economic Process"
"Small is Beautiful","A philosophy advocating for appropriate scale in technology and economics, emphasizing human well‑being over large‑scale growth.",,"","E. F. Schumacher publishes Small is Beautiful"
"Post‑Scarcity Anarchism","A political theory envisioning a society where abundance eliminates the need for hierarchical authority and coercive institutions.",,"","Murray Bookchin publishes Post‑Scarcity Anarchism"
"Only One Earth","A vision emphasizing the singular, finite nature of the planet and the necessity of sustainable stewardship.",,"","Barbara Ward publishes Only One Earth"
"The Closing Circle","A work presenting an ecological worldview that integrates environmental limits with social and economic systems.",,"","Barry Commoner publishes The Closing Circle"
"Sustainable Development","A policy framework aimed at integrating environmental considerations into development, as reflected by the establishment of a UK Commission on Sustainable Development.",,"","2000 UK Commission on Sustainable Development is established"
"Eco‑labelling scheme","A voluntary labeling system introduced by the European Union to indicate the environmental performance of products.",,"","European Union introduces a voluntary Eco‑labelling scheme"
"Buy Nothing Day","An anti‑consumerist campaign launched in the United States encouraging people not to purchase goods for a day.",,"","Anti‑consumerist 'Buy Nothing Day' is launched in the USA"
"Ecosystem services","The benefits provided by ecosystems that can be quantified and valued economically, as attempted by Robert Costanza and colleagues.",,"","Economist Robert Costanza and colleagues attempt to value ecosystem services"
"Green political party","A political party centered on environmental issues, exemplified by Sweden's Miljépartiet de Gréna, the country's first green party.",,"","Miljépartiet de Gréna is established as Sweden's first green political party"
"environmentalism","A sense of concern for the environment held by hundreds of millions of people, encompassing the belief that the environment should be championed, looked after and protected, and influencing government...",,"","The term 'environmentalism' encompasses a sense of concern for the environment held by hundreds of millions of people across the world."
"wilderness preservation","A recognised strand of modern environmental thinking that focuses on protecting untouched natural areas.",,"","Recognised strands of modern environmental thinking include, but are not limited to, wilderness preservation, wildlife protection, resource conservation, human ecology, eco-feminism, eco-theology, eco-psychology, deep ecology, radical ecology, environmental justice, sustainable development and green..."
"wildlife protection","A recognised strand of modern environmental thinking that aims to safeguard animal species and their habitats.",,"","Recognised strands of modern environmental thinking include, but are not limited to, wilderness preservation, wildlife protection, resource conservation, human ecology, eco-feminism, eco-theology, eco-psychology, deep ecology, radical ecology, environmental justice, sustainable development and green..."
"resource conservation","A recognised strand of modern environmental thinking that seeks to use natural resources sustainably and avoid wasteful depletion.",,"","Recognised strands of modern environmental thinking include, but are not limited to, wilderness preservation, wildlife protection, resource conservation, human ecology, eco-feminism, eco-theology, eco-psychology, deep ecology, radical ecology, environmental justice, sustainable development and green..."
"human ecology","A recognised strand of modern environmental thinking that studies the relationships between humans and their natural environment.",,"","Recognised strands of modern environmental thinking include, but are not limited to, wilderness preservation, wildlife protection, resource conservation, human ecology, eco-feminism, eco-theology, eco-psychology, deep ecology, radical ecology, environmental justice, sustainable development and green..."
"eco‑feminism","A recognised strand of modern environmental thinking that links ecological concerns with feminist perspectives.",,"","Recognised strands of modern environmental thinking include, but are not limited to, wilderness preservation, wildlife protection, resource conservation, human ecology, eco-feminism, eco-theology, eco-psychology, deep ecology, radical ecology, environmental justice, sustainable development and green..."
"eco‑theology","A recognised strand of modern environmental thinking that integrates religious or spiritual views with ecological stewardship.",,"","Recognised strands of modern environmental thinking include, but are not limited to, wilderness preservation, wildlife protection, resource conservation, human ecology, eco-feminism, eco-theology, eco-psychology, deep ecology, radical ecology, environmental justice, sustainable development and green..."
"eco‑psychology","A recognised strand of modern environmental thinking that explores the psychological relationship between humans and the natural world.",,"","Recognised strands of modern environmental thinking include, but are not limited to, wilderness preservation, wildlife protection, resource conservation, human ecology, eco-feminism, eco-theology, eco-psychology, deep ecology, radical ecology, environmental justice, sustainable development and green..."
"deep ecology","A recognised strand of modern environmental thinking that advocates for the intrinsic value of all living beings, independent of their utility to humans.",,"","Recognised strands of modern environmental thinking include, but are not limited to, wilderness preservation, wildlife protection, resource conservation, human ecology, eco-feminism, eco-theology, eco-psychology, deep ecology, radical ecology, environmental justice, sustainable development and green..."
"radical ecology","A recognised strand of modern environmental thinking that calls for fundamental systemic change to address ecological crises.",,"","Recognised strands of modern environmental thinking include, but are not limited to, wilderness preservation, wildlife protection, resource conservation, human ecology, eco-feminism, eco-theology, eco-psychology, deep ecology, radical ecology, environmental justice, sustainable development and green..."
"environmental justice","A recognised strand of modern environmental thinking that focuses on the fair distribution of environmental benefits and burdens across different communities.",,"","Recognised strands of modern environmental thinking include, but are not limited to, wilderness preservation, wildlife protection, resource conservation, human ecology, eco-feminism, eco-theology, eco-psychology, deep ecology, radical ecology, environmental justice, sustainable development and green..."
"sustainable development","A recognised strand of modern environmental thinking that seeks to meet present needs without compromising the ability of future generations to meet theirs.",,"","Recognised strands of modern environmental thinking include, but are not limited to, wilderness preservation, wildlife protection, resource conservation, human ecology, eco-feminism, eco-theology, eco-psychology, deep ecology, radical ecology, environmental justice, sustainable development and green..."
"green consumerism","A recognised strand of modern environmental thinking that encourages purchasing decisions that are environmentally friendly.",,"","Recognised strands of modern environmental thinking include, but are not limited to, wilderness preservation, wildlife protection, resource conservation, human ecology, eco-feminism, eco-theology, eco-psychology, deep ecology, radical ecology, environmental justice, sustainable development and green..."
"Global Green New Deal","A UNEP‑launched initiative that seeks to mobilise economic and social policies toward a greener, more sustainable future.",,"","UNEP launches a Global Green New Deal"
"Prosperity Without Growth","A paradigm proposing that societies can achieve wellbeing and prosperity without continuous economic growth.",,"","Tim Jackson publishes Prosperity Without Growth"
"green economy","An economic model that integrates environmental sustainability into production, consumption, and policy, as highlighted in UNEP’s report.",,"","UNEP publishes Towards a Green Economy report"
"Environmentalism","A set of ideas about how humanity should organise itself and interact with its environment, taken up in many forms across generations and continents.",,"","Each strand of modern environmental thinking brings its own set of ideas about how humanity should organise itself and interact with its environment… environmentalism has been taken up in many forms across generations and the continents of the world."
"Modern environmental thought","The early beginnings and latest ideas of contemporary environmental thinking that have developed over the past sixty years.",,"","As far as possible, the early beginnings of modern environmental thought are covered, as well as the very latest ideas and events."
"Environmental governance","Global structures and processes that manage environmental issues at the international level.",,"","Each chapter of Environmentalism since 1945 tells the story of a different aspect of environmentalism, starting with campaigns and campaign groups, then covering global environmental governance, science, economics and popular culture."
"Tragedy of the Commons","A principle describing how shared resources are over‑exploited when individuals act in their own self‑interest, leading to collective loss.",,"","'The Tragedy of the Commons' (Garrett Hardin, 1968) raised wider anxieties about the future of the planet."
"Limits to Growth","A systems‑based model that argues planetary resources and ecological capacity have finite limits, warning of potential collapse if growth continues unchecked.",,"","The Limits to Growth (Meadows et al., 1972) raised wider anxieties about the future of the planet."
"Small is Beautiful","A philosophical stance advocating that smaller, decentralized, and human‑scale economic and technological solutions are more sustainable and humane.",,"","Small is Beautiful (E. F. Schumacher, 1973) sketched out green alternatives."
"Blueprint for Survival","A vision proposing systemic changes to protect the environment and ensure human survival, outlining alternative, sustainable pathways.",,"","'A Blueprint for Survival' (The Ecologist, 1972) sketched out green alternatives."
"Green alternatives","Alternative approaches to development and technology that prioritize ecological sustainability and minimize environmental harm.",,"","'A Blueprint for Survival' (The Ecologist, 1972) and Small is Beautiful (E. F. Schumacher, 1973) sketched out green alternatives."
"Environmental concern","Long‑standing ideas and worries about humanity’s relationship with nature, tracing back to ancient thinkers.",,"","although the concept of the environment is relatively new, ideas and concern about humanity's relationship with nature are centuries old."
"Environmental activity","The surge of actions, campaigns, and movements aimed at protecting the environment, which did not create entirely new ideas but amplified existing ones.",,"","the explosion of environmental activity did not represent the creation of an entirely new set of ideas."
"Environmentalism","A contemporary movement characterized by the establishment of new institutions, professional campaign groups, and governmental agencies aimed at addressing environmental issues such as pesticide use a...",,"","Finally, the history of contemporary environmentalism has been marked by the establishment of new institutions. Campaigns on issues such as pesticide use and nuclear testing led to the development of a new breed of professional campaign groups which have become the public face of environmentalism."
"Environmental movement","A social movement that emerged in the 1960s, mobilising public opinion and pressuring governments and businesses to act on environmental concerns, and that has grown increasingly diverse and complex o...",,"","Over the past fifty years there has been an unprecedented growth in public concern for the environment. The 1960s saw a surge in environmental activity driven by transformative social, cultural and political events. This resulted in the emergence of a new social movement that furthered the environme..."
"Environmental campaign groups","Professional, often international, organisations founded in the 1960s that address a broad set of environmental issues beyond traditional wildlife and wilderness protection.",,"","The new breed of international environmental campaign groups founded at this time took on a set of environmental issues that went beyond the narrower wildlife and wilderness protection interests of earlier groups."
"Moral entrepreneurship","The practice by a new generation of campaign groups of framing environmental issues as moral imperatives, thereby raising public awareness and shaping environmental debates.",,"","The moral entrepreneurship of this new generation of campaign groups increased public awareness of environmental issues and helped to define and shape a wide range of environmental debates."
"Community‑based offshoots of the environmental movement","Distinct, locally rooted groups that formed in the 1980s and 1990s as a response to globalization, representing a diversification of the broader environmental movement.",,"","the 1980s and 1990s saw the formation of distinct, community‑based offshoots of the environmental movement, in part as a response to globalisation."
"National property (as a landscape concept)","A framing of scenic landscapes as a collective right and interest of all people, emphasizing aesthetic, recreational, and moral claims to natural spaces.",,"","Groups were formed to protect landscapes for their aesthetic and recreational value and to preserve access to, and enjoyment of, scenic landscapes as a 'national property, in which every man has a right and interest who has an eye to perceive and a heart to enjoy'."
"Modern environmental movement","A new and distinctive social movement that emerged in the 1960s, linking social and environmental concerns such as war, nuclear testing and chemical pesticides, and giving rise to numerous campaign gr...",,"","This rebellious period in history provided the backdrop for the birth of the modern environmental movement. Individuals made links between social and environmental concerns, such as war, nuclear testing and chemical pesticides."
"Counterculture","A cultural phenomenon of the 1960s characterised by an increasingly widespread tendency to question established values and institutions, driven by a new generation of young people.",,"","In the USA, growing opposition to the nuclear bomb, the Vietnam War and the use of chemical herbicide defoliants known as Agent Orange coincided with the emergence of a counterculture and an increasingly widespread tendency to question established values and institutions."
"New Left","A political current in France during the 1960s that attempted to overthrow the government, representing a broader opposition to the state and industrial society.",,"","In France, the New Left attempted to overthrow the government."
"Green political parties","Newly formed political parties in Europe that contested elections while also acting as campaign groups for environmental issues.",,"","In Europe, new green political parties were formed that contested elections but also acted as campaign groups."
"Social movement (environmental)","A loosely connected, large, young, educated and idealistic constituency concerned with peace, civil rights and global environmental destruction, emerging in the 1960s‑1970s.",,"","This loosely connected movement represented a large, young, educated and idealistic constituency, equally concerned about issues of peace, civil rights and global environmental destruction."
"environmental movement","A collective effort, especially in the United States, that uses lawsuits and legislative battles to protect the environment and influence policy.",,"","Over the next forty years, law suits and legislative battles were to become a key feature of the US environmental movement."
"throwaway society","A societal condition characterized by wastefulness and the prevalence of disposable, non‑returnable products.",,"","FoE UK launched its first campaign against non-returnable bottles, linked to a wider message about the wastefulness of a throwaway society."
"green politics","A political orientation that explicitly links social and environmental agendas, often leading to the formation of new political parties focused on ecological issues.",,"","Green politics was becoming more explicit as campaigners linked social and environmental agendas to create new political parties across Europe."
"environmental politician","A self‑identified political actor whose primary focus is on environmental issues and advocacy.",,"","Tom Burke, Director of FoE UK (1975-79), described himself as an 'environmental politician'."
"green parties","Political parties whose platforms prioritize ecological sustainability, environmental protection, and related social policies.",,"","Sweden's Miljöpartiet de grõna was among the first green parties to secure national electoral success in Europe."
"counter power","The role of European campaign groups in acting as an alternative or oppositional force to mainstream political parties.",,"","During the 1970s and 1980s, European campaign groups began to establish themselves as a counter power to the main political parties."
"social and environmental agendas","The combined set of policy goals that address both societal welfare and ecological sustainability.",,"","Green politics was becoming more explicit as campaigners linked social and environmental agendas to create new political parties across Europe."
"grassroots democracy","A commitment to decision‑making power residing with local communities and bottom‑up participation in political processes.",,"","most were committed to grassroots democracy, non-violence and social justice."
"non-violence","A principle of rejecting the use of force in political activism and social change.",,"","most were committed to grassroots democracy, non-violence and social justice."
"social justice","A normative goal of achieving equitable distribution of resources, rights and opportunities within society.",,"","most were committed to grassroots democracy, non-violence and social justice."
"traditional models of economic growth","Conventional growth‑oriented economic paradigms that prioritize GDP expansion over ecological and social considerations.",,"","challenge traditional models of economic growth"
"reduced‑hour working week","An advocacy for shortening the standard weekly work hours as a means to improve work‑life balance and reduce over‑production.",,"","called for a reduced-hour working week"
"anti‑nuclear movement","A social movement opposed to the development and use of nuclear power and related technologies.",,"","In 1980s West Germany, the anti-nuclear movement was almost identical to the environmental movement"
"environmental movement","A broad social movement focused on protecting the natural environment and addressing ecological degradation.",,"","In 1980s West Germany, the anti-nuclear movement was almost identical to the environmental movement"
"transboundary pollution","Pollution that crosses national borders, affecting multiple countries and requiring coordinated international responses.",,"","reflected an understanding of transboundary pollution"
"habitat destruction","The loss or degradation of natural habitats, posing a threat to wildlife and biodiversity.",,"","growing recognition of habitat destruction and the threat it posed to wildlife"
"global environmental campaigns","High‑profile advocacy actions organized by environmental organisations that aim to influence policy and public opinion on a worldwide scale.",,"","By the 1970s, a new breed of environmental organisation had emerged that led high-profile environmental campaigns aimed at a global impact."
"green political parties","Political parties whose platforms prioritize ecological sustainability, environmental protection, and often integrate social‑justice and participatory‑democracy values.",,"","Green political parties established themselves throughout Europe"
"Fundraising strategies","New methods developed to raise funds for environmental action, introduced by WWF as part of its modern campaign approach.",,"","What made WWF a thoroughly modern campaign group was its focus on the need to raise funds for environmental action, and as a consequence it developed new fundraising strategies."
"Emotional appeals","A communication tactic that uses emotionally charged images of attractive animals to engage a broad public audience and encourage donations.",,"","By using mainly emotional appeals focusing on attractive animals, WWF found a way of engaging a broad section of the public and succeeded in raising large sums of money."
"Quaker philosophy of bearing witness","A philosophical stance rooted in Quaker tradition that emphasizes passive resistance and the presence of campaigners at sites of environmental problems as a form of moral testimony.",,"","The Quaker philosophy of bearing witness, demonstrating passive resistance by placing campaigners at the scene of environmental problems has been fundamental to Greenpeace campaigns ever since."
"Direct action approach","A tactic of confronting environmental issues through immediate, often confrontational, physical interventions, such as blockades or protests, rather than solely through lobbying or advocacy.",,"","Governments did not always tolerate Greenpeace's direct action approach, especially with regard to the issues of whaling and nuclear tests."
"Environmental justice","A framing of environmental issues that links pollution and hazardous waste siting to racial discrimination, emphasizing the need to address social, economic and environmental inequities, especially fo...",,"","The environmental justice movement emerged against a backdrop of wider public concern over environmental pollution in the USA, but was framed by the issue of racial discrimination."
"Environmental racism","The pattern whereby race is the strongest predictor of the siting of hazardous waste facilities, leading to disproportionate environmental burdens on poor or Black communities.",,"","In 1987, the United Church of Christ's Commission for Racial Justice published *Toxic Wastes and Race*. The study found that race was the strongest variable in predicting the siting of waste facilities. This galvanised the movement nationally to oppose environmental racism."
"Anti‑roads movement","A UK‑based grassroots movement that arose in response to planning decisions favoring private or governmental interests over community interests, drawing on countercultural roots and direct‑action tact...",,"","The UK anti‑roads movement had strong countercultural roots and drew on a long tradition of direct action in the country. Many participants were influenced by tactics used by Greenpeace, Earth First! and the peace movement, including the women's peace camps at the Royal Air Force Base at Greenham Co..."
"Global countercultural movement (1990s)","A worldwide coalition of established and grassroots groups that linked social, economic and environmental justice concerns to global economic and trade agreements, emerging from the 1980s‑1990s grassr...",,"","Both the US environmental justice movement and the UK anti‑roads movement shared a lack of confidence in established environmental groups to address the issues that were important to them. This led to new and distinctive coalitions and campaign tactics that contributed to the development of the 1990..."
"Environmental justice","A movement that has expanded from an anti‑toxics focus to address broader issues such as public health, transport, land use, the link between income and pollution exposure, and the ability of local co...",,"","Nowadays the US environment justice movement has moved beyond an anti-toxics focus to include wider issues, including public health, transport and land use. ... The relationship between income (rather than race) and pollution exposure is a real issue in many countries, as is the ability of local com..."
"Anti‑roads movement","A single‑issue campaign that emerged in the early 1990s, supported by a wide range of groups inside and outside the environmental movement, aiming to oppose large‑scale road‑building programmes throug...",,"","The UK anti‑roads movement is an example of a single‑issue campaign that was supported by a wide range of groups from inside and outside the environmental movement. It emerged in the early 1990s with renewed public interest in the environment. ... A feature of many of the UK road protests was an all..."
"Direct action","A non‑violent tactic employed by activist groups that involves physically occupying, locking onto trees, digging tunnels, and otherwise disrupting target activities to raise the financial and reputati...",,"","By occupying and locking themselves to trees, digging tunnels and doing everything they could to disrupt road‑building operations, they developed a new public image of the modern environmentalist. They also showed that campaign groups with limited resources and few links to the political establishme..."
"Buy Nothing Day","An anti‑consumerist day first launched in the USA in 1992 that encapsulated the ideals of the emerging countercultural movement.",,"","The anti‑consumerist Buy Nothing Day, first launched in the USA in 1992, encapsulated the ideals of this countercultural movement."
"global counterculture","A worldwide anti‑establishment movement of the 1990s that incorporated environmental issues and was distrustful of global brands and multinational corporations.",,"","In the 1990s, environmental issues once again become widely incorporated in a growing anti‑establishment movement that was distrustful of global brands and multinational corporations."
"anti‑globalisation movement","A loosely coordinated, broad‑based movement that linked social, economic and environmental issues and organised large‑scale street protests against institutions such as the IMF, World Bank and WTO.",,"","The anti‑globalisation protests of the late 1990s had distinctive organisational features. They were loosely coordinated, involved a broad range of participants, and linked together a wide range of social, economic and environmental issues."
"independent media centre","A self‑organised media platform that allows anyone to upload news and reports from protest events, used notably during the 1989 WTO Seattle protests.",,"","When activists established an independent media centre for anyone to upload news and reports from the 1989 WTO Seattle protests, the website received over a million hits over a couple of days."
"anti‑roads movement","A social movement opposed to road building projects, whose veterans participated in the Global Street Party during the 24th G8 summit in Birmingham, UK.",,"","In 1998, veterans of the anti‑roads movement and Reclaim the Streets participated in the Global Street Party that coincided with the twenty‑fourth G8 summit in Birmingham in the UK."
"Reclaim the Streets","A grassroots activist network that, together with veterans of the anti‑roads movement, took part in the Global Street Party during the 24th G8 summit.",,"","In 1998, veterans of the anti‑roads movement and Reclaim the Streets participated in the Global Street Party that coincided with the twenty‑fourth G8 summit in Birmingham in the UK."
"Internet activism","Activism that can be undertaken from the comfort of home, is cheap, easy and effective, and involves mobilising online supporters worldwide to create and share campaign material.",,"","Internet activism can be undertaken from the comfort of home, and is cheap, easy and effective. In 2006, Greenpeace launched the Green My Apple campaign ... it now mobilises internet activists across the globe to support its campaigns."
"Environmental movement","A collective of professional campaign groups and broader public awareness focused on environmental issues, characterized by high awareness but limited mass commitment, internal disagreements over visi...",,"","The professional campaign groups that are closely associated with the environmental movement provide some coordination, but also compete for attention, funding and support. There is high public awareness of environmental issues, but less mass commitment to taking action and sustained campaigning."
"Sustainable development","A development paradigm promoted by environmental groups that seeks to meet present needs without compromising the ability of future generations to meet theirs, pursued through partnerships with corpor...",,"","Forum for the Future (est. 1996) promotes its work on sustainable development through partnerships with organisations such as BT, Tesco and Unilever."
"Partnership approach","A strategic model in which environmental organisations collaborate with governments and corporations rather than relying on individual membership recruitment, aiming to embed conservation into busines...",,"","Over the past thirty years, some environmental groups have shifted their focus from recruiting members of the public to establishing partnerships with governments and corporations... Groups tackling a wide range of environmental issues now take this approach and are not supported by individual membe..."
"Counter‑movement","An organised opposition to environmental causes that takes many forms, often industry‑led, and can garner popular support.",,"","In several countries, and in the USA in particular, countermovements have been established to oppose environmental causes. The counter‑movement has taken many forms, including the Wise Use Movement and the Global Climate Coalition."
"Wise Use Movement","A countermovement, typically industry‑led, that opposes environmental regulation and promotes the use of natural resources for economic development.",,"","The counter‑movement has taken many forms, including the Wise Use Movement and the Global Climate Coalition."
"Global Climate Coalition","An industry‑led coalition that coordinates opposition to climate‑related environmental policies and regulations.",,"","The counter‑movement has taken many forms, including the Wise Use Movement and the Global Climate Coalition."
"Low‑carbon economy","An economic system aimed at reducing carbon emissions, characterised by a transition away from fossil‑fuel‑intensive activities toward cleaner energy and production methods.",,"","The Act aims to enable the UK to make the transition to a low‑carbon economy."
"Legally binding targets","Enforceable emission‑reduction goals set by law, requiring specific percentages of greenhouse‑gas cuts by a defined deadline.",,"","the 2008 Climate Change Act, which set the world's first legally binding targets to reduce six greenhouse gases by 80 per cent by 2050 compared with a 1990 baseline."
"Forest carbon projects","Conservation initiatives that generate measurable and verifiable carbon‑emission reductions through forest management, while also delivering biodiversity and community benefits.",,"","the Noel Kempff project ... serves as an example of how well‑designed forest carbon projects can result in real, scientifically measurable and verifiable emissions reductions with important benefits for biodiversity and local communities."
"Carbon scam","A critical label applied to a forest carbon initiative that is alleged to falsely claim scientifically quantifiable carbon‑emission reductions and sustainable community benefits.",,"","Greenpeace published the findings of its investigation ... It described the project as a 'carbon scam', contradicted claims that it produced scientifically quantifiable carbon emissions reductions, and called into question whether it had provided sustainable benefits and alternative livelihoods to l..."
"The Big Ask campaign","A climate‑focused campaign launched to demand strong and fair climate laws that introduce binding annual cuts in greenhouse‑gas emissions across the UK and later across Europe.",,"","Thom Yorke (b. 1968), lead singer of the music group Radiohead, launched The Big Ask campaign on 25 May 2005... A total of eighteen European countries became part of The Big Ask campaign, demanding strong and fair climate laws which will introduce binding annual cuts in greenhouse gas emissions."
"binding annual cuts in greenhouse gas emissions","A policy principle calling for legally required yearly reductions (e.g., 3 % per year) in carbon dioxide emissions, making the cuts enforceable and measurable.",,"","On the same day, a Parliamentary petition (Early Day Motion 178) opened calling for new legislation requiring annual cuts in carbon dioxide emissions of 3 per cent... demanding strong and fair climate laws which will introduce binding annual cuts in greenhouse gas emissions."
"cap-and-trade system","A market‑based mechanism that sets an overall cap on emissions and requires companies in the energy and transport sectors to obtain emission allowances in order to emit greenhouse gases.",,"","The Bill is based on a 'cap-and-trade' system - a market-based mechanism that sets a cap on overall emissions and then requires companies in the energy and transport sectors to obtain emission allowances to emit greenhouse gases."
"Stop Climate Chaos coalition","A coalition of mainly environmental and international development NGOs that coordinated campaigns such as the I Count campaign and organized climate‑change rallies to urge governments to introduce cli...",,"","FoE also joined a climate change coalition of mainly environmental and international development NGOs. The Stop Climate Chaos coalition ran the I Count campaign and organised a climate change rally in London to urge the government to introduce a climate change bill."
"Transition Towns movement","A community‑led response to climate change and peak oil that raises awareness of green living, with over 250 transition towns and cities spanning twelve countries.",,"","In the UK, the Transition Towns movement has provided a community‑led response to climate change and peak oil. There are over 250 transition towns and cities, spanning twelve countries, working to raise awareness of green living."
"Interfaith Power and Light network","A religious‑based network that provides a faith‑oriented response to climate change.",,"","In the USA, the Interfaith Power and Light network has provided a religious response to climate change."
"MoveOn network","A progressive network with approximately 3 million members in the USA that has consistently made energy and environmental issues a campaign priority since 2003.",,"","The progressive MoveOn network has approximately 3 million members across the USA, and since 2003 has consistently made energy and environmental issues a campaign priority."
"Avaaz","A web‑based campaign community that uses the MoveOn model and claims 3.3 million members across 192 countries, campaigning on a wide range of social, economic and environmental issues, including clima...",,"","Avaaz, a web‑based campaign community, uses the model pioneered by MoveOn. It claims 3.3 million members across 192 countries, and campaigns on a wide range of social, economic and environmental issues, including climate change."
"350 campaign","A global climate‑change campaign that sought to limit atmospheric carbon dioxide to 350 parts per million, organising a worldwide day of action with thousands of demonstrations.",,"","In 2009, the campaign group 350 organised the single largest international campaign on climate change. The campaign focused on achieving 350 parts per million of carbon dioxide, as levels above this figure would accelerate climate change. Through the internet and other media channels, the 350 campai..."
"Environmental movement","A contemporary social movement that emerged from early nature‑conservation efforts, evolving through post‑war public awareness of pollution and anti‑consumerism, and characterised by campaign slogans,...",,"","This chapter has examined the emergence of contemporary environmentalism as a new social movement from its early beginnings in nature conservation to the rise of a global anti‑consumerism counter‑culture... The ability of the environmental movement to bring about change through targeted campaigns ha..."
"Anti‑consumerism counter‑culture","A global cultural trend that opposes consumerist values and has been linked to the rise of contemporary environmentalism.",,"","This chapter has examined the emergence of contemporary environmentalism as a new social movement from its early beginnings in nature conservation to the rise of a global anti‑consumerism counter‑culture."
"Issue‑attention cycle","A pattern whereby environmental problems gain public and media prominence after scientific discovery, receive a burst of attention and action, then fade as interest wanes, often leaving the issue unre...",,"","The rise and fall of public interest in environmental issues has been described as an 'issue‑attention cycle'. Typically, environmental problems come to prominence due to scientific discovery, and campaign groups demand rapid action, but the problem is costly and difficult to address. Over time, the..."
"Green living","A lifestyle approach that emphasizes environmentally friendly practices, promoted by transition towns to raise public awareness.",,"","There are over 250 transition towns and cities, spanning twelve countries, working to raise awareness of green living."
"Green coalition","A collaborative alliance of environmental groups and the wider movement that seeks to secure a worldwide call for action, providing power and legitimacy, introducing new ideas and tactics, and empower...",,"","environmental groups and the wider movement will have to work together in a 'green coalition' to secure a worldwide call for action. A new global generation of grassroots groups will be central to providing the power and legitimacy this green coalition needs."
"Global environmental governance","The modern era of coordinated international environmental policy and decision‑making facilitated by the United Nations through conferences and agreements that shape the global environmental agenda.",,"","This provided a catalyst for the introduction of multilateral environmental agreements (MEAs) and initiated the modern era of global environmental governance."
"Multilateral Environmental Agreements (MEAs)","International treaties and accords introduced after the 1972 UN Conference on the Human Environment to collectively address environmental problems.",,"","This provided a catalyst for the introduction of multilateral environmental agreements (MEAs) and initiated the modern era of global environmental governance."
"Resource security and sovereignty","The dual concern of ensuring reliable access to natural resources (resource security) while protecting nations' rights to control and manage those resources (resource sovereignty).",,"","developed world economies focused on resource security and scarcity while newly emerging countries sought to protect resource sovereignty."
"Permanent sovereignty over natural resources","A UN declaration affirming that developing nations have the right to control, exploit, and market their own natural resources.",,"","In 1962 developing nations, led by Chile, secured a UN Declaration on Permanent Sovereignty over Natural Resources."
"G77/China grouping","A coalition of developing countries formally established in the late 1960s to harmonise negotiating priorities and link global environmental concerns with development agendas.",,"","By the late 1960s, a G77/China grouping was formally established to harmonise the negotiating priorities of developing countries."
"Human environment","The overall quality of the environment as it directly affects human physical, mental and social well‑being, dignity and basic human rights.",,"","the General Assembly adopted resolution 2398 (XXIII) convening the UNCHE and noting the '[...] continuing and accelerating impairment of the quality of the human environment' and its 'consequent effects on the condition of man, his physical, mental and social well‑being, his dignity and his enjoymen..."
"Environmental governance","The system of international cooperation, policies, and institutions that guide collective action to address environmental problems.",,"","The conference generated a degree of enthusiasm for environmental action that has had a lasting influence on global environmental governance."
"International environmental law‑making","The process of creating binding or non‑binding legal instruments at the global level to regulate environmental protection and resource use.",,"","UNCHE also led to the establishment of the UN Environment Programme (UNEP) and provided momentum for an intensive period of international environmental law‑making."
"Environment‑development linkage","The conceptual connection that links environmental protection priorities with development goals, emphasizing that environmental issues are relevant to economic and social development.",,"","The outcome of these discussions was The Founex Report on Development and Environment (1971), which clearly set out the link between environment and development priorities and helped to convince developing countries that environmental issues were relevant to their situation."
"environmental ethic","An ethic intended to be instilled in specialised UN agencies through information, persuasion and direct funding, guiding them toward environmentally responsible actions.",,"","the USA proposing a smaller unit within the UN system that would instil an environmental ethic in other specialised agencies via information, persuasion and direct funding."
"global interdependence","The idea that environmental and development agendas are mutually linked worldwide, emphasizing that challenges cannot be solved solely at national or regional levels.",,"","high‑profile international reports ... reinforced the idea of global interdependence."
"multilateral engagement","Cooperation among multiple nations on a wide range of international issues such as security, development, the monetary system, environmental protection, energy, and the control of space and ocean reso...",,"","The Commission made a case for multilateral engagement on a wide range of international issues."
"global economic order","The worldwide system of economic relations and structures that the 1980 North‑South report sought to restructure in order to align developmental and environmental interests.",,"","The 1980 North‑South report outlined a comprehensive strategy for restructuring the global economic order and reinforced the extent of mutual interests on developmental and environmental issues."
"North‑South paradigm","A conceptual framework describing the relationship and cooperation between developed (the North) and developing (the South) countries, as reflected in the Brandt Commission’s reports.",,"","The membership of the Brandt Commission strongly represented the developing world... It published two reports, North‑South: A Program for Survival (1980) and Common Crisis North‑South: Cooperation for World Recovery (1983)."
"environmental agenda","The set of global priorities and actions concerning the environment that UNEP was created to give a voice to within the UN system.",,"","UNEP was created to provide a global voice for the environmental agenda within the UN system."
"development agenda","The collection of goals and policies aimed at fostering economic and social progress, which UNEP and UNCHE began to link with environmental concerns.",,"","The UNCHE and UNEP started to address the links between the environment and development agendas."
"structural adjustment programmes","Economic policy packages imposed by the IMF and World Bank as conditions for lending and development aid, later shown to have harmful social and environmental impacts.",,"","Developing countries ... were presented with IMF‑ and World Bank‑imposed structural adjustment programmes as a condition for lending and for development aid."
"free market consensus","A US‑led prevailing economic ideology that promoted market‑based solutions, contrasting with the recommendations of the Brandt reports.",,"","a US‑led free market consensus mapped out a different set of actions."
"sustainable development","Development that meets the needs of the present without compromising the ability of future generations to meet their own needs; it integrates environmental protection, economic growth, and social equi...",,"","To do this it defined the requirements for 'sustainable development', a concept that had been introduced seven years earlier in the World Conservation Strategy (1980) published by a coalition of UN agencies and environmental groups. ... It defined sustainable development as: 'development that meets ..."
"Sustainable development","Efforts to promote development that balances environmental protection with socio‑economic goals, with a particular emphasis on eradicating poverty as an overriding priority.",,"","member states called for sustainable development efforts to focus on the eradication of poverty as an overriding priority"
"Agenda 21","A global plan of action to promote sustainable development, described as the most comprehensive and, if implemented, effective programme of action ever sanctioned by the international community.",,"","a global plan of action to promote sustainable development called Agenda 21"
"Rio Declaration on Environment and Development","A set of principles that define the rights and responsibilities of states regarding the environment and development.",,"","the Rio Declaration on Environment and Development, which set out a series of principles defining the rights and responsibilities of states"
"Statement of Forest Principles","Guidelines intended to support the sustainable management of the world’s forests.",,"","a Statement of Forest Principles to support the sustainable management of the world's forests"
"Global Forum","A catalyst for civil‑society networking and concerted transnational advocacy that provided a model for other global conferences.",,"","The parallel Global Forum had been a catalyst for civil society networking and concerted transnational advocacy, and provided a model for other global conferences"
"WEHAB","An action‑plan framework covering Water and sanitation, Energy, Health, Agriculture and Biodiversity.",,"","the summit concentrated on an action plan of deliverables across the areas of water and sanitation, energy, health, agriculture and biodiversity (WEHAB)"
"Millennium Development Goals (MDGs)","A set of eight international development goals adopted by the United Nations to address extreme poverty, education, gender equality, child mortality, maternal health, disease, environmental sustainabi...",,"","there was a deliberate attempt to connect WEHAB to the Millennium Development Goals (MDGs)"
"New Partnership for Africa's Development (NEPAD)","An African development initiative aimed at fostering economic growth, sustainable development and regional integration.",,"","there was a deliberate attempt to connect WEHAB to ... the New Partnership for Africa's Development (NEPAD) initiative"
"Globalisation","The rapid integration of markets, mobility of capital and increases in investment flows worldwide, creating both new opportunities and challenges for sustainable development.",,"","the Summit recognised the increasing importance of globalisation. While the rapid integration of markets, mobility of capital and increases in investment flows around the world had provided new opportunities, they also provided new challenges for sustainable development"
"Environmental stewardship","The responsible management and protection of the natural environment within the context of socio‑economic development.",,"","WSSD focused on socio-economic development within the context of environmental stewardship"
"Sustainable development","A development paradigm that integrates environmental protection with economic and social goals, raised in prominence by the World Summit on Sustainable Development (WSSD) and linked to the implementat...",,"","WSSD temporarily raised the profile of sustainable development. Although its impact was less substantial than that of UNCHE or UNCED, it furthered the integration of the global environmental and development agendas."
"Type II partnerships","Multi‑stakeholder collaborations between governments, citizen groups and businesses designed to implement sustainable development goals, presented as an alternative to traditional intergovernmental ar...",,"","The Summit promoted multi-stakeholder Type II partnerships between governments, citizen groups and businesses to implement sustainable development goals."
"Type I partnerships","Traditional intergovernmental partnerships that typically arise from the outcomes of international treaties.",,"","They were an alternative to Type I partnerships, the traditional intergovernmental partnerships that often marked the outcome of international treaties."
"Global environmental governance","The set of institutional frameworks and processes established by major international conferences to coordinate and steer worldwide environmental policy and action.",,"","The long‑lasting global environmental governance frameworks they brought about illustrate their legacy."
"Multilateral environmental agreements (MEAs)","Legally binding instruments between two or more nation‑states that address specific aspects of the environment.",,"","Multilateral environmental agreements (MEAs) are legally binding instruments between two or more nation states that deal with some aspect of the environment. Over 300 have been created since UNCHE, with UNEP taking an active role in initiating many of them."
"Second‑generation environmental issues","A broad category of environmental challenges that emerged after the 1980s, including ozone‑depleting substances, hazardous wastes, climate change, hazardous chemicals and pesticides, bio‑safety, and p...",,"","From the late 1980s onwards, MEAs were established to address a wide range of second‑generation environmental issues, including ozone‑depleting substances (Vienna Convention, 1985; Montreal Protocol, 1987); hazardous wastes (Basel Convention, 1989); climate change (UNFCCC, 1992); hazardous chemicals..."
"Framework conventions","Initial, often non‑binding international agreements that set out broad principles and structures, later reviewed and tightened into binding commitments.",,"","Framework conventions are commonly agreed as a first step without binding agreements. They are then reviewed and tightened over time."
"Environmental multilateralism","Cooperative international action on environmental problems that achieves effective, binding outcomes, exemplified by the Montreal Protocol on Substances that Deplete the Ozone Layer.",,"","The Montreal Protocol on Substances that Deplete the Ozone Layer is widely cited as environmental multilateralism at its most effective."
"Multilateral Environmental Agreements (MEAs)","Treaties or international agreements that aim to address environmental issues but face problems when subject to scientific uncertainty, require universal support, and are perceived as threatening econ...",,"","MEAs encounter problems when they are subject to scientific uncertainty, and require universal support from the international community but are seen to threaten economic interests."
"Common but differential responsibilities","A principle that recognises developed nations, as historical polluters, must bear the immediate cost for addressing climate change while allowing developing nations different, less stringent obligatio...",,"","The Kyoto Protocol was designed to address these issues through the application of common but differential responsibilities."
"Scientific uncertainty","The lack of complete scientific consensus that opponents of a global agreement use to justify inaction on climate policy.",,"","opponents of a global agreement have used scientific uncertainty to justify inaction."
"Anthropogenic greenhouse gas concentrations","Human‑caused increases in greenhouse gas levels in the atmosphere, identified as the very likely cause of observed global temperature rise since the mid‑20th century.",,"","Most of the observed increase in globally averaged temperatures since the mid‑20th century is very likely due to the observed increase in anthropogenic (human) greenhouse gas concentrations."
"Kyoto Protocol","An international climate treaty whose lifespan was ending, prompting negotiations for new targets either by extending it or creating a successor.",,"","With the Kyoto Protocol nearing the end of its life span, attention turned towards negotiating a new set of international targets, either through an extension to Kyoto or as a successor to it."
"Copenhagen Accord","A statement of commitment to action that included an annex of non‑binding commitments from all major polluting countries.",,"","The final outcome was a statement of commitment to action called the Copenhagen Accord, supplemented by an annex of non-binding commitments from all the major polluting countries."
"Green Climate Fund","A financial mechanism established to channel mitigation and adaptation funding to developing nations.",,"","Countries agreed principles for monitoring, reporting and verification of emissions, and established a Green Climate Fund for channelling mitigation and adaptation funding to developing nations."
"UNFCCC process","The procedural framework under the United Nations Framework Convention on Climate Change through which countries submit emissions‑reduction targets.",,"","They also formally submitted their emissions reductions targets under the UNFCCC process, building on the Copenhagen Accord's hastily collected commitments."
"legally binding targets","Emission‑reduction commitments that are enforceable under law, considered essential for major economies to reach a deal.",,"","Many attendees were hopeful, as the election of US President Barack Obama raised the possibility of US agreement to legally binding targets, a move that was essential in order for other major economies to do a deal."
"non‑binding commitments","Voluntary pledges from major polluting countries that are not legally enforceable.",,"","The final outcome was a statement of commitment to action called the Copenhagen Accord, supplemented by an annex of non-binding commitments from all the major polluting countries."
"monitoring, reporting and verification","Principles agreed upon by countries to track, disclose, and confirm emissions data.",,"","Countries agreed principles for monitoring, reporting and verification of emissions, and established a Green Climate Fund for channelling mitigation and adaptation funding to developing nations."
"mega conference","A large‑scale environmental conference characterized by thousands of delegates, observers, and media representatives.",,"","When COP 15 took place in December 2009, it had all the characteristics of an environmental 'mega conference'."
"climate change mitigation","Actions aimed at reducing greenhouse‑gas emissions, exemplified by funding to halt deforestation.",,"","Developed nations also made funding commitments to support developing countries in mitigating climate change, with a particular focus on halting deforestation."
"climate change adaptation","Measures to adjust to the impacts of climate change, supported through dedicated funding mechanisms.",,"","Developed nations also made funding commitments to support developing countries in mitigating climate change, with a particular focus on halting deforestation."
"global environmental governance","The system of international institutions, agreements and processes that manage environmental issues worldwide, emerging from the first international summit in 1972 and evolving through current negotia...",,"","This chapter has examined the emergence of global environmental governance from the first international summit to address human environment issues in 1972 to the current international negotiations on a post‑Kyoto treaty to reduce greenhouse gas emissions and tackle climate change."
"post‑Kyoto treaty","An international treaty under negotiation that aims to further reduce greenhouse‑gas emissions and address climate change after the original Kyoto Protocol.",,"","current international negotiations on a post‑Kyoto treaty to reduce greenhouse gas emissions and tackle climate change."
"world environment organisation","A proposed single umbrella institution that would centralise the current fragmented global environmental governance system, suggested by critics calling for reform.",,"","or centralisation of the current system under one umbrella of a 'world environment organisation'."
"low carbon growth","A mode of national economic competition that focuses on expanding the economy while reducing carbon emissions, seen as a possible shift away from global political cooperation on climate action.",,"","action on climate change in particular will shift further from global political cooperation towards national economic competition focused on low carbon growth."
"environmentalism","An ideology distinguished by a strong scientific basis and a fascination with the natural world, shaping the language and belief systems of many environmentalists.",,"","Environmentalism has a strong scientific basis that sets it apart from other ideologies."
"ecological principles","Principles derived from ecological ideas that can lead to varied conclusions about how society, the economy and the environment should interact.",,"","Ecological ideas inform the language and belief systems of many environmentalists, though ecological principles can lead to very different conclusions about how society, the economy and the environment should interact."
"evidence‑based environmental policies","Environmental policies that are required to be grounded in scientific evidence, using the case for action backed by science.",,"","It is now essential for environmental policies to be evidence‑based – the case for action backed by science."
"Ecology","The relations between organisms and their environment.",,"","In the 1860s, Ernst Haeckel (1834-1919) introduced the term 'ecology' to describe the relations between organisms and their environment."
"Land ethic","An ethic that emphasizes harmony between humans, soils, water, plants and animals as a single community, judging actions as right when they preserve the integrity, beauty, and stability of the biotic ...",,"","Leopold set out a land ethic that emphasised harmony between humans, soils, water, plants and animals as a single community. In A Sand County Almanac he wrote 'a thing is right when it tends to preserve the integrity, beauty, and stability of the biotic community. It is wrong when it tends otherwise..."
"Mutual aid","The idea that cooperation rather than competition is central to societal prosperity and progress, illustrated by examples from the animal world.",,"","In his book Mutual Aid: A Factor of Evolution (1902), he used examples from the animal world to show how cooperation rather than competition was central to societal prosperity and progress."
"Malthusian principle","The concept that population growth is mediated by limits to resources.",,"","Thomas Malthus (1766-1834) set out how population growth was mediated by limits to resources."
"Theory of evolution","A scientific theory explaining the development and diversification of species over time.",,"","Charles Darwin (1809-82) developed his theory of evolution."
"Modern environmentalism","A movement that emerged in the mid‑20th century, especially in the United States, driven by scientific concern over the widespread use of chemical pesticides and their broader ecological impacts, lead...",,"","The increased use of chemical pesticides and the concern of scientists over their wider impacts were central to the development of modern environmentalism, particularly in the USA."
"Radical ecology","A politically revolutionary ecological perspective that combines anarchist political philosophy with ecology, arguing that human relationships with nature require improvements in social conditions and...",,"","Murray Bookchin (1921-2006) developed a more politically revolutionary approach, in which he combined anarchist political philosophy with ecology in books such as Post-Scarcity Anarchism (1970). Bookchin's radical ecology described how human relationships with nature depended on, indeed required, an..."
"Deep ecology","A biocentric or Earth‑centred ecological philosophy that places intrinsic value on nature itself, putting nature first and humanity second.",,"","This viewpoint is often described as 'deep ecology' - a term introduced in the early 1970s by the Norwegian philosopher Arne Naess (1912-2009). This biocentric or Earth‑centred approach has often been interpreted as putting nature first, humanity second."
"Reformist approach (human‑centred ecological management)","A human‑centred ecological approach that emphasizes rational management of the natural world to enable human prosperity, supporting environmental protection without questioning existing social and eco...",,"","Some human‑centred approaches hold that rational ecological management of the natural world will enable humanity to prosper, so placing an emphasis on enlightened self‑interest. This 'reformist' approach supports the management of the natural environment without questioning the established ordering ..."
"Human‑centred approaches to ecology","Ecological perspectives that prioritize human interests and view rational ecological management as a means to human prosperity, often aligning with enlightened self‑interest.",,"","Some human‑centred approaches hold that rational ecological management of the natural world will enable humanity to prosper, so placing an emphasis on enlightened self‑interest."
"Ecology as a philosophy","The view that ecology is not merely a scientific discipline but a guiding philosophy for living, challenging modern societal assumptions and practices.",,"","For Metcalfe and Goldsmith, ecology was not solely a field of science, it was a philosophy to live by, one that challenged the assumptions and practices of modern society."
"Gaia hypothesis","The idea that Earth can be considered as a single living system in which life unconsciously regulates the planetary environment to perpetuate its survival, viewing the atmosphere as an extension of li...",,"","Lovelock took this further by suggesting that the Earth could be considered as a single living system and that life unconsciously regulated the planetary environment to perpetuate its survival."
"biocentric approach to environmentalism","An environmental perspective that places living organisms at the centre of value, recognizing that the Earth's atmosphere is chemically shaped by life and can be seen as an extension of life.",,"","The US National Aeronautics and Space Administration (NASA) scientist James Lovelock (b. 1919) introduced a scientific twist to the biocentric approach to environmentalism when he developed his Gaia hypothesis during the 1970s."
"global-scale environmental science","A revolutionary branch of environmental science that employs worldwide observations (e.g., satellite remote sensing) and modelling to address planetary‑scale environmental issues, thereby influencing ...",,"","In particular, a revolution in global-scale environmental science has pushed new environmental issues to the top of the political agenda."
"Conservation biology","A distinct field of science that emerged from the study of biodiversity and species extinction, focusing on the protection and management of biological diversity.",,"","Conservation biology emerged from the study of biodiversity and species extinction as a field of science in its own right."
"Biodiversity","The variety of life on Earth, encompassing the multitude of species, ecosystems, and genetic variation, a term that entered common usage in the late 1980s.",,"","The term 'biodiversity' came into use in the late 1980s, and by 1992 international momentum led to the adoption of the CBD."
"Climate change","Long‑term alterations in global climate patterns, driven by interactions among the oceans, atmosphere, sea ice and land surfaces, and recognized as a major environmental challenge.",,"","The climate science community followed a similar pattern of development... This led to the development of models that used relationships between the oceans, atmosphere, sea ice and land surfaces to improve understanding of climate change over time."
"Burden of proof","The demand for ever‑greater levels of conclusive scientific evidence to support environmental action, determining which side of a policy debate must substantiate its claims.",,"","Firstly, there is a demand for ever‑greater levels of conclusive evidence to support action (the burden of proof)."
"Science under fire","Politically motivated abuse and misuse of scientific knowledge that erodes the authority and credibility of science in policy debates.",,"","Secondly, there is politically motivated abuse and misuse of science, resulting in a decline in its authority (science under fire)."
"Acid rain","An environmental problem caused by atmospheric deposition of acidic pollutants, which became a focal point of international debate in the 1970s and 1980s.",,"","International debates over acid rain in the 1970s and 1980s ... exemplify the contrasting ways this scenario has played out."
"Genetically modified (GM) food","Food products whose genetic material has been altered through biotechnology, a subject of contentious scientific and policy debate in the 1990s and 2000s.",,"","International debates over ... genetically modified (GM) food in the 1990s and 2000s, exemplify the contrasting ways this scenario has played out."
"Climate models","Computational representations that integrate relationships among oceans, atmosphere, sea ice and land surfaces to simulate and improve understanding of climate change dynamics.",,"","This led to the development of models that used relationships between the oceans, atmosphere, sea ice and land surfaces to improve understanding of climate change over time."
"Acid rain","Rainfall containing sulphuric acid that damages vegetation, stone, bricks, and aquatic life, a problem traced back to the industrial revolution and linked to long‑range sulphur dioxide emissions.",,"","The problem of acid rain can be traced back to the industrial revolution... When scientists in Scandinavia and North America started to express concern about the disappearance of fish from rivers and lakes in the late 1950s and 1960s, it was not immediately obvious that this was due to acid rain... ..."
"Green movement","A vocal environmental activist movement that pressured governments, exemplified by public reaction in Germany to forest loss caused by sulphur‑dioxide emissions.",,"","Germany, though a large emitter of sulphur dioxide, was stung into action by public reaction to the death of much loved national forests and an increasingly vocal green movement."
"Standard of proof","The level of evidentiary certainty demanded before attributing environmental damage to a specific source, described as being raised to an impossibly high level by industry representatives.",,"","Others raised the standard of proof impossibly high: a US coal industry representative asked Canadian scientists to tell him which fish were dying in which lake as a consequence of a specific power plant."
"Burden of proof","The responsibility placed on other parties (e.g., neighboring countries) to demonstrate that they are causing environmental harm.",,"","The British government also emphasised scientific uncertainty and placed the burden of proof on other countries:"
"Scientific uncertainty","The state of incomplete or speculative knowledge about the causes and effects of environmental problems, used by governments to argue against immediate action.",,"","The British government also emphasised scientific uncertainty and placed the burden of proof on other countries."
"Air pollution","The presence of harmful substances in the atmosphere, such as sulphur dioxide, that reached levels deemed intolerable and prompted public demand for regulatory action.",,"","The resulting Beaver Committee Report (1954) concluded that levels of air pollution could no longer be tolerated but also observed that 'sulphur dioxide is one of the most harmful of all polluting agents'."
"Precautionary principle","A central tenet of European environmental policy that demands a high standard of certainty that a product will not impact the environment, placing the burden of proof on producers.",,"","In Europe, the precautionary principle has become a central tenet of environmental policy applied to GM food products, and demands a high standard of certainty that they will not have an impact on the environment, placing the burden of proof on GM producers."
"Substantial equivalence","Scientific criteria introduced by the US FDA to assess how similar a new product is to existing ones, focusing on structural and content similarity rather than the fact that it is genetically modified...",,"","Instead, the US Food and Drink Administration (FDA) introduced scientific criteria called substantial equivalence to identify how similar new products were to existing ones. In this case, the fact that a product was GM did not matter; what mattered was whether it was substantially different in struc..."
"Pseudo scientific concepts","Concepts introduced by policymakers in situations of scientific uncertainty to support decisions, despite lacking robust scientific backing.",,"","In circumstances of scientific uncertainty, policy makers introduce 'pseudo' scientific concepts to support their decisions."
"Frankenfoods","A colloquial term used in Europe to describe genetically modified foods that are perceived as unnatural or dangerous, reflecting high public concern.",,"","In Europe concern over 'frankenfoods' was high following the 1990s 'mad-cow disease' crisis..."
"Acid rain","A form of air pollution resulting from sulphur dioxide emissions that leads to the death of lakes and forests, prompting international policy agreements.",,"","By the early 1980s, scientists and civil servants at the UK Department of the Environment were convinced that it was in Britain's interests to reduce sulphur dioxide emissions... It was not until 1986 that the British government finally accepted the link between British air pollution and Scandinavia..."
"Scientific authority","The power and influence of scientific expertise to shape societal understanding of environmental issues, which can be exaggerated, dramatized, or oversimplified and is contested by various interest gr...",,"","Scientific authority has driven societal understanding of the environment. This has been marked by the exaggeration, dramatisation and oversimplification of scientific evidence."
"Trust in individuals and institutions","The confidence placed by the public in people and organizations (including scientists, NGOs, governments, and media) that can become as important as, or more important than, the scientific evidence it...",,"","trust in individuals and institutions has become as important, if not more so, than the science itself."
"Burden of proof","The principle that the responsibility to provide evidence lies with those making a claim, emphasizing the need for more and better scientific evidence, while also being challenged by issues of trust.",,"","Whereas the burden of proof placed an emphasis on more science and better scientific evidence, the question of trust challenges the authority of scientists themselves."
"Environmental campaign groups","Organised collectives that employ scientific expertise to diagnose environmental problems and use that evidence in legal actions, petitions, and public advocacy to influence policy and corporate behav...",,"","From the late 1960s onwards, professional campaign groups employed scientists to study and diagnose environmental problems, utilising the evidence in lawsuits, petitions to government and public campaigns."
"Scientific consensus (IPCC reports)","A consensus created through a carefully designed process where the scientific community and world governments agree on report conclusions sentence by sentence, intended to make climate science relevan...",,"","The process of developing IPCC reports was carefully designed to create ownership by the scientific community and by world governments, who agreed report conclusions sentence by sentence. ... this carefully produced consensus, each of the IPCC reports has been challenged."
"Climate scepticism","A stance that questions the levels of scientific certainty presented by IPCC publications, often invoking claims of procedural improprieties and challenging the evidence for anthropogenic climate chan...",,"","For much of the 1990s, the Global Climate Coalition, an American industrial grouping formed shortly after the IPCC, challenged the levels of scientific certainty set out in IPCC publications. ... Academics such as the American physicist Fred Singer (b. 1924) and the Danish statistician Bjørn Lomborg..."
"IPCC peer-review process","The procedural system used by the IPCC to evaluate and incorporate scientific studies into its assessment reports, which was alleged to have been manipulated to exclude sceptical research.",,"","The most controversial of the released emails from CRU dealt with the rejection of data requests from climate sceptics, and apparent manipulation of the IPCC peer-review process to exclude sceptical research."
"Scientific authority on climate change","The recognized credibility and influence of climate scientists and institutions such as the IPCC in shaping public and policy understanding of climate change, which has been contested by sceptics and ...",,"","Direct conflict broke out in 2006 when Exxon Mobil, the world's richest company and a member of the Global Climate Coalition, was challenged in an exchange of letters that became public with the Royal Society, the world's oldest scientific academy. ... the Daily Telegraph ... summarised the atmosphe..."
"Public relations disaster (CRU email leak)","The 2009 exposure of hacked emails from the Climatic Research Unit, which was widely reported in the media and led to a loss of confidence in climate science, described as a public relations disaster.",,"","The challenge to climate science reached a new peak after approximately 1000 emails from the Climatic Research Unit (CRU) at the University of East Anglia (UEA) were hacked and posted on the internet in November 2009... This was a public relations disaster from which climate science is still recover..."
"environmental economics","A relatively undeveloped field that attempts to outline environmental constraints to the economic system and to move away from a focus on economic growth, while also developing ways of ensuring enviro...",,"","Over the past half‑century, the development of concepts and theories that recognise the economic value of the environment has become increasingly central to the environmental cause… Environmental economics is relatively undeveloped. … a series of academics have attempted to outline environmental con..."
"economic value of the environment","The idea that the environment possesses economic value, a concept that has become increasingly central to the environmental cause and shapes policy‑maker decisions alongside scientific evidence.",,"","Over the past half‑century, the development of concepts and theories that recognise the economic value of the environment has become increasingly central to the environmental cause."
"environmental constraints to the economic system","Constraints identified by scholars that limit or shape economic activity in order to protect environmental interests, used to move away from a growth‑centric economic perspective.",,"","a series of academics have attempted to outline environmental constraints to the economic system and to move away from the focus on economic growth."
"greener economic system","An economic system that integrates environmental considerations and promotes sustainability, seen as an opportunity emerging from the ongoing global economic crisis.",,"","Meanwhile, the ongoing global economic crisis has provided real opportunities for environmentalists to promote a greener economic system."
"public trust in science","The confidence that the public places in scientific evidence and its use by the environmental movement, which has been eroded and needs to be rebuilt to support effective campaigning.",,"","The challenge for the environmental movement is to rebuild public trust in the way it uses science to support arguments in order to take action to address environmental issues."
"environmental agenda","The set of priorities and actions driven by scientific understanding of environmental problems and solutions, shaping policy and public opinion over the past fifty years.",,"","Over the past fifty years, science has driven the environmental agenda, explaining the cause and impact of environmental problems and the implications they have for society as a whole."
"Law of diminishing returns","A principle in agriculture stating that there is a maximum point of land productivity that cannot be surpassed, implying that the amount of available land limits population and wealth.",,"","Anne‑Robert‑Jacques Turgot (1727‑81) outlined a law of diminishing returns in agriculture, arguing that there was a maximum point of land productivity that was impossible to surpass."
"Malthusian principle","The idea that population growth, initially driven by surplus food production, will eventually be constrained by limits to productive land and a resultant shortage of food, putting society under perman...",,"","An idea forcefully argued by Thomas Malthus (1766‑1834) … Malthus explained that population growth, driven initially by surplus food production, would eventually be constrained by limits to productive land and a resultant shortage of food."
"Stationary state economy","An economic vision in which unlimited economic growth is avoided, emphasizing the preservation of natural environments and warning against the exhaustive transformation of land and wildlife for human ...",,"","John Stuart Mill … championed the 'stationary state economy' and warned against the drive for unlimited economic growth."
"Negative externalities","Detrimental effects of an activity that go unrecognised, for which government intervention is justified.",,"","Arthur C. Pigou … argued that when the detrimental effects of an activity went unrecognised, then the government should intervene. He described these detrimental effects as negative externalities."
"Land economics (economics of the environment)","A field of study that treats land and environmental services as economic factors, emerging only with contemporary environmentalism after earlier economic thought focused mainly on labour and capital.",,"","As a consequence, land economics, or economics of the environment, did not develop fully into a field of its own until the emergence of contemporary environmentalism."
"Environmental economics","A field of study that examines the economic impacts of environmental policies and the value of natural resources, rooted in early economic theories that later influenced environmental thought.",,"","remain at the heart of environmental economics."
"Economic growth","The increase in the production of goods and services, historically equated with progress and driven by technological innovation.",,"","the drive for economic growth became a dominant feature of the twentieth century."
"Malthusian tradition","A line of thought that emphasizes the risks of overpopulation and its potential to outstrip resource availability.",,"","In the Malthusian tradition, many of these books focused on overpopulation."
"Cowboy economy","A metaphor for an open, unregulated economic system characterized by reckless, exploitative, romantic, and violent behaviour toward natural resources.",,"","He called the open economy a 'cowboy' economy, symbolic of a cowboy's 'reckless, exploitative, romantic and violent behaviour'."
"Spaceman economy","A vision of a closed, sustainable economy in which Earth is treated as a single spaceship with limited resource reservoirs and a finite capacity to absorb pollution.",,"","He saw the closed economy of the future as a 'spaceman' economy, where the Earth is a single spaceship with limited reservoirs of resources and capacity to deal with pollution."
"Open economy (as used by Boulding)","An economic model that assumes unlimited resources and an infinite assimilative capacity for waste, lacking constraints on growth.",,"","open' economic system without finite resources and a limited assimilative capacity to absorb waste."
"Closed economy (as used by Boulding)","An economic model that recognises finite resource limits and a bounded capacity for waste assimilation, requiring sustainable management.",,"","closed economy of the future"
"Population growth","The increase in the number of people, highlighted as a major concern for planetary capacity and linked to environmental sustainability.",,"","Ehrlich published The Population Bomb in 1968, and directly linked population growth to the Earth's capacity to sustain humankind."
"IPAT equation","A simple mathematical concept that expresses environmental impact (I) as the product of three major determinants: population (P), affluence (A), and technology (T).",,"","The IPAT equation explained how environmental impacts (I) are a factor of three major determinants: population (P), affluence (A) and technology (T): I = P × A × T. This simple mathematical concept brought together Ehrlich, Commoner and Holdren's concerns about the prevailing focus on economic growt..."
"Limits to Growth","A concept asserting that continued exponential growth in population, industrialization, pollution, food production, and resource depletion will reach planetary limits within a century, leading to a su...",,"","The Club's first report, The Limits to Growth (1972), was underpinned by the work of a group of systems scientists at the Massachusetts Institute of Technology (MIT), who had developed the first integrated global model linking the world economy and the environment. ... If the present growth trends i..."
"spaceship Earth metaphor","A metaphor used to make the resource limitations of the economic system understandable to the wider public.",,"","Boulding's use of the spaceship Earth metaphor made the resource limitations of the economic system understandable to the wider public."
"entropy law (as applied to economics)","The principle that whenever energy is used, the amount of usable energy available to society declines, based on the second law of thermodynamics.",,"","In The Entropy Law and the Economic Process (1971), Georgescu‑Roegen explained that whenever energy is used, the amount of usable energy available to society declines. This argument is based on the second law of thermodynamics..."
"bioeconomic programme","An academic programme emphasizing the importance of viable technologies that can maintain economic activity over the long term without using irreplaceable resources.",,"","Georgescu‑Roegen went on to dedicate his academic career to developing what he called a bioeconomic programme."
"appropriate technology","The use of technology that is suitable to scale and context, treating natural resources as capital rather than expandable income.",,"","This argument was shared by Ernst F. Schumacher (1911‑77), who championed the use of appropriate technology in Small is Beautiful: A Study of Economics as if People Mattered (1973)."
"natural capital","The concept that natural resources should be treated as capital, not as expandable income, implying they provide a dividend rather than being endlessly mined.",,"","Like Georgescu‑Roegen, Schumacher argued that natural resources should be treated as capital, not expandable income."
"steady‑state economy (SSE)","An economic model defined as an economy with constant population and constant stock of capital, maintained by a low rate of throughput that stays within the regenerative and assimilative capacities of...",,"","Daly is most strongly associated with his attempt to articulate an alternative approach to the conventional growth paradigm in the form of the steady‑state economy (SSE). ... following John Stuart Mill we might define a SSE as an economy with constant population and constant stock of capital, mainta..."
"sustainable economic welfare index","An index constructed to replace GNP as a measure of economic wellbeing, intended to reflect sustainable economic welfare.",,"","Daly and John B. Cobb (b. 1925) constructed an index of sustainable economic welfare intended to replace GNP as a measure of economic wellbeing."
"ecological footprint","A measure applied to national economies that quantifies the amount of biologically productive land and water area required to support a population’s consumption.",,"","Measures such as the ecological footprint, genuine progress indicator and happy planet index have been applied to national economies..."
"genuine progress indicator","An alternative metric to GDP that attempts to account for environmental and social factors in assessing economic progress.",,"","Measures such as the ecological footprint, genuine progress indicator and happy planet index have been applied to national economies..."
"happy planet index","An alternative indicator that combines well‑being, life expectancy and ecological footprint to assess national progress.",,"","Measures such as the ecological footprint, genuine progress indicator and happy planet index have been applied to national economies..."
"sustainable development","A broad idea linking economic progress with environmental stewardship, underpinning many alternative measures of economic wellbeing.",,"","many linked to the idea of sustainable development."
"Ecological economics","A field that seeks to ensure the environment is recognised in standard economic theory and to set out an alternative to a capitalist (or communist) economic system by attributing monetary value to the...",,"","Ecological economics is as much about ensuring the environment is recognised in standard economic theory as setting out an alternative to a capitalist (or communist) economic system. By attributing a monetary value to the environment and demonstrating the cost of its destruction, some economists hav..."
"Cost‑benefit analysis","A methodological tool widely used to make the case for environmental protection and to choose between different environmental protection options, though its application can be complex, controversial, ...",,"","Cost‑benefit analysis has been widely used to make the case for environmental protection and to choose between different environmental protection options. Agencies responsible for environmental regulations such as the EPA in the USA have used cost‑benefit analysis extensively, but its application ca..."
"Social cost‑benefit analysis","A variant of cost‑benefit analysis that incorporates social costs, used in policy proposals such as the Roskill Commission’s location study for a third runway in London, highlighting the difficulty of...",,"","When the Roskill Commission proposed a location for a third runway in London in the early 1970s, it used social cost‑benefit analysis to support its case. One of the most important issues to consider was noise pollution, but its application of cost measures to noise was widely challenged."
"Ecosystem services","A conceptual framework that relates the functioning of ecosystems to the provision of services for humanity, categorised into provisioning, regulating, cultural, and supporting services, and used to t...",,"","An approach to communicating this in a structured way has its origins in the 1970s, when the functioning of ecosystems was related to the provision of services... Holdren and Ehrlich advocated this idea... The Millennium Ecosystem Assessment... defined the four categories of ecosystem services that ..."
"Environmental services","An early term describing nine 'environmental services' whose decline would follow damage to ecosystem functioning, forming a precursor to the modern ecosystem services concept.",,"","An 1970 MIT report of the Study of Critical Environmental Problems, entitled Man's Impact on the Global Environment: Assessment and Recommendations for Action, described nine 'environmental services' that would decline if the functioning of ecosystems were damaged."
"Public service functions of the environment","The idea that the environment provides public service functions, a framing used to argue for its protection and valuation.",,"","Holdren and Ehrlich advocated this idea and in an article for American Scientist described the 'public service functions of the environment'."
"Four categories of ecosystem services","A classification within the ecosystem services framework that groups services into provisioning, regulating, cultural, and supporting categories, each contributing to human wellbeing.",,"","It defined the four categories of ecosystem services that contribute to human wellbeing as: provisioning services, such as food; regulating services, such as filtration of pollutants and flood control; cultural services, such as recreation; and supporting services, such as soil formation and photosy..."
"Market failure","A situation where negative externalities are not recognised by the market system, leading to over‑use or degradation of environmental goods and requiring correction through policy instruments.",,"","Following Pigou, these negative externalities should be regarded as market failures and corrected."
"Negative externalities","Costs imposed on third parties or the environment that are not reflected in market prices, causing the full cost of ecosystem degradation to be ignored.",,"","Because many ecosystem services are not recognised in the market system, the full cost of their degradation is not considered."
"Discount rate (in climate economics)","A numerical factor used to convert future values into present values; low rates give greater weight to future generations, while high rates diminish the importance of long‑term impacts.",,"","At the heart of this debate is the valuation of the future; economic analysis typically applies discount rates to values in future years... Stern used a near‑zero discount rate to underpin his argument; some economists, such as William Nordhaus, use much higher discount rates..."
"No net loss","An initiative in which a company's environmental impacts are offset by undertaking environmental activities of at least equal value, aiming for a net zero impact on ecosystems.",,"","some business sectors are exploring 'no net loss' or 'net positive impact' initiatives in which their impacts are offset by undertaking environmental activities of at least equal value."
"Net positive impact","A corporate strategy that seeks to generate environmental benefits that exceed the negative impacts caused by the company's operations.",,"","some business sectors are exploring 'no net loss' or 'net positive impact' initiatives in which their impacts are offset by undertaking environmental activities of at least equal value."
"Tragedy of the commons","A theoretical framework describing how individual rational actors, each seeking to maximise personal gain from a shared resource, collectively over‑exploit that resource, leading to its depletion or r...",,"","In 1967, Garrett Hardin (1915-2003) developed the notion of the 'tragedy of the commons' where he used the analogy of common grazing land to illustrate that sharing common resources leads to over‑use."
"Mutual coercion mutually agreed upon","A proposed solution to the tragedy of the commons that involves collectively imposed restrictions or regulations that are accepted by all users to prevent over‑exploitation.",,"","His solution was 'mutual coercion mutually agreed upon'."
"Carbon pricing","A policy approach that assigns a monetary cost to carbon emissions, typically through mechanisms such as emissions trading schemes or carbon taxes, to internalise the external costs of greenhouse gase...",,"","Governments have acted to establish a price for carbon. The EU has established an emissions trading scheme..."
"Privatisation of natural resources","The notion that natural resources, such as water, can be transferred to private ownership and managed as market commodities, a view that has generated strong controversy especially regarding water usa...",,"","The idea of privatisation of natural resources has proved particularly controversial in relation to water usage."
"Ecosystem services approach","A framework that treats ecosystem functions as services with economic value, supporting the pricing of water resources to incentivise careful use in both developed and developing worlds.",,"","This is in line with the ecosystem services approach and supports the pricing of water resources so as to incentivise careful use in the developed and developing worlds."
"Universal right to water and sanitation","The principle that access to basic water and sanitation is a universal human right and should not be treated as a negotiable commodity.",,"","Civil society groups have argued that 'access to basic water and sanitation are universal rights, and cannot therefore by negotiated as commodities'."
"Cooperative institutions for common‑pool resources","Durable, cooperative institutions that are organised and governed by the resource users themselves, proposed as a way to resolve commons problems.",,"","According to Ostrom, an approach to resolving the problem of the commons is the design of durable, cooperative institutions that are organised and governed by the resource users themselves."
"Global Green New Deal (GGND)","An initiative launched by UNEP in December 2008 that combines an economic stimulus package with environmental objectives, aiming to create jobs, reduce carbon dependency, curb environmental degradatio...",,"","Following in his footsteps, UNEP instigated the Global Green New Deal (GGND) initiative in December 2008."
"Green fiscal spending","Policy recommendation that the world’s richest economies allocate a share of GDP (e.g., 1 % of global GDP) to environmental initiatives and adopt policy changes that support environmentally‑focused pu...",,"","It recommended that the world's richest economies should spend 1 per cent of global GDP on environmental initiatives over the coming years, and make policy changes at global and national levels to support green fiscal spending."
"Green economy","An economy that is low‑carbon, resource‑efficient and less dependent on fossil fuels, seen as a catalyst for growth and poverty eradication, especially where a large share of poor peoples’ livelihoods...",,"","UNEP published Towards a Green Economy: Pathways to Sustainable Development and Poverty Eradication... It argued that a green economy was important in developed economies, and could also be a catalyst for growth and poverty eradication in developing countries, where in some cases close to 90 per cen..."
"Green stimulus","Fiscal spending directed toward green investments during the recession, amounting to over US$520 billion, representing 16 % of all fiscal spending and 0.7 % of G20 GDP, though falling short of the 1 %...",,"","During the recession, members of the G20 spent over US$520 billion on a green stimulus. The stimulus comprised 16 per cent of all fiscal spending and 0.7 per cent of the G20 GDP, falling short of the 1 per cent GGND recommendation."
"Green fiscal component","The portion of a fiscal stimulus package allocated to green investments; for example, the UK devoted about 11 % of its US$3.9 billion stimulus to green investments and launched a ‘Green economy’ budge...",,"","In 2009, some G20 governments adopted policies to boost aggregate demand and growth, which included a sizeable green fiscal component. The UK devoted approximately 11 per cent of its US$3.9 billion fiscal stimulus to green investments as well as launching a 'Green economy' budget in April 2009..."
"Low‑carbon, resource‑efficient economy","An economy transitioning toward clean, innovative, resource‑efficient, low‑carbon technologies and infrastructure, aimed at building sustainable economies.",,"","A G20 communiqué from the meeting stated 'We will make the transition towards clean, innovative, resource efficient, low carbon technologies and infrastructure [...] We will identify and work together on further measures to build sustainable economies.'"
"Environmental pricing policies","Policy instruments that price environmental externalities to correct market distortions, such as those created by fossil‑fuel subsidies.",,"","Edward B. Barbier, a consultant on the GGND, has argued that the G20 failed to instigate a worldwide green recovery, and called for further measures to reduce market distortions such as the fossil fuel subsidies and develop effective environmental pricing policies and regulations."
"Fossil fuel subsidies","Government subsidies that lower the cost of fossil‑fuel production or consumption, described as an environmentally perverse allocation of capital amounting to about US$600 billion per year globally.",,"","Pavan Sukhdev, head of UNEP's green economy work, described existing economic measures, such as the US$600 billion a year spent on global fossil fuel subsidies, as a 'gross misallocation of capital'."
"Green recovery","A coordinated worldwide effort to revive economies through green investments and policies; the text notes that the G20 failed to launch such a recovery.",,"","Edward B. Barbier, a consultant on the GGND, has argued that the G20 failed to instigate a worldwide green recovery..."
"Green investment","Investment in ten key sectors (agriculture, buildings, energy supply, fisheries, forestry, industry including energy efficiency, tourism, transport, waste management and water) amounting to roughly 2 ...",,"","As an alternative, the report made a case for investing 2 per cent of global GDP (approximately US$1.3 trillion) a year in green investments across ten key sectors (agriculture, buildings, energy supply, fisheries, forestry, industry including energy efficiency, tourism, transport, waste management ..."
"Sustainable economies","Economies built on sustainability principles, emphasizing clean, innovative, resource‑efficient, low‑carbon technologies and infrastructure.",,"","We will identify and work together on further measures to build sustainable economies."
"green economy","An economic model that links environmental sustainability with poverty reduction and is increasingly viewed as important by the international community.",,"","There is a growing view that links between the green economy and poverty reduction will become increasingly important as the international community turns its attention to Rio+20."
"ecological economics","A discipline that is critical of standard economic theories while using them, aiming to address the interdependence of economies and ecosystems and to translate principles of sustainable development i...",,"","This chapter has examined how ecological economics has developed as a discipline that is critical of standard economic theories while at the same time making use of them."
"decoupling","The attempt to break the link between economic growth and worsening environmental quality, potentially achieved by reconfiguring production processes and redesigning goods and services so the economy ...",,"","In response, attempts have been made at 'decoupling' or breaking the link between economic growth and worsening environmental quality. Theoretically this could be achieved by reconfiguring production processes and redesigning goods and services."
"Prosperity Without Growth","A vision of a different kind of economy and prosperity where human flourishing occurs within the ecological limits of a finite planet, requiring a shift away from consumption‑driven growth toward clea...",,"","In Prosperity Without Growth (2009), Tim Jackson argues that a different kind of economy is essential for a different kind of prosperity - one where human beings can flourish within the ecological limits of a finite planet."
"growth economics","An economic paradigm that prioritises continual economic growth, which the text critiques as needing to be abandoned in favor of ecological limits.",,"","All this requires establishing the ecological boundaries for human activity, abandoning growth economics and transforming the mass consumer culture."
"sustainable development","A set of principles—equity, intergenerational justice, personal responsibility, and improvement of human wellbeing—guiding the co‑evolution of economies and ecosystems.",,"","Ultimately, ecological economics aims to address the interdependence of economies and ecosystems, particularly how these two systems can co‑evolve based on principles of sustainable development - equity, intergenerational justice and personal responsibility, and improvement of human wellbeing."
"intergenerational justice","A principle of sustainable development that emphasizes fairness and responsibility toward future generations.",,"","Ultimately, ecological economics aims to address the interdependence of economies and ecosystems, particularly how these two systems can co‑evolve based on principles of sustainable development - equity, intergenerational justice and personal responsibility, and improvement of human wellbeing."
"personal responsibility","A principle of sustainable development that calls for individuals to take accountability for their impact on the environment and human wellbeing.",,"","Ultimately, ecological economics aims to address the interdependence of economies and ecosystems, particularly how these two systems can co‑evolve based on principles of sustainable development - equity, intergenerational justice and personal responsibility, and improvement of human wellbeing."
"ecological boundaries","Limits that define the permissible scale of human activity within the planet’s finite ecological capacity.",,"","All this requires establishing the ecological boundaries for human activity, abandoning growth economics and transforming the mass consumer culture."
"mass consumer culture","A societal pattern characterized by high levels of consumption and production of novelty, which the text argues must be transformed to achieve environmental gains.",,"","All this requires establishing the ecological boundaries for human activity, abandoning growth economics and transforming the mass consumer culture."
"Environmentalism","A mainstream Western cultural movement that has become part of everyday life, with green issues influencing brands, government messages, media debates, and personal decisions; it now co‑exists with co...",,"","Widespread public exposure to environmental issues has pushed environmentalism into mainstream western culture to the extent that striving to be 'green' has become a modern-day aspiration... Environmentalism has developed alongside consumerism to become part of contemporary popular culture. The envi..."
"Consumerism","The cultural and economic pattern of increasing production and consumption that grew alongside environmentalism after World War II, shaping popular culture and driving the post‑war rise in material go...",,"","Environmentalism has developed alongside consumerism to become part of contemporary popular culture... The phenomenal expansion in production and consumption contributed to a post‑war baby boom and the rise of consumerism on both sides of the Atlantic."
"Post‑war consumer boom","A period after World War II marked by the end of rationing, rapid economic growth, and a surge in consumption and material prosperity, fueled by policies such as the U.S. Marshall Plan and leading to ...",,"","The introduction of rationing during the Second World War instilled in the wartime generation an appreciation of the scarcity of resources... As European countries began to rebuild their economies, the post‑war Labour government continued rationing... In order to modernise industrial and business pr..."
"Car culture","A social pattern in which personal automobile ownership and mobility become central to everyday life, exemplified by the rapid increase in car sales and the embrace of automobiles in the United States...",,"","In the USA, trolley buses and cable cars were abandoned and railways dismantled. In the space of one year (1945‑46), total US car sales leaped from 69,500 to 2.1 million. By 1950, Americans had embraced the car culture, with new car sales totalling 6.7 million."
"Consumer advocacy","A form of activism that challenges corporate practices and seeks regulatory change to protect consumers, emerging prominently after Ralph Nader’s critique of the automobile industry.",,"","In 1965, Ralph Nader (b. 1934) published Unsafe at Any Speed, which examined the reluctance of the car industry to improve both vehicle pollution and safety. Nader's book directly challenged large corporations and prompted a new type of consumer advocacy."
"Television advertising","A marketing practice that uses televised commercials to reach mass audiences, introduced in the UK by ITV in the 1950s and earlier in the US, and described as a powerful tool for producers.",,"","ITV introduced television advertising to a British audience. American households were already used to television advertising. The first US television advertisement, for watchmaker Bulova, had been broadcast twelve years earlier and an industry was already developing around this advertising medium. W..."
"post‑war consumer culture","A cultural pattern that emerged after World War II in which television, radio and the press stimulated an appetite for the consumption of goods, services and international travel, turning buying and u...",,"","Television, together with radio and the press, contributed to the development of a post‑war consumer culture. This stimulated an appetite for the consumption of goods and services as well as international travel, which inevitably had environmental consequences."
"consumer culture","A way of life in which consumption is central to personal identity, social status, and spiritual or ego satisfaction, expressed through what people wear, drive, eat, and own.",,"","Our enormously productive economy demands that we make consumption our way of life, that we convert the buying and use of goods into rituals, that we seek our spiritual satisfactions, our ego satisfactions, in consumption. The measure of social status, of social acceptance, of prestige, is now to be..."
"environmental concepts","Ideas that link human activity—especially consumption and technological progress—to environmental consequences, raising public awareness of pollution and the planet’s ecological limits.",,"","But the extensive television coverage of humanity's first mission to land on the moon, and the images of planet Earth from space, also helped to bring modern environmental concepts into the mainstream."
"Earthrise","The iconic photograph taken during the Apollo 8 mission that shows Earth rising over the lunar horizon, which transformed people's understanding of the planet and contributed to a growing environmenta...",,"","The first image of Earth rising in the vast darkness of space over a lunar landscape became an iconic picture. ... The images of a desolate and lifeless moon contrasted with the blue and white, fertile Earth and provided a stark reminder of humankind's fragility ... This fed a growing environmental ..."
"Earth Day","An annual environmental observance first proposed in 1969, marked by nationwide teach‑ins, media coverage, and public participation to raise awareness of environmental issues.",,"","A year after the moon landing, US senator Gaylord Nelson (1916‑2005) proposed the first Earth Day on 22 April 1970. The day was marked by a national environment teach‑in led by schools, colleges, universities and community groups."
"Earth Day campaign","A recurring public campaign that highlights the need for individuals and communities to protect the environment.",,"","By 1970, the Earth Day campaign was again highlighting the need for individuals and communities to do their bit to protect the environment."
"national cleanliness ethic","A societal norm promoted to reduce litter and encourage cleanliness in public spaces.",,"","KAB was founded in 1953 by a group of US corporate and civic leaders to promote and develop a national cleanliness ethic in response to the growing problem of litter."
"greenwash","Disinformation disseminated by an organisation so as to present an environmentally responsible public image.",,"","This was seen as an early form of 'greenwash' - disinformation disseminated by an organisation so as to present an environmentally responsible public image."
"recycling","An established environmental action in which materials are collected, processed, and reused, considered a practice that everybody could do.",,"","By now recycling was becoming an established environmental action that everybody could do."
"materials recovery","The systematic collection and processing of discarded materials for reuse, marking the start of organized municipal recycling efforts.",,"","In November 1970, Woodbury, New Jersey was the first US city to begin materials recovery, spearheaded by an environmentally concerned community organisation."
"Clean Community System","A KAB‑initiated program that emphasized street cleaning and other litter‑control activities as an alternative to container deposit legislation.",,"","a year later launched the Clean Community System as an alternative that placed an emphasis on street cleaning and other litter-control activities."
"bottle bank","A public collection point for used beverage containers, introduced as a way to encourage recycling and reduce litter.",,"","In August 1977, the UK's first bottle bank was sited in the car park of the Tesco supermarket in Barnsley, South Yorkshire. The bottle bank was introduced by Stanley Race, then president of the Glass Manufacturers' Federation..."
"kerbside recycling","A system where recyclable waste is collected directly from households' curbs, facilitating large‑scale material recovery.",,"","The German Green Party had thousands of elected local councillors who worked to establish kerbside recycling collections."
"Crying Indian campaign","A public announcement campaign that became an iconic symbol of personal environmental responsibility, featuring a Native American chief confronting litter and pollution.",,"","In 1971, Keep America Beautiful (KAB) launched the 'Crying Indian' public announcement campaign, which was to become an iconic symbol of personal environmental responsibility."
"green consumerism","An idea that gives individuals the power to vote with their pocket and hold governments and companies accountable for social and environmental standards.",,"","The idea of 'green consumerism' gave individuals the power to vote with their pocket and make accountable governments and companies that did not live up to expected social and environmental standards."
"consumer sovereignty","A principle emphasizing that individuals are responsible for their consumption choices and that markets should respond to consumer preferences.",,"","The much promoted principle of consumer sovereignty placed an emphasis on individuals taking responsibility for their choices."
"energy conservation","The practice of reducing energy use, promoted through a national campaign to encourage households to save energy.",,"","In the UK this caused national debates on energy security and led the government to introduce a national 'Save it' campaign to promote energy conservation."
"energy security","The concern for reliable and affordable energy supplies, highlighted by public debate after an oil price hike caused by an OPEC embargo.",,"","In the UK this caused national debates on energy security and led the government to introduce a national 'Save it' campaign..."
"environmental awareness","The heightened public consciousness of environmental issues that drives consumer behavior and market responses.",,"","Heightened awareness of environmental issues has meant that consumers have also turned to the market to express their moral, political and environmental concerns."
"ethical investment","Investment strategies that prioritize ethical, social, and environmental criteria, exemplified by the launch of new British ethical funds in the late 1980s.",,"","Green products and services were now beginning to span the entire market, and in 1987 a boom in ethical investment saw the launch of six new British ethical funds."
"Green consumerism","A mainstream consumer movement that encourages individuals to purchase products with environmental credentials, influencing market demand for greener goods.",,"","green consumerism has become mainstream, and has been promoted and heavily influenced by the mass media, businesses and campaign groups."
"Greenwashing","The practice of making misleading or superficial environmental claims about products or services, often dismissed by consumers as gimmickry.",,"","consumers were wary of companies undertaking 'greenwash' campaigns... One 1990 survey indicated that 47 per cent of customers dismissed environmental claims as mere 'gimmickry'."
"Environmental labelling","A labeling approach that provides information on the environmental credentials of products, helping consumers differentiate between superficially similar items.",,"","Differentiation allows brands to stand out, and environmental labelling provides one way of doing this."
"EU Ecolabel scheme","A voluntary European Union label introduced in 1992 to make it easier for consumers to identify and choose green products, covering the whole life‑cycle from raw‑material extraction to disposal.",,"","the EU introduced a voluntary Ecolabel scheme in 1992. The Ecolabel was designed to make it easier for consumers to identify and choose green products and to encourage businesses, services and market products to advertise their environmental credentials."
"Throwaway society","A societal model characterized by disposable, single‑use products and high levels of waste generation.",,"","The polystyrene 'clamshells' in which hamburgers were sold became a symbol of the throwaway society."
"Plan A programme","Marks & Spencer’s £200 million initiative aimed at achieving carbon neutrality by cutting energy consumption and increasing the use of recycled materials.",,"","Marks & Spencer launched a £200 million 'Plan A' programme to make the company carbon neutral by cutting energy consumption and stocking more products from recycled materials."
"Green brands","Companies that market products with explicit environmental or sustainability attributes, often aligning with consumer demand for eco‑friendly goods.",,"","Many iconic green brands of today grew rapidly during the 1980s... In 2007, Britain's leading businesses responded to a resurging green trend, with the supermarket chain Tesco announcing it would be labelling 70,000 products with details of its carbon footprint... Marks & Spencer launched a £200 mil..."
"green celebrity","A term that began to emerge regularly in the 2000s to describe the use of celebrity status to promote environmental issues and sell sustainability to a moderately interested public.",,"","However, it was not until the 2000s that 'green celebrity' began to emerge with regularity. In May 2006, US Vanity Fair, a magazine of popular culture, fashion and politics, reflected popular environmental awareness when it published its 'Green Issue'..."
"environmental awareness","The growing public consciousness of environmental issues, reflected in media coverage and special publications, especially after major events such as Hurricane Katrina.",,"","The cover described global warming as a threat graver than terrorism and called for 'A New American Revolution'. The green issue was produced partly as a response to the increased environmental awareness that followed Hurricane Katrina and the destruction of New Orleans..."
"global warming","A climatic phenomenon presented as a threat more serious than terrorism, prompting calls for societal transformation.",,"","The cover described global warming as a threat graver than terrorism and called for 'A New American Revolution'."
"climate change","The ongoing alteration of the planet’s climate system, portrayed in high‑profile films as potentially catastrophic and used to mobilise public concern.",,"","Climate change has had a more permanent effect on culture more generally, and has even become the subject of high‑profile films. In 2006, former US Democratic Party Vice President Al Gore's long‑standing interest in environmental issues led him to produce the Oscar‑winning documentary An Inconvenien..."
"sustainability","The practice of promoting environmentally responsible lifestyles and policies, marketed to the public through celebrity‑driven media such as Vanity Fair’s green issue.",,"","The cover described global warming as a threat graver than terrorism and called for 'A New American Revolution'. ... marked an attempt to use celebrity to sell sustainability to a moderately interested public."
"10:10 campaign","A movement that encouraged individuals, businesses and organisations to commit to reducing their carbon emissions, originally aiming for a 10 % reduction in the developed world’s emissions by the end ...",,"","This inspired Armstrong to found the 10:10 campaign, which encouraged individuals, businesses and organisations to commit to reducing their carbon emissions."
"Active Resistance","A project set up to encourage engagement with humanitarian and environmental issues.",,"","In 2005, the designer Vivenne Westwood (b. 1941) set up 'Active Resistance' as a project to encourage engagement with humanitarian and environmental issues."
"eco‑philosophy","An ecological philosophy promoted by a fashion designer that urges consumers not to buy new clothes as part of a broader environmental ethic.",,"","Westwood has supported the campaign to combat climate change and invited consumers not to buy new clothes as part of her new eco‑philosophy."
"eco‑chic","A fashion trend that makes environmentally friendly (green) products stylish and desirable.",,"","The bag became so popular it sold out within an hour, contributing to an 'eco‑chic' trend in fashion."
"green identity","The self‑perception of being environmentally friendly, which may be disconnected from actual environmentally friendly behaviour.",,"","This discord between green identity and green action is bound up in people's awareness of, and attitudes to, the environment."
"green action","Actual environmentally friendly behaviour, contrasted with the mere perception of being green.",,"","This discord between green identity and green action is bound up in people's awareness of, and attitudes to, the environment."
"sustainable living","A lifestyle approach that encourages and celebrates practices aimed at reducing environmental impact and presenting an inspiring vision of a sustainable future.",,"","to promote an initiative to encourage and celebrate sustainable living. The aim of the initiative was to present an inspiring vision of a sustainable future and to assist people across the UK to take practical steps to lead more sustainable lives."
"organic agricultural system","An agricultural management approach that avoids synthetic inputs and emphasizes natural, organic methods.",,"","he began the process of converting the Duchy Home Farm, which is part of the estate, to an organic agricultural system."
"organic brand (Duchy Originals)","A brand that produces natural, organic products with the aim of protecting and sustaining the countryside and wildlife.",,"","In 1990, he launched his own organic brand, Duchy Originals, which embodies the Prince of Wales's commitment to producing natural, organic products while helping to protect and sustain the countryside and wildlife."
"Post-materialism","A shift in societal values from materialistic concerns (food, shelter, warmth) toward quality of life and spiritual development, making people more receptive to environmental issues.",,"","Ronald Inglehart (b. 1934) defined this phenomenon as 'post-materialism'. People with post-materialist values are more likely to be receptive to environmental issues."
"Post-materialist values","Values that prioritize quality of life and spiritual development over material needs, replacing materialistic values.",,"","materialistic values have gradually been replaced by 'post-materialistic' values focused on quality of life and spiritual development."
"Low carbon","A term denoting reduced carbon emissions, increasingly used in public discourse and publications from the early 1990s onward.",,"","In the early 1990s, the term 'low carbon' was rarely used; by 2008 it could be found in over 4000 major world publications."
"Carbon footprint","A measure of the total greenhouse gas emissions associated with an individual, organization, or product, widely referenced in lifestyle articles and corporate reports by the late 2000s.",,"","Similarly, the term 'carbon footprint' had become ubiquitous in lifestyle articles and corporate reports by the late 2000s."
"Environmentalism","A contemporary movement concerned with protecting the environment, strengthened and consolidated by the growth of new occupations such as white‑collar public‑sector jobs in the 1970s and 1980s.",,"","It could also be argued that the growth of new occupations in the 1970s and 1980s, such as white‑collar public sector jobs, have strengthened and consolidated contemporary environmentalism."
"Second‑order issue","A public concern (here, the environment) that remains relatively stable but becomes less visible when more immediate, first‑order concerns dominate public attention.",,"","Instead, the environment is a second-order issue, concern for which does not change, but is hidden when other firstorder public concerns are raised (such as the economy, immigration and crime)."
"First‑order public concerns","Primary public issues that capture immediate attention, such as the economy, immigration, and crime, which can obscure secondary concerns like the environment.",,"","firstorder public concerns are raised (such as the economy, immigration and crime)."
"low-impact lifestyles","Lifestyles that minimise environmental impact and contribute less to greenhouse‑gas emissions, representing a shift away from high‑consumption, carbon‑intensive ways of living.",,"","This widespread variation in public understanding, knowledge and attitudes to climate change demonstrates that further effort needs to be made by the environmental movement, government and businesses if the mainstream are to be persuaded to change their behaviour and make the transition to low-impac..."
"top‑down mass information and awareness campaigns","A top‑down approach that uses intensive, time‑limited, and often expensive campaigns directed at the whole population to ‘educate’ the public by providing information on environmentally friendly decis...",,"","Approaches to achieving environmentally friendly behavioural change include top-down mass information and awareness campaigns directed at the whole population. These campaigns aim to 'educate' the public by providing information on environmentally friendly decisions and behaviours."
"top‑down approach","A strategy in which authorities or organisations deliver information and guidance from a central authority to the public, often criticised for misunderstanding public perceptions and not addressing un...",,"","The top-down approach has been criticised for misunderstanding public perceptions of issues. Factors that might influence a decision are often not addressed."
"environmentally friendly behavioural change","The process of altering individual attitudes and actions toward choices that reduce environmental degradation, such as changes in food consumption, energy use, and personal travel.",,"","Approaches to achieving environmentally friendly behavioural change include top-down mass information and awareness campaigns directed at the whole population."
"sustainable goods and services","Products and services perceived as environmentally sustainable, often viewed by the public as being more expensive, which can hinder their adoption.",,"","people's perception of sustainable goods and services as being more expensive; lack of awareness about how to become more sustainable; and mistrust of government bodies, environmental organisations and businesses that promote lifestyle changes."
"public understanding of climate change","The collective level of knowledge, awareness, and attitudes that the general public holds regarding the causes, impacts, and seriousness of climate change.",,"","This widespread variation in public understanding, knowledge and attitudes to climate change demonstrates that further effort needs to be made by the environmental movement, government and businesses if the mainstream are to be persuaded to change their behaviour..."
"selling the sausage approach","A marketing concept that focuses on promoting the desirable sounds and smells (the “sizzle”) rather than the product itself; applied to environmental issues, it is seen as failing to deliver the funda...",,"","In the 1940s, US salesman Elmer Wheeler advised businesses on his 'Don't sell the sausage, sell the sizzle!' marketing approach. Wheeler's secret to successful selling was not to advertise the sausage itself, but to focus on the desirable sounds and smells of the 'sizzle'... There is increasing reco..."
"value-action gap","The inconsistency where individuals' positive attitudes toward green behaviour do not translate into actual environmentally friendly actions.",,"","This inconsistent 'value-action' gap is where attitudes to green behaviour differ from actual behaviour."
"green lifestyle","A way of living that is perceived as environmentally friendly; however, there is widespread confusion about what constitutes a green lifestyle, with many people believing they already live green despi...",,"","This confusion about what a green lifestyle actually entails is evident in the responses to a 2009 UK survey on the issue. A green lifestyle was no longer seen as an alternative lifestyle by half of the respondents... the majority of respondents (61 per cent) felt it was worth doing environmentally ..."
"green heaven","A compelling, positive vision of a greener future that makes sustainable behaviour attractive and demonstrates that transitioning to a low‑carbon society improves quality of life for everyone.",,"","The challenge of the environmental movement is to communicate a vision that sells a 'green heaven'; one that puts the sizzle back into green behaviour and demonstrates that a transition to a low-carbon society ultimately means a better quality of life for everyone."
"low-carbon society","A societal model characterized by reduced carbon emissions, presented as delivering a better quality of life when achieved through sustainable transitions.",,"","The challenge of the environmental movement is to communicate a vision that sells a 'green heaven'... and demonstrates that a transition to a low-carbon society ultimately means a better quality of life for everyone."
"Consumerism","The mainstream culture of consumerism that defines twenty‑first‑century living, encompassing the values and beliefs that underpin contemporary consumer‑driven lifestyles.",,"","the values and beliefs that underpin the mainstream culture of consumerism that defines twenty-first-century living"
